facility,flood_present,flood_pct,flood_months,exclusion_present,exclusion_pct,exclusion_suffix,likelihood_present,likelihood_mean,likelihood_max,lon,lat,HEFAS_months,HEFAS_flood_days_any,HEFAS_any_flood_any,HEFAS_level_mean,HEFAS_level_max,HEFAS_min_dist_km,AI observation
3M_CO-VALLEY,0,0.0,,1,17.0,2019-12,1,18.4,49.0,-96.33793,41.30694,,0.0,False,0.0,0.0,,Low likelihood. GFM negative 0% HEFAS negative ?km web: no specific 2019 flood news found
3M_CO_-_WAUSAU_DOWNTOWN,0,0.0,,1,66.0,2019-12,1,15.8,49.0,-89.637722,44.950111,,0.0,False,0.0,0.0,,Low likelihood. GFM negative 0% HEFAS negative ?km web: no specific 2019 flood news found
3M_CO_DBA_3M_CLINTON,0,0.0,,1,81.0,2019-12,1,8.5,49.0,-84.106226,36.095239,,0.0,False,0.0,0.0,,Low likelihood. GFM negative 0% HEFAS negative ?km web: no specific 2019 flood news found
3M_Wroc_aw_IATD,0,0.0,,1,47.0,2019-12,1,24.9,49.0,17.125009,51.124939,,3.0,True,-1.3279569892473118,2.0,5.0,Medium likelihood. GFM negative 0% HEFAS positive 5km web: no specific 2019 flood news found
3P_PROCESSING_LLC,0,0.0,,1,50.0,2019-12,1,18.5,49.0,-97.383264,37.663307,,0.0,False,0.0,0.0,,Low likelihood. GFM negative 0% HEFAS negative ?km web: no specific 2019 flood news found
409_-_RED_WING_OILSEEDS_PLANT,1,1.0,2019-03_2019-05_2019-06_2019-09_2019-10_2019-11,1,70.0,2019-12,1,16.0,100.0,-92.533275,44.568294,,0.0,False,0.0,0.0,,Medium likelihood. GFM positive 1% HEFAS negative ?km web: no specific 2019 flood news found
AAON_INC,0,0.0,,1,54.0,2019-12,1,14.9,49.0,-96.015918,36.126186,,0.0,False,0.0,0.0,,Low likelihood. GFM negative 0% HEFAS negative ?km web: no specific 2019 flood news found
AAR_LANDING_GEAR_SERVICES,0,0.0,,1,45.0,2019-12,1,9.3,49.0,-80.349173,25.86385,,0.0,False,0.0,0.0,,Low likelihood. GFM negative 0% HEFAS negative ?km web: no specific 2019 flood news found
ABBOTT_LABORATORIES,0,0.0,,1,95.0,2019-12,1,3.7,45.0,-79.267743,37.130566,,0.0,False,0.0,0.0,,Low likelihood. GFM negative 0% HEFAS negative ?km web: no specific 2019 flood news found
ABB_MOTORS_MECHANICAL_INC.,0,0.0,,1,81.0,2019-12,1,10.5,49.0,-88.440849,33.478234,,0.0,False,0.0,0.0,,Low likelihood. GFM negative 0% HEFAS negative ?km web: no specific 2019 flood news found
ABB_SI_Beloeil,1,23.0,2019-01_2019-02_2019-03,1,3.0,2019-12,1,43.0,100.0,-73.227363,45.594959,,0.0,False,0.0,0.0,,Medium likelihood. GFM positive 23% HEFAS negative ?km web: no specific 2019 flood news found
ABGS0154260_Pipestone_South_Gas_Battery_14-17,1,17.0,2019-02_2019-03_2019-04_2019-05_2019-06_2019-07_2019-08_2019-09_2019-10_2019-11_2019-12,1,56.0,2019-12,1,31.5,100.0,-119.186002,55.066964,,0.0,False,0.0,0.0,,Medium likelihood. GFM positive 17% HEFAS negative ?km web: no specific 2019 flood news found
ACME_BRICK_CO-BENNETT_PLANT,0,0.0,,1,72.0,2019-12,1,9.4,49.0,-98.049458,32.718637,,0.0,False,0.0,0.0,,Low likelihood. GFM negative 0% HEFAS negative ?km web: no specific 2019 flood news found
ACRA_AEROSPACE,0,0.0,,1,58.0,2019-12,1,15.9,49.0,-117.887122,33.856405,,0.0,False,0.0,0.0,,Low likelihood. GFM negative 0% HEFAS negative ?km web: no specific 2019 flood news found
ACTAGRO_LLC,1,13.0,2019-01_2019-02_2019-04_2019-06_2019-10_2019-11_2019-12,1,17.0,2019-12,1,37.7,100.0,-89.98921,35.690089,,0.0,False,0.0,0.0,,Medium likelihood. GFM positive 13% HEFAS negative ?km web: no specific 2019 flood news found
ADM,0,0.0,,1,54.0,2019-12,1,18.6,49.0,-96.498687,41.430588,,0.0,False,0.0,0.0,,Low likelihood. GFM negative 0% HEFAS negative ?km web: no specific 2019 flood news found
ADM_ALLIANCE_NUTRITION_INC,1,3.0,2019-02_2019-03,1,29.0,2019-12,1,28.1,67.0,-99.987945,40.854695,,0.0,False,0.0,0.0,,Medium likelihood. GFM positive 3% HEFAS negative ?km web: no specific 2019 flood news found
ADM_ANIMAL_NUTRITION_INC,0,0.0,2019-01,1,5.0,2019-12,1,34.1,76.0,-97.252439,41.436602,,0.0,False,0.0,0.0,,Low likelihood. GFM negative 0% HEFAS negative ?km web: no specific 2019 flood news found
ADM_PROCESSING,0,0.0,,1,58.0,2019-12,1,19.5,49.0,-100.924817,48.062136,,0.0,False,0.0,0.0,,Low likelihood. GFM negative 0% HEFAS negative ?km web: no specific 2019 flood news found
ADM_QUINCY,0,0.0,,1,56.0,2019-12,1,19.2,49.0,-91.410563,39.903906,,0.0,False,0.0,0.0,,Low likelihood. GFM negative 0% HEFAS negative ?km web: no specific 2019 flood news found
AES_BEAVER_VALLEY_LLC,0,0.0,,1,87.0,2019-12,1,4.9,49.0,-80.349455,40.655576,,0.0,False,0.0,0.0,,Low likelihood. GFM negative 0% HEFAS negative ?km web: no specific 2019 flood news found
AES_Huntington_Beach,0,0.0,2019-12,1,33.0,2019-12,1,21.9,98.0,-117.97878,33.643568,,0.0,False,0.0,0.0,,Low likelihood. GFM negative 0% HEFAS negative ?km web: no specific 2019 flood news found
AFTON_CHEMICAL_CORP_0,0,0.0,,1,67.0,2019-12,1,17.6,49.0,-90.167423,38.602625,,0.0,False,0.0,0.0,,Low likelihood. GFM negative 0% HEFAS negative ?km web: no specific 2019 flood news found
AFTON_CHEMICAL_CORP_1,0,0.0,,1,68.0,2019-12,1,19.9,49.0,-90.172906,38.600597,,0.0,False,0.0,0.0,,Low likelihood. GFM negative 0% HEFAS negative ?km web: no specific 2019 flood news found
AGILENT_TECHNOLOGIES_INC,0,0.0,,1,79.0,2019-12,1,13.3,49.0,-121.186933,38.652821,,0.0,False,0.0,0.0,,Low likelihood. GFM negative 0% HEFAS negative ?km web: no specific 2019 flood news found
AGRANA_St_rke_GmbH,1,1.0,2019-04,1,42.0,2019-12,1,24.0,95.0,14.014991,48.362391,,3.0,True,0.007168458781362,2.0,24.6,High likelihood. GFM positive 1% HEFAS positive 25km web: no specific 2019 flood news found
AGRANA_Zucker_GmbH_0,1,4.0,2019-02_2019-04_2019-05,1,10.0,2019-12,1,41.4,100.0,16.702782,48.243038,,0.0,False,-0.6666666666666666,0.0,16.1,Medium likelihood. GFM positive 4% HEFAS negative 16km web: no specific 2019 flood news found
AGRANA_Zucker_GmbH_1,0,0.0,,1,33.0,2019-12,1,25.8,49.0,16.038455,48.324787,,1.0,True,0.0017921146953405,2.0,21.8,Medium likelihood. GFM negative 0% HEFAS positive 22km web: no specific 2019 flood news found
AGRANA_Zucker_GmbH_2,1,4.0,2019-02_2019-04_2019-05,1,10.0,2019-12,1,41.4,100.0,16.702782,48.243038,,0.0,False,-0.6666666666666666,0.0,16.1,Medium likelihood. GFM positive 4% HEFAS negative 16km web: no specific 2019 flood news found
AGRANA_Zucker_GmbH_3,0,0.0,,1,33.0,2019-12,1,25.8,49.0,16.038455,48.324787,,1.0,True,0.0017921146953405,2.0,21.8,Medium likelihood. GFM negative 0% HEFAS positive 22km web: no specific 2019 flood news found
AGRIUM_US_INC,1,3.0,2019-02_2019-03_2019-06_2019-09,1,25.0,2019-12,1,26.2,100.0,-89.569141,36.531375,,0.0,False,0.0,0.0,,Medium likelihood. GFM positive 3% HEFAS negative ?km web: no specific 2019 flood news found
AGRIUM_US_INC_KENNEWICK_FERTILIZER_OPERATION,0,0.0,,1,20.0,2019-12,1,15.3,49.0,-119.017208,46.165999,,0.0,False,0.0,0.0,,Low likelihood. GFM negative 0% HEFAS negative ?km web: no specific 2019 flood news found
AIR_LIQUIDE_FRANCE_INDUSTRIE_0,1,2.0,2019-04_2019-05,1,63.0,2019-12,1,18.9,97.0,4.769974,45.344372,,0.0,False,-1.4112903225806452,-1.0,51.1,Medium likelihood. GFM positive 2% HEFAS negative 51km web: no specific 2019 flood news found
AIR_LIQUIDE_FRANCE_INDUSTRIE_1,0,0.0,2019-04,1,60.0,2019-12,1,16.0,88.0,4.845035,45.689149,,0.0,False,-1.3307347670250895,-1.0,22.5,Low likelihood. GFM negative 0% HEFAS negative 22km web: no specific 2019 flood news found
AIR_PRODUCTS_AND_CHEMICALS_INCORPORATED,0,0.0,,1,47.0,2019-12,1,18.8,49.0,-121.398877,38.529727,,0.0,False,0.0,0.0,,Low likelihood. GFM negative 0% HEFAS negative ?km web: no specific 2019 flood news found
AIR_PRODUCTS_AND_CHEMICALS_INC_-_GARYVILLE,0,0.0,,1,99.0,2019-12,1,13.4,31.0,-90.648894,30.099607,,0.0,False,0.0,0.0,,Low likelihood. GFM negative 0% HEFAS negative ?km web: no specific 2019 flood news found
AIR_PRODUCTS_CHEMCIALS_INC_NORCO_SMR,1,12.0,2019-01_2019-03_2019-04_2019-05_2019-06_2019-07_2019-08,1,60.0,2019-12,1,24.7,100.0,-90.408777,30.016851,,0.0,False,0.0,0.0,,Medium likelihood. GFM positive 12% HEFAS negative ?km web: no specific 2019 flood news found
AIR_PRODUCTS_CHEMICALS_INC,0,0.0,,1,64.0,2019-12,1,16.7,49.0,-90.993778,30.205824,,0.0,False,0.0,0.0,,Low likelihood. GFM negative 0% HEFAS negative ?km web: no specific 2019 flood news found
AIR_PRODUCTS_CHEMICALS_INC.,0,0.0,,1,61.0,2019-12,1,11.5,49.0,-74.783366,40.191615,,0.0,False,0.0,0.0,,Low likelihood. GFM negative 0% HEFAS negative ?km web: no specific 2019 flood news found
AIR_PRODUCTS_CHEMICALS_INC_-_CONVENT_SMR,0,0.0,,1,48.0,2019-12,1,20.0,49.0,-90.884025,30.108147,,0.0,False,0.0,0.0,,Low likelihood. GFM negative 0% HEFAS negative ?km web: no specific 2019 flood news found
AIR_PRODUCTS_CHEMICALS_INC_-_GARYVILLE_SMR,0,0.0,,1,36.0,2019-12,1,18.7,49.0,-90.58815,30.062725,,0.0,False,0.0,0.0,,Low likelihood. GFM negative 0% HEFAS negative ?km web: no specific 2019 flood news found
AIR_PRODUCTS_CHEMICALS_INC_-_Geismar_SMR,0,0.0,,1,71.0,2019-12,1,17.4,49.0,-90.988438,30.183755,,0.0,False,0.0,0.0,,Low likelihood. GFM negative 0% HEFAS negative ?km web: no specific 2019 flood news found
AIR_PRODUCTS_CHEMICALS_INC_-_INDUSTRIAL_GAS_PRODUCTION_FACILITY,0,0.0,,1,45.0,2019-12,1,14.2,49.0,-89.900989,30.022174,,0.0,False,0.0,0.0,,Low likelihood. GFM negative 0% HEFAS negative ?km web: no specific 2019 flood news found
AIR_PRODUCTS_CHEMICALS_INC_LULING_SMR,0,0.0,,1,61.0,2019-12,1,18.2,49.0,-90.350777,29.921714,,0.0,False,0.0,0.0,,Low likelihood. GFM negative 0% HEFAS negative ?km web: no specific 2019 flood news found
AIR_PRODUCTS_CHEMICALS_INC_NEW_ORLEANS_LA_FACILITY,0,0.0,,1,61.0,2019-12,1,12.5,49.0,-89.900552,30.029009,,0.0,False,0.0,0.0,,Low likelihood. GFM negative 0% HEFAS negative ?km web: no specific 2019 flood news found
AJF_Northern_Processing,1,1.0,2019-03_2019-04_2019-05_2019-11,1,71.0,2019-12,1,17.1,100.0,-122.746895,53.88455,,0.0,False,0.0,0.0,,Medium likelihood. GFM positive 1% HEFAS negative ?km web: no specific 2019 flood news found
AJF_Vancouver,0,0.0,,1,61.0,2019-12,1,17.5,49.0,-122.946539,49.175235,,0.0,False,0.0,0.0,,Low likelihood. GFM negative 0% HEFAS negative ?km web: no specific 2019 flood news found
ALCOA_USA_CORP.,0,0.0,,1,50.0,2019-12,1,10.9,49.0,-74.893531,44.965841,,0.0,False,0.0,0.0,,Low likelihood. GFM negative 0% HEFAS negative ?km web: no specific 2019 flood news found
ALEXANDER_BOOSTER,0,0.0,,1,53.0,2019-12,1,21.9,49.0,-110.333545,54.407761,,0.0,False,0.0,0.0,,Low likelihood. GFM negative 0% HEFAS negative ?km web: no specific 2019 flood news found
ALLEGHENY_ENERGY_INC_ARMSTRONG_POWER_STATION,0,0.0,,1,89.0,2019-12,1,3.2,49.0,-79.467114,40.92942,,0.0,False,0.0,0.0,,Low likelihood. GFM negative 0% HEFAS negative ?km web: no specific 2019 flood news found
ALLEGHENY_ENERGY_INC_R._PAUL_SMITH_POWER_STATION,0,0.0,,1,77.0,2019-12,1,7.8,49.0,-77.827152,39.595292,,0.0,False,0.0,0.0,,Low likelihood. GFM negative 0% HEFAS negative ?km web: no specific 2019 flood news found
ALLEGHENY_LUDLUM_LLC,0,0.0,,1,94.0,2019-12,1,5.1,49.0,-79.6112,40.640039,,0.0,False,0.0,0.0,,Low likelihood. GFM negative 0% HEFAS negative ?km web: no specific 2019 flood news found
ALON_REFINING_KROTZ_SPRINGS_INC,0,0.0,,1,76.0,2019-12,1,10.3,49.0,-91.74838,30.526453,,0.0,False,0.0,0.0,,Low likelihood. GFM negative 0% HEFAS negative ?km web: no specific 2019 flood news found
AMCOR_MASONRY_PRODUCTS,0,0.0,,1,31.0,2019-12,1,23.5,49.0,-111.933443,40.837434,,0.0,False,0.0,0.0,,Low likelihood. GFM negative 0% HEFAS negative ?km web: no specific 2019 flood news found
AMEREN_CORP_GRAND_TOWER_POWER_STATION,1,12.0,2019-03_2019-04_2019-05_2019-06_2019-07_2019-10,1,56.0,2019-12,1,20.3,100.0,-89.511461,37.658355,,0.0,False,0.0,0.0,,Medium likelihood. GFM positive 12% HEFAS negative ?km web: no specific 2019 flood news found
AMEREN_MISSOURI_MERAMEC_ENERGY_CENTER,1,6.0,2019-03_2019-04_2019-05_2019-06_2019-07_2019-08_2019-10,1,59.0,2019-12,1,17.6,100.0,-90.335929,38.402148,,0.0,False,0.0,0.0,,Medium likelihood. GFM positive 6% HEFAS negative ?km web: no specific 2019 flood news found
AMEREN_MISSOURI_RUSH_ISLAND_ENERGY_CENTER,1,1.0,2019-03_2019-04_2019-05_2019-06_2019-07_2019-10,1,68.0,2019-12,1,13.4,97.0,-90.262515,38.130584,,0.0,False,0.0,0.0,,Medium likelihood. GFM positive 1% HEFAS negative ?km web: no specific 2019 flood news found
AMEREN_MISSOURI_SIOUX_ENERGY_CENTER,1,25.0,2019-04_2019-05_2019-06_2019-07_2019-09,1,30.0,2019-12,1,30.6,100.0,-90.288939,38.915017,,0.0,False,0.0,0.0,,Medium likelihood. GFM positive 25% HEFAS negative ?km web: no specific 2019 flood news found
AMERICAN_ELECTRIC_POWER_VICTORIA_POWER_STATION,0,0.0,,1,59.0,2019-12,1,21.0,49.0,-97.010522,28.789128,,0.0,False,0.0,0.0,,Low likelihood. GFM negative 0% HEFAS negative ?km web: no specific 2019 flood news found
AMERICAN_ROCK_PRODUCTS_HANFORD,0,0.0,2019-10_2019-11,1,62.0,2019-12,1,24.4,81.0,-119.293491,46.317088,,0.0,False,0.0,0.0,,Low likelihood. GFM negative 0% HEFAS negative ?km web: no specific 2019 flood news found
AMERICAN_ROCK_PRODUCTS_PASCO,1,1.0,2019-05,1,48.0,2019-12,1,19.9,93.0,-119.243944,46.274649,,0.0,False,0.0,0.0,,Medium likelihood. GFM positive 1% HEFAS negative ?km web: no specific 2019 flood news found
AMERICAN_SYNTHETIC_RUBBER_CO,1,1.0,2019-02,1,62.0,2019-12,1,16.0,91.0,-85.847439,38.209272,,0.0,False,0.0,0.0,,Medium likelihood. GFM positive 1% HEFAS negative ?km web: no specific 2019 flood news found
AMPHENOL_ANTENNA_SOLUTIONS,1,2.0,2019-02,1,64.0,2019-12,1,16.8,99.0,-89.07662,42.215023,,0.0,False,0.0,0.0,,Medium likelihood. GFM positive 2% HEFAS negative ?km web: no specific 2019 flood news found
AMVAC_CHEMICAL_CORP,1,11.0,2019-01,1,29.0,2019-12,1,25.3,100.0,-91.432363,39.831964,,0.0,False,0.0,0.0,,Medium likelihood. GFM positive 11% HEFAS negative ?km web: no specific 2019 flood news found
ANDREWS_LASER_WORKS,0,0.0,,1,86.0,2019-12,1,9.1,49.0,-84.491328,39.052728,,0.0,False,0.0,0.0,,Low likelihood. GFM negative 0% HEFAS negative ?km web: no specific 2019 flood news found
ANDRITZ_INC.,0,0.0,,1,59.0,2019-12,1,12.9,49.0,-76.791864,41.203708,,0.0,False,0.0,0.0,,Low likelihood. GFM negative 0% HEFAS negative ?km web: no specific 2019 flood news found
APAC-MISSISSIPPI_INC_COLUMBUS_ASPHALT_PLANT,0,0.0,,1,66.0,2019-12,1,10.3,49.0,-88.413893,33.476865,,0.0,False,0.0,0.0,,Low likelihood. GFM negative 0% HEFAS negative ?km web: no specific 2019 flood news found
APAC-MISSISSIPPI_PRECISION_PACKAGING,0,0.0,,1,90.0,2019-12,1,7.5,49.0,-90.207553,32.263247,,0.0,False,0.0,0.0,,Low likelihood. GFM negative 0% HEFAS negative ?km web: no specific 2019 flood news found
AQUILA._INC._-_PUEBLO_POWER_PLANT,0,0.0,,1,61.0,2019-12,1,15.2,49.0,-104.615071,38.266637,,0.0,False,0.0,0.0,,Low likelihood. GFM negative 0% HEFAS negative ?km web: no specific 2019 flood news found
ARCELORMITTAL_ATLANTIQUE_-_LORRAINE,1,7.0,2019-04_2019-05_2019-06,1,75.0,2019-12,1,21.5,100.0,2.427374,49.253723,,0.0,False,-1.4836021505376344,-1.0,45.7,Medium likelihood. GFM positive 7% HEFAS negative 46km web: no specific 2019 flood news found
ARCELORMITTAL_FRANCE,1,7.0,2019-02_2019-03_2019-10_2019-11_2019-12,1,65.0,2019-12,1,19.7,100.0,-1.653996,47.199074,,0.0,False,-1.4836021505376344,-1.0,26.8,Medium likelihood. GFM positive 7% HEFAS negative 27km web: no specific 2019 flood news found
ARCELORMITTAL_LIEGE_sa_COKE-FONTE,0,0.0,,1,86.0,2019-12,1,9.6,49.0,5.549375,50.604559,,3.0,True,-1.3250768049155146,5.0,3.1,Medium likelihood. GFM negative 0% HEFAS positive 3km web: no specific 2019 flood news found
ARCELORMITTAL_WINDSOR_A_DIVISION_OF_ARCELORMITTAL_DOFASCO_G.P.,0,0.0,,1,46.0,2019-12,1,14.9,49.0,-83.100213,42.260488,,0.0,False,0.0,0.0,,Low likelihood. GFM negative 0% HEFAS negative ?km web: no specific 2019 flood news found
ARCONIC_INC,0,0.0,2019-01,1,75.0,2019-12,1,15.4,91.0,-74.893745,44.950444,,0.0,False,0.0,0.0,,Low likelihood. GFM negative 0% HEFAS negative ?km web: no specific 2019 flood news found
ARCOSA_LW_BR_LLC_GRAVELITE,0,0.0,2019-09,1,16.0,2019-12,1,18.9,80.0,-91.418798,30.534893,,0.0,False,0.0,0.0,,Low likelihood. GFM negative 0% HEFAS negative ?km web: no specific 2019 flood news found
ARCOSA_MARINE_COMPONENTS_LLC_PLANT_-_1080_DBA_WINTECH,0,0.0,,1,57.0,2019-12,1,18.6,49.0,-93.653677,32.550981,,0.0,False,0.0,0.0,,Low likelihood. GFM negative 0% HEFAS negative ?km web: no specific 2019 flood news found
ARCOSA_MARINE_PRODUCTS_INC._PLT_75,1,23.0,2019-01_2019-02_2019-03_2019-04_2019-05_2019-06_2019-07_2019-08_2019-12,1,18.0,2019-12,1,35.0,100.0,-89.686617,36.212311,,0.0,False,0.0,0.0,,Medium likelihood. GFM positive 23% HEFAS negative ?km web: no specific 2019 flood news found
ARCOSA_MARINE_PRODUCTS_INC_PLT_1038,0,0.0,,1,86.0,2019-12,1,11.9,49.0,-90.157643,30.415273,,0.0,False,0.0,0.0,,Low likelihood. GFM negative 0% HEFAS negative ?km web: no specific 2019 flood news found
ARCOSA_MARINE_PRODUCTS_INC_PLT_1245,1,2.0,2019-01_2019-02_2019-03_2019-06,1,62.0,2019-12,1,16.1,100.0,-88.494961,37.018703,,0.0,False,0.0,0.0,,Medium likelihood. GFM positive 2% HEFAS negative ?km web: no specific 2019 flood news found
ARCOSA_MARINE_PRODUCTS_INC_PLT_296,0,0.0,,1,86.0,2019-12,1,6.8,49.0,-87.002049,36.220608,,0.0,False,0.0,0.0,,Low likelihood. GFM negative 0% HEFAS negative ?km web: no specific 2019 flood news found
ARCOSA_MARINE_PRODUCTS_INC_PLT_73,1,7.0,2019-01_2019-02_2019-03_2019-04_2019-05_2019-06_2019-07,1,27.0,2019-12,1,26.6,100.0,-89.701136,36.228416,,0.0,False,0.0,0.0,,Medium likelihood. GFM positive 7% HEFAS negative ?km web: no specific 2019 flood news found
ARKEMA,0,0.0,2019-05,1,78.0,2019-12,1,15.7,88.0,2.499929,49.279988,,0.0,False,-1.4836021505376344,-1.0,47.4,Low likelihood. GFM negative 0% HEFAS negative 47km web: no specific 2019 flood news found
ARKEMA_COATING_RESINS_0,0,0.0,,1,46.0,2019-12,1,16.4,49.0,-94.569563,39.132271,,0.0,False,0.0,0.0,,Low likelihood. GFM negative 0% HEFAS negative ?km web: no specific 2019 flood news found
ARKEMA_COATING_RESINS_1,1,2.0,2019-01_2019-02_2019-04_2019-05_2019-07_2019-08_2019-11_2019-12,1,51.0,2019-12,1,17.5,100.0,-90.447226,29.98551,,0.0,False,0.0,0.0,,Medium likelihood. GFM positive 2% HEFAS negative ?km web: no specific 2019 flood news found
ARKEMA_FRANCE,0,0.0,,1,67.0,2019-12,1,17.4,49.0,4.829996,45.704898,,0.0,False,-1.3307347670250895,-1.0,20.4,Low likelihood. GFM negative 0% HEFAS negative 20km web: no specific 2019 flood news found
ARKEMA_INC_0,1,4.0,2019-01_2019-02_2019-03_2019-05_2019-06,1,61.0,2019-12,1,18.2,100.0,-88.365749,37.056696,,0.0,False,0.0,0.0,,Medium likelihood. GFM positive 4% HEFAS negative ?km web: no specific 2019 flood news found
ARKEMA_INC_1,0,0.0,,1,68.0,2019-12,1,13.1,49.0,-94.058969,30.060218,,0.0,False,0.0,0.0,,Low likelihood. GFM negative 0% HEFAS negative ?km web: no specific 2019 flood news found
ARKEMA_INC_FRANKLIN_PLANT,0,0.0,,1,78.0,2019-12,1,12.5,49.0,-77.00129,36.652102,,0.0,False,0.0,0.0,,Low likelihood. GFM negative 0% HEFAS negative ?km web: no specific 2019 flood news found
ARKEMA_Srl_ex-Cray_Valley_Italia,1,2.0,2019-01_2019-11,1,23.0,2019-12,1,28.9,100.0,10.562044,44.896094,,32.0,True,0.105995050349889,5.0,1.2,High likelihood. GFM positive 2% HEFAS positive 1km web: no specific 2019 flood news found
ARKEMA_Usine_de_Villers_saint_Paul,1,1.0,2019-05,1,77.0,2019-12,1,16.3,88.0,2.509928,49.290071,,0.0,False,-1.4836021505376344,-1.0,46.1,Medium likelihood. GFM positive 1% HEFAS negative 46km web: no specific 2019 flood news found
ARMSTRONG_WORLD_INDUSTRIES_INC_MILLWOOD_WV,0,0.0,,1,71.0,2019-12,1,8.6,49.0,-81.837235,38.908438,,0.0,False,0.0,0.0,,Low likelihood. GFM negative 0% HEFAS negative ?km web: no specific 2019 flood news found
ASH_GROVE_CEMENT_CO,0,0.0,,1,52.0,2019-12,1,17.8,49.0,-122.780838,45.623432,,0.0,False,0.0,0.0,,Low likelihood. GFM negative 0% HEFAS negative ?km web: no specific 2019 flood news found
ASSA_ABLOY_Australia,0,0.0,,1,65.0,2019-12,1,13.5,49.0,152.991069,-27.534406,,0.0,False,0.0,0.0,,Low likelihood. GFM negative 0% HEFAS negative ?km web: no specific 2019 flood news found
ASTEC,0,0.0,,1,83.0,2019-12,1,8.7,49.0,-85.288269,34.984113,,0.0,False,0.0,0.0,,Low likelihood. GFM negative 0% HEFAS negative ?km web: no specific 2019 flood news found
ASTEC_-_MANUFACTURERS_ROAD,0,0.0,,1,66.0,2019-12,1,11.3,49.0,-85.329045,35.054503,,0.0,False,0.0,0.0,,Low likelihood. GFM negative 0% HEFAS negative ?km web: no specific 2019 flood news found
ASTEC_INC,0,0.0,,1,76.0,2019-12,1,12.0,49.0,-85.300472,34.996324,,0.0,False,0.0,0.0,,Low likelihood. GFM negative 0% HEFAS negative ?km web: no specific 2019 flood news found
ASTRONICS_PECO_GROUP,1,1.0,2019-02_2019-04,1,64.0,2019-12,1,13.2,98.0,-122.648332,45.488562,,0.0,False,0.0,0.0,,Medium likelihood. GFM positive 1% HEFAS negative ?km web: no specific 2019 flood news found
ATI_FLAT_ROLLED_PRODUCTS_HOLDINGS_LLC,0,0.0,,1,85.0,2019-12,1,4.6,49.0,-79.729069,40.608046,,0.0,False,0.0,0.0,,Low likelihood. GFM negative 0% HEFAS negative ?km web: no specific 2019 flood news found
ATMORE_01-29,1,13.0,2019-04_2019-12,1,33.0,2019-12,1,31.9,100.0,-112.554543,54.821777,,0.0,False,0.0,0.0,,Medium likelihood. GFM positive 13% HEFAS negative ?km web: no specific 2019 flood news found
AUSTIN_SOUTH_PLANT,0,0.0,,1,69.0,2019-12,1,12.6,49.0,-97.682094,30.248177,,0.0,False,0.0,0.0,,Low likelihood. GFM negative 0% HEFAS negative ?km web: no specific 2019 flood news found
AUTO_WAX_CO,1,4.0,2019-05,1,59.0,2019-12,1,18.1,100.0,-96.883711,32.833637,,0.0,False,0.0,0.0,,Medium likelihood. GFM positive 4% HEFAS negative ?km web: no specific 2019 flood news found
AXIALL_LLC,0,0.0,,1,38.0,2019-12,1,22.5,49.0,-91.185788,30.26223,,0.0,False,0.0,0.0,,Low likelihood. GFM negative 0% HEFAS negative ?km web: no specific 2019 flood news found
AZZ_GALVANIZING-TULSA,0,0.0,,1,42.0,2019-12,1,15.9,49.0,-96.014559,36.133376,,0.0,False,0.0,0.0,,Low likelihood. GFM negative 0% HEFAS negative ?km web: no specific 2019 flood news found
AZZ_GALVANIZING_-_CHATTANOOGA_LLC,1,8.0,2019-01_2019-02_2019-03_2019-09,1,73.0,2019-12,1,17.3,100.0,-85.638235,35.048369,,0.0,False,0.0,0.0,,Medium likelihood. GFM positive 8% HEFAS negative ?km web: no specific 2019 flood news found
AZZ_GALVANIZING_-_MORGAN_CITY,0,0.0,,1,66.0,2019-12,1,12.7,49.0,-91.269796,29.691084,,0.0,False,0.0,0.0,,Low likelihood. GFM negative 0% HEFAS negative ?km web: no specific 2019 flood news found
AZZ_GALVANIZING_SERVICES-MOSS_POINT,0,0.0,,1,47.0,2019-12,1,13.7,49.0,-88.541656,30.433357,,0.0,False,0.0,0.0,,Low likelihood. GFM negative 0% HEFAS negative ?km web: no specific 2019 flood news found
A_B_Paterson,0,0.0,,1,49.0,2019-12,1,14.4,49.0,-90.02577,30.015756,,0.0,False,0.0,0.0,,Low likelihood. GFM negative 0% HEFAS negative ?km web: no specific 2019 flood news found
Aerostructures_Division,0,0.0,,1,65.0,2019-12,1,18.4,49.0,-122.945265,49.150082,,0.0,False,0.0,0.0,,Low likelihood. GFM negative 0% HEFAS negative ?km web: no specific 2019 flood news found
Air_Products_-_Geismar_3_HYCO,0,0.0,,1,51.0,2019-12,1,16.1,49.0,-91.017511,30.196411,,0.0,False,0.0,0.0,,Low likelihood. GFM negative 0% HEFAS negative ?km web: no specific 2019 flood news found
Air_Products_Nederland_BV_Botlek,0,0.0,,1,54.0,2019-12,1,24.1,49.0,4.259337,51.878949,,0.0,False,-2.0,-2.0,83.8,Low likelihood. GFM negative 0% HEFAS negative 84km web: no specific 2019 flood news found
Air_Products_Nederland_BV_Pernis__0,0,0.0,,1,67.0,2019-12,1,26.4,49.0,4.329968,51.888516,,0.0,False,-2.0,-2.0,83.0,Low likelihood. GFM negative 0% HEFAS negative 83km web: no specific 2019 flood news found
Air_Products_Nederland_BV_Pernis__1,0,0.0,,1,67.0,2019-12,1,26.4,49.0,4.329968,51.888516,,0.0,False,-2.0,-2.0,83.0,Low likelihood. GFM negative 0% HEFAS negative 83km web: no specific 2019 flood news found
Air_Products_and_Chemicals._Inc.,0,0.0,,1,85.0,2019-12,1,10.2,49.0,-84.503879,39.182943,,0.0,False,0.0,0.0,,Low likelihood. GFM negative 0% HEFAS negative ?km web: no specific 2019 flood news found
Air_Products_and_Chemicals_Inc._Luling_SMR_Facility,0,0.0,,1,58.0,2019-12,1,18.5,49.0,-90.346951,29.930631,,0.0,False,0.0,0.0,,Low likelihood. GFM negative 0% HEFAS negative ?km web: no specific 2019 flood news found
Airbus_Helicopters_Deutschland_GmbH,1,3.0,2019-05,1,48.0,2019-12,1,23.6,100.0,10.771044,48.711019,,16.0,True,0.0483870967741935,4.0,2.2,High likelihood. GFM positive 3% HEFAS positive 2km web: no specific 2019 flood news found
Airbus_Operations_GmbH_0,0,0.0,,1,43.0,2019-12,1,19.5,49.0,9.837118,53.541647,,25.0,True,0.1027308414405188,4.0,8.8,Medium likelihood. GFM negative 0% HEFAS positive 9km web: No clear 2019 Hamburg flood news; possible minor/local event.
Airbus_Operations_GmbH_1,0,0.0,,1,43.0,2019-12,1,19.5,49.0,9.837118,53.541647,,25.0,True,0.1027308414405188,4.0,8.8,Medium likelihood. GFM negative 0% HEFAS positive 9km web: No clear 2019 Hamburg flood news; possible minor/local event.
Akuinu_04-06,0,0.0,2019-05,1,37.0,2019-12,1,19.7,100.0,-114.302886,54.763581,,0.0,False,0.0,0.0,,Low likelihood. GFM negative 0% HEFAS negative ?km web: no specific 2019 flood news found
AkzoNobel_Wood_Coatings_Winnipeg,0,0.0,,1,37.0,2019-12,1,22.8,49.0,-97.173123,49.842088,,0.0,False,0.0,0.0,,Low likelihood. GFM negative 0% HEFAS negative ?km web: no specific 2019 flood news found
Akzo_Nobel_Pty_Limited,0,0.0,,1,73.0,2019-12,1,9.6,49.0,153.012789,-27.510153,,0.0,False,0.0,0.0,,Low likelihood. GFM negative 0% HEFAS negative ?km web: no specific 2019 flood news found
Antero_Midstream_LLC-_160A_Basin,0,0.0,,1,69.0,2019-12,1,12.2,49.0,-105.000783,39.75199,,0.0,False,0.0,0.0,,Low likelihood. GFM negative 0% HEFAS negative ?km web: no specific 2019 flood news found
Antero_Midstream_LLC-_160_Basin,0,0.0,,1,69.0,2019-12,1,12.2,49.0,-105.000783,39.75199,,0.0,False,0.0,0.0,,Low likelihood. GFM negative 0% HEFAS negative ?km web: no specific 2019 flood news found
Antero_Resources_-_160_-_Appalachian_Basin_Utica,0,0.0,,1,70.0,2019-12,1,12.3,49.0,-105.000219,39.754111,,0.0,False,0.0,0.0,,Low likelihood. GFM negative 0% HEFAS negative ?km web: no specific 2019 flood news found
Appalachian_Facility,0,0.0,,1,84.0,2019-12,1,7.5,49.0,-81.633248,38.350834,,0.0,False,0.0,0.0,,Low likelihood. GFM negative 0% HEFAS negative ?km web: no specific 2019 flood news found
ArcelorMittal_Bremen_GmbH,0,0.0,,1,45.0,2019-12,1,24.8,49.0,8.686797,53.124918,,3.0,True,0.0134408602150537,3.0,1.8,Medium likelihood. GFM negative 0% HEFAS positive 2km web: no specific 2019 flood news found
ArcelorMittal_Bremen_GmbH_BREMA_Walzwerk_GmbH,0,0.0,,1,45.0,2019-12,1,24.8,49.0,8.686797,53.124918,,3.0,True,0.0134408602150537,3.0,1.8,Medium likelihood. GFM negative 0% HEFAS positive 2km web: no specific 2019 flood news found
ArcelorMittal_Contrecoeur_Est,1,2.0,2019-03_2019-04_2019-05_2019-06,0,0.0,2019-12,1,17.2,100.0,-73.261026,45.83366,,0.0,False,0.0,0.0,,Medium likelihood. GFM positive 2% HEFAS negative ?km web: no specific 2019 flood news found
ArcelorMittal_Hamburg_GmbH,0,0.0,,1,66.0,2019-12,1,22.4,49.0,9.898327,53.523012,,25.0,True,0.100878989588667,4.0,5.4,Medium likelihood. GFM negative 0% HEFAS positive 5km web: no specific 2019 flood news found
ArcelorMittal_Hochfeld_GmbH,1,5.0,2019-03_2019-12,1,59.0,2019-12,1,22.5,100.0,6.748439,51.4133,,2.0,True,0.003584229390681,2.0,4.9,High likelihood. GFM positive 5% HEFAS positive 5km web: no specific 2019 flood news found
Archer_Daniels_Midland_Europoort_BV_ADM,0,0.0,2019-01,1,48.0,2019-12,1,32.5,83.0,4.122492,51.955936,,0.0,False,-2.0,-2.0,95.6,Low likelihood. GFM negative 0% HEFAS negative 96km web: no specific 2019 flood news found
Ardmore_05-21,1,1.0,2019-07,1,35.0,2019-12,1,33.4,91.0,-110.402011,54.375224,,0.0,False,0.0,0.0,,Medium likelihood. GFM positive 1% HEFAS negative ?km web: no specific 2019 flood news found
Ardmore_Compressor_Station_03-01-063-03W4,0,0.0,,1,65.0,2019-12,1,22.3,49.0,-110.326374,54.414341,,0.0,False,0.0,0.0,,Low likelihood. GFM negative 0% HEFAS negative ?km web: no specific 2019 flood news found
Arkema_B.V._Location_Brummen,1,4.0,2019-01_2019-03_2019-04_2019-05,1,24.0,2019-12,1,31.7,100.0,6.153878,52.103043,,0.0,False,0.0,0.0,29.0,Medium likelihood. GFM positive 4% HEFAS negative 29km web: no specific 2019 flood news found
Arkema_B.V._location_Rotterdam_0,0,0.0,,1,68.0,2019-12,1,24.9,49.0,4.335726,51.88979,,0.0,False,-2.0,-2.0,83.0,Low likelihood. GFM negative 0% HEFAS negative 83km web: no specific 2019 flood news found
Arkema_B.V._location_Rotterdam_1,0,0.0,,1,68.0,2019-12,1,24.9,49.0,4.335726,51.88979,,0.0,False,-2.0,-2.0,83.0,Low likelihood. GFM negative 0% HEFAS negative 83km web: no specific 2019 flood news found
Arsenal_Hill_Power_Plant,0,0.0,,1,73.0,2019-12,1,14.8,49.0,-93.761093,32.518036,,0.0,False,0.0,0.0,,Low likelihood. GFM negative 0% HEFAS negative ?km web: no specific 2019 flood news found
Aufwind_Schmack_Els__Biog_z_Szolg_ltat_Kft.,1,7.0,2019-04_2019-05,1,3.0,2019-12,1,40.5,98.0,20.623781,46.857621,,11.0,True,-0.6462962962962963,2.0,7.8,High likelihood. GFM positive 7% HEFAS positive 8km web: no specific 2019 flood news found
Aurubis_AG,0,0.0,2019-01,1,63.0,2019-12,1,21.9,49.0,10.034982,53.518009,,22.0,True,0.0484681686294589,4.0,5.3,Medium likelihood. GFM negative 0% HEFAS positive 5km web: no specific 2019 flood news found
Avista_Corporation,0,0.0,,1,67.0,2019-12,1,15.2,49.0,-117.389947,47.659993,,0.0,False,0.0,0.0,,Low likelihood. GFM negative 0% HEFAS negative ?km web: no specific 2019 flood news found
Avista_Corporation-OR,0,0.0,,1,67.0,2019-12,1,15.2,49.0,-117.389947,47.659993,,0.0,False,0.0,0.0,,Low likelihood. GFM negative 0% HEFAS negative ?km web: no specific 2019 flood news found
Avista_Corporation-WA,0,0.0,,1,67.0,2019-12,1,15.2,49.0,-117.389947,47.659993,,0.0,False,0.0,0.0,,Low likelihood. GFM negative 0% HEFAS negative ?km web: no specific 2019 flood news found
Axiall._LLC,0,0.0,,1,36.0,2019-12,1,19.6,49.0,-91.18422,30.265373,,0.0,False,0.0,0.0,,Low likelihood. GFM negative 0% HEFAS negative ?km web: no specific 2019 flood news found
BALDWIN_FILTERS_INC,1,6.0,2019-01_2019-02_2019-03,1,17.0,2019-12,1,34.5,100.0,-97.345945,42.887143,,0.0,False,0.0,0.0,,Medium likelihood. GFM positive 6% HEFAS negative ?km web: no specific 2019 flood news found
BALL_METAL_FOOD_CONTAINER_LLC,0,0.0,,1,79.0,2019-12,1,5.8,49.0,-80.623047,40.388705,,0.0,False,0.0,0.0,,Low likelihood. GFM negative 0% HEFAS negative ?km web: no specific 2019 flood news found
BALL_PACKAGING_PRODUCTS_CANADA_CORP._RICHMOND,1,9.0,2019-02_2019-09_2019-10_2019-11,1,52.0,2019-12,1,24.4,100.0,-123.070374,49.198561,,0.0,False,0.0,0.0,,Medium likelihood. GFM positive 9% HEFAS negative ?km web: no specific 2019 flood news found
BANTA_TERMINAL_CHEVRON_PRODUCTS_CO,0,0.0,,1,10.0,2019-12,1,27.2,49.0,-121.348079,37.750904,,0.0,False,0.0,0.0,,Low likelihood. GFM negative 0% HEFAS negative ?km web: no specific 2019 flood news found
BARRY_STEAM_PLANT,0,0.0,,1,74.0,2019-12,1,12.3,49.0,-88.014127,31.0043,,0.0,False,0.0,0.0,,Low likelihood. GFM negative 0% HEFAS negative ?km web: no specific 2019 flood news found
BASF_AGRI-PRODUCTION_SAS,0,0.0,,1,78.0,2019-12,1,12.5,49.0,1.003135,49.307961,,0.0,False,-1.488231780167264,-1.0,15.7,Low likelihood. GFM negative 0% HEFAS negative 16km web: no specific 2019 flood news found
BASF_CORP_-_FREEPORT_SITE,0,0.0,,1,59.0,2019-12,1,12.3,49.0,-95.399766,29.002078,,0.0,False,0.0,0.0,,Low likelihood. GFM negative 0% HEFAS negative ?km web: no specific 2019 flood news found
BASF_CORP_-_HANNIBAL_SITE,1,9.0,2019-01,1,33.0,2019-12,1,21.7,100.0,-91.436807,39.834132,,0.0,False,0.0,0.0,,Medium likelihood. GFM positive 9% HEFAS negative ?km web: no specific 2019 flood news found
BASF_CORP_-_HARBOR_TERM_INAL,0,0.0,2019-05,1,41.0,2019-12,1,18.9,82.0,-95.33841,28.936194,,0.0,False,0.0,0.0,,Low likelihood. GFM negative 0% HEFAS negative ?km web: no specific 2019 flood news found
BASF_CORP_-_PORT_ALLEN_WO_RKS,1,1.0,2019-04_2019-05,1,27.0,2019-12,1,25.6,93.0,-91.226879,30.498897,,0.0,False,0.0,0.0,,Medium likelihood. GFM positive 1% HEFAS negative ?km web: no specific 2019 flood news found
BASF_CORP_-_VIDALIA_WORKS,1,1.0,2019-03_2019-05_2019-07_2019-09_2019-10,1,32.0,2019-12,1,19.6,100.0,-91.446959,31.550912,,0.0,False,0.0,0.0,,Medium likelihood. GFM positive 1% HEFAS negative ?km web: no specific 2019 flood news found
BASF_CORP_0,0,0.0,,1,83.0,2019-12,1,12.3,49.0,-75.085759,40.832312,,0.0,False,0.0,0.0,,Low likelihood. GFM negative 0% HEFAS negative ?km web: no specific 2019 flood news found
BASF_CORP_1,0,0.0,,1,83.0,2019-12,1,5.1,49.0,-80.347452,40.660539,,0.0,False,0.0,0.0,,Low likelihood. GFM negative 0% HEFAS negative ?km web: no specific 2019 flood news found
BASF_CORP_10,0,0.0,,1,60.0,2019-12,1,14.7,49.0,-117.851542,33.822957,,0.0,False,0.0,0.0,,Low likelihood. GFM negative 0% HEFAS negative ?km web: no specific 2019 flood news found
BASF_CORP_2,1,2.0,2019-02_2019-04,1,77.0,2019-12,1,10.4,98.0,-75.277271,39.889033,,0.0,False,0.0,0.0,,Medium likelihood. GFM positive 2% HEFAS negative ?km web: no specific 2019 flood news found
BASF_CORP_3,0,0.0,,1,82.0,2019-12,1,8.6,49.0,-87.981933,31.264109,,0.0,False,0.0,0.0,,Low likelihood. GFM negative 0% HEFAS negative ?km web: no specific 2019 flood news found
BASF_CORP_4,0,0.0,,1,69.0,2019-12,1,10.6,49.0,-85.258936,35.093039,,0.0,False,0.0,0.0,,Low likelihood. GFM negative 0% HEFAS negative ?km web: no specific 2019 flood news found
BASF_CORP_5,0,0.0,,1,68.0,2019-12,1,15.6,49.0,-85.803285,38.272271,,0.0,False,0.0,0.0,,Low likelihood. GFM negative 0% HEFAS negative ?km web: no specific 2019 flood news found
BASF_CORP_6,0,0.0,,1,84.0,2019-12,1,10.6,49.0,-84.504137,39.178251,,0.0,False,0.0,0.0,,Low likelihood. GFM negative 0% HEFAS negative ?km web: no specific 2019 flood news found
BASF_CORP_7,0,0.0,2019-06,1,81.0,2019-12,1,11.5,88.0,-90.457936,38.560805,,0.0,False,0.0,0.0,,Low likelihood. GFM negative 0% HEFAS negative ?km web: no specific 2019 flood news found
BASF_CORP_8,0,0.0,,1,66.0,2019-12,1,15.5,49.0,-91.003569,30.197852,,0.0,False,0.0,0.0,,Low likelihood. GFM negative 0% HEFAS negative ?km web: no specific 2019 flood news found
BASF_CORP_9,1,40.0,2019-01_2019-02_2019-03_2019-04_2019-05_2019-06_2019-07_2019-08,1,32.0,2019-12,1,48.1,100.0,-90.096853,35.136103,,0.0,False,0.0,0.0,,Medium likelihood. GFM positive 40% HEFAS negative ?km web: 2019 Midwestern U.S. floods (Mississippi/Missouri) https://en.wikipedia.org/wiki/2019_Midwestern_U.S._floods
BASF_Catalysts_Germany_GmbH_Adsorbentien,1,10.0,2019-04_2019-05_2019-06,1,37.0,2019-12,1,30.7,100.0,9.205465,52.656178,,0.0,False,-0.0037037037037037,0.0,1.3,Medium likelihood. GFM positive 10% HEFAS negative 1km web: no specific 2019 flood news found
BASF_ESPA_OLA_CASTELLBISBAL,0,0.0,,1,82.0,2019-12,1,10.6,49.0,1.990026,41.444975,,4.0,True,0.0108721624850657,5.0,6.3,Medium likelihood. GFM negative 0% HEFAS positive 6km web: no specific 2019 flood news found
BASF_EX_COGNIS_FRANCE_SIDOBRE_SINNOVA,1,4.0,2019-04_2019-05_2019-06,1,73.0,2019-12,1,18.3,100.0,2.927342,48.948508,,0.0,False,-1.4836021505376344,-1.0,41.7,Medium likelihood. GFM positive 4% HEFAS negative 42km web: no specific 2019 flood news found
BASF_Lampertheim_GmbH,1,22.0,2019-02_2019-03_2019-05_2019-06,1,22.0,2019-12,1,38.4,100.0,8.44022,49.618351,,0.0,False,0.0,0.0,4.8,Medium likelihood. GFM positive 22% HEFAS negative 5km web: no specific 2019 flood news found
BASF_NORTH_GEISMAR_SITE,0,0.0,2019-08,1,53.0,2019-12,1,16.2,88.0,-91.009474,30.187613,,0.0,False,0.0,0.0,,Low likelihood. GFM negative 0% HEFAS negative ?km web: no specific 2019 flood news found
BASF_Nederland_B.V._De_Meern,0,0.0,2019-05,1,32.0,2019-12,1,28.3,81.0,5.05384,52.074713,,0.0,False,-1.3333333333333333,0.0,76.9,Low likelihood. GFM negative 0% HEFAS negative 77km web: no specific 2019 flood news found
BASF_SE,0,0.0,2019-05,1,61.0,2019-12,1,22.1,88.0,8.445943,49.524696,,0.0,False,0.0,0.0,7.8,Low likelihood. GFM negative 0% HEFAS negative 8km web: no specific 2019 flood news found
BATH_IRON_WORKS,1,2.0,2019-01_2019-02_2019-03_2019-04_2019-05_2019-06_2019-07_2019-08_2019-09_2019-10_2019-11_2019-12,1,63.0,2019-12,1,14.3,100.0,-69.814932,43.909985,,0.0,False,0.0,0.0,,Medium likelihood. GFM positive 2% HEFAS negative ?km web: no specific 2019 flood news found
BAXTER_HEALTHCARE_CORP.,1,4.0,2019-09_2019-10,1,28.0,2019-12,1,29.2,98.0,-90.71697,33.764514,,0.0,False,0.0,0.0,,Medium likelihood. GFM positive 4% HEFAS negative ?km web: no specific 2019 flood news found
BAYER_CROPSCIENCE,1,1.0,2019-05_2019-06,1,66.0,2019-12,1,14.5,95.0,-94.473436,39.121427,,0.0,False,0.0,0.0,,Medium likelihood. GFM positive 1% HEFAS negative ?km web: no specific 2019 flood news found
BAYER_CROPSCIENCE_LP_0,1,7.0,2019-03_2019-04_2019-05_2019-06_2019-08_2019-10_2019-11,1,38.0,2019-12,1,25.5,100.0,-91.081684,41.350415,,0.0,False,0.0,0.0,,Medium likelihood. GFM positive 7% HEFAS negative ?km web: no specific 2019 flood news found
BAYER_CROPSCIENCE_LP_1,0,0.0,,1,56.0,2019-12,1,18.9,49.0,-90.352159,29.924445,,0.0,False,0.0,0.0,,Low likelihood. GFM negative 0% HEFAS negative ?km web: no specific 2019 flood news found
BCP_INGREDIENTS_INC,0,0.0,,1,67.0,2019-12,1,17.6,49.0,-91.088862,30.249103,,0.0,False,0.0,0.0,,Low likelihood. GFM negative 0% HEFAS negative ?km web: no specific 2019 flood news found
BC_COBB_GENERATING_PLANT,0,0.0,,1,50.0,2019-12,1,12.7,49.0,-86.241823,43.254966,,0.0,False,0.0,0.0,,Low likelihood. GFM negative 0% HEFAS negative ?km web: no specific 2019 flood news found
BEACON_COLONY_01-13,1,1.0,2019-06_2019-10_2019-11_2019-12,1,59.0,2019-12,1,26.2,100.0,-109.614042,54.356376,,0.0,False,0.0,0.0,,Medium likelihood. GFM positive 1% HEFAS negative ?km web: no specific 2019 flood news found
BEACON_HILL_NORTH_13-23,1,1.0,2019-10_2019-12,1,62.0,2019-12,1,23.4,100.0,-109.808333,54.294449,,0.0,False,0.0,0.0,,Medium likelihood. GFM positive 1% HEFAS negative ?km web: no specific 2019 flood news found
BECTON_DICKINSON_CO,0,0.0,2019-01_2019-03,1,15.0,2019-12,1,30.4,86.0,-97.319424,41.435934,,0.0,False,0.0,0.0,,Low likelihood. GFM negative 0% HEFAS negative ?km web: no specific 2019 flood news found
BEHR_PROCESS_CORP_-_ALTON,0,0.0,,1,56.0,2019-12,1,19.1,49.0,-117.890413,33.703655,,0.0,False,0.0,0.0,,Low likelihood. GFM negative 0% HEFAS negative ?km web: no specific 2019 flood news found
BEHR_PROCESS_CORP_-_GARRY_YALE,0,0.0,,1,52.0,2019-12,1,18.6,49.0,-117.9157,33.705646,,0.0,False,0.0,0.0,,Low likelihood. GFM negative 0% HEFAS negative ?km web: no specific 2019 flood news found
BELLEMEADE_POWER_STATION,0,0.0,,1,77.0,2019-12,1,10.3,49.0,-77.432213,37.496706,,0.0,False,0.0,0.0,,Low likelihood. GFM negative 0% HEFAS negative ?km web: no specific 2019 flood news found
BELTON_READY_MIX,0,0.0,,1,57.0,2019-12,1,18.0,49.0,-97.441725,31.053024,,0.0,False,0.0,0.0,,Low likelihood. GFM negative 0% HEFAS negative ?km web: no specific 2019 flood news found
BENTONITE_PERFORMANCE_MINERALS-COLONY,0,0.0,2019-03,1,52.0,2019-12,1,20.9,70.0,-103.851733,44.68111,,0.0,False,0.0,0.0,,Low likelihood. GFM negative 0% HEFAS negative ?km web: no specific 2019 flood news found
BETHLEHEM_ENERGY_CENTER,0,0.0,,1,75.0,2019-12,1,9.4,49.0,-73.761113,42.593679,,0.0,False,0.0,0.0,,Low likelihood. GFM negative 0% HEFAS negative ?km web: no specific 2019 flood news found
BF_GOODRICH_TIRE_MANUFACTURING_0,0,0.0,,1,18.0,2019-12,1,24.3,49.0,-84.904627,41.135795,,0.0,False,0.0,0.0,,Low likelihood. GFM negative 0% HEFAS negative ?km web: no specific 2019 flood news found
BF_GOODRICH_TIRE_MANUFACTURING_1,0,0.0,,1,18.0,2019-12,1,24.4,49.0,-84.905138,41.136223,,0.0,False,0.0,0.0,,Low likelihood. GFM negative 0% HEFAS negative ?km web: no specific 2019 flood news found
BIC_CONSUMER_PRODUCTS_MANUFACTURING_CO_INC,0,0.0,,1,81.0,2019-12,1,12.1,49.0,-73.101437,41.221282,,0.0,False,0.0,0.0,,Low likelihood. GFM negative 0% HEFAS negative ?km web: no specific 2019 flood news found
BIG_HEART_PET_BRANDS,0,0.0,,1,22.0,2019-12,1,18.1,49.0,-95.724966,39.086672,,0.0,False,0.0,0.0,,Low likelihood. GFM negative 0% HEFAS negative ?km web: no specific 2019 flood news found
BIG_HEART_PET_BRANDS_INC,0,0.0,,1,77.0,2019-12,1,11.1,49.0,-76.345516,41.026052,,0.0,False,0.0,0.0,,Low likelihood. GFM negative 0% HEFAS negative ?km web: no specific 2019 flood news found
BIG_RIVER_LANDFILL,1,7.0,2019-04_2019-05_2019-09_2019-10,1,30.0,2019-12,1,35.9,100.0,-90.906635,33.395555,,0.0,False,0.0,0.0,,Medium likelihood. GFM positive 7% HEFAS negative ?km web: no specific 2019 flood news found
BLACK_HILLS_ENERGY_-_WN_CLARK_STAT_ION,0,0.0,,1,73.0,2019-12,1,15.1,49.0,-105.250714,38.434721,,0.0,False,0.0,0.0,,Low likelihood. GFM negative 0% HEFAS negative ?km web: no specific 2019 flood news found
BLANCHARD_TERMINAL_CO_-_JACKSONVILLE_FL_TERMINAL,0,0.0,,1,48.0,2019-12,1,9.0,49.0,-81.60544,30.414363,,0.0,False,0.0,0.0,,Low likelihood. GFM negative 0% HEFAS negative ?km web: no specific 2019 flood news found
BLANCHETT_11-32,0,0.0,,1,53.0,2019-12,1,23.8,49.0,-113.31117,56.844216,,0.0,False,0.0,0.0,,Low likelihood. GFM negative 0% HEFAS negative ?km web: no specific 2019 flood news found
BLIND_RIVER_REFINERY,0,0.0,,1,67.0,2019-12,1,11.6,49.0,-83.017184,46.179914,,0.0,False,0.0,0.0,,Low likelihood. GFM negative 0% HEFAS negative ?km web: no specific 2019 flood news found
BLUESCOPE_BUILDINGS_N.A._INC.,1,4.0,2019-03_2019-04_2019-05_2019-06_2019-10_2019-11_2019-12,1,30.0,2019-12,1,21.8,99.0,-94.891947,39.718829,,0.0,False,0.0,0.0,,Medium likelihood. GFM positive 4% HEFAS negative ?km web: no specific 2019 flood news found
BLUE_CUBE_OPERATIONS_LLC_-_PLAQUEMINE_SITE,0,0.0,2019-05_2019-06_2019-07,1,56.0,2019-12,1,18.5,100.0,-91.240577,30.313912,,0.0,False,0.0,0.0,,Low likelihood. GFM negative 0% HEFAS negative ?km web: no specific 2019 flood news found
BMW_Werk_02.10,1,1.0,2019-05,1,5.0,2019-12,1,21.5,99.0,12.492285,48.638959,,3.0,True,0.007168458781362,3.0,15.3,High likelihood. GFM positive 1% HEFAS positive 15km web: no specific 2019 flood news found
BMW_Werk_4.1_Ergolding,1,1.0,2019-04_2019-05,1,54.0,2019-12,1,21.6,98.0,12.151553,48.561315,,11.0,True,0.0366103430619559,4.0,4.0,High likelihood. GFM positive 1% HEFAS positive 4km web: no specific 2019 flood news found
BMW_Werk_4.1_Landshut,0,0.0,2019-04_2019-05,1,54.0,2019-12,1,21.2,71.0,12.149918,48.560138,,11.0,True,0.0366103430619559,4.0,3.8,Medium likelihood. GFM negative 0% HEFAS positive 4km web: no specific 2019 flood news found
BMW_Werk_Dingolfing_02.10,1,1.0,2019-05,1,5.0,2019-12,1,21.5,99.0,12.492151,48.638945,,3.0,True,0.007168458781362,3.0,15.3,High likelihood. GFM positive 1% HEFAS positive 15km web: no specific 2019 flood news found
BOISE_WHITE_PAPER_LLC,1,4.0,2019-04_2019-10_2019-11,1,32.0,2019-12,1,15.0,98.0,-118.918397,46.104017,,0.0,False,0.0,0.0,,Medium likelihood. GFM positive 4% HEFAS negative ?km web: no specific 2019 flood news found
BPXA_GATHERING_CENTER_1_0,1,16.0,2019-05_2019-06_2019-07_2019-08_2019-11_2019-12,1,18.0,2019-12,1,40.0,100.0,-148.729518,70.306012,,0.0,False,0.0,0.0,,Medium likelihood. GFM positive 16% HEFAS negative ?km web: no specific 2019 flood news found
BPXA_GATHERING_CENTER_1_1,1,16.0,2019-05_2019-06_2019-07_2019-08_2019-11_2019-12,1,18.0,2019-12,1,40.0,100.0,-148.729518,70.306012,,0.0,False,0.0,0.0,,Medium likelihood. GFM positive 16% HEFAS negative ?km web: no specific 2019 flood news found
BPXA_GATHERING_CENTER_2_0,1,6.0,2019-05_2019-06_2019-07_2019-08_2019-10_2019-11_2019-12,1,29.0,2019-12,1,35.1,100.0,-148.862785,70.31087,,0.0,False,0.0,0.0,,Medium likelihood. GFM positive 6% HEFAS negative ?km web: no specific 2019 flood news found
BPXA_GATHERING_CENTER_2_1,1,6.0,2019-05_2019-06_2019-07_2019-08_2019-10_2019-11_2019-12,1,29.0,2019-12,1,35.1,100.0,-148.862785,70.31087,,0.0,False,0.0,0.0,,Medium likelihood. GFM positive 6% HEFAS negative ?km web: no specific 2019 flood news found
BPXA_GATHERING_CENTER_3,1,15.0,2019-05_2019-06_2019-07_2019-08_2019-11_2019-12,1,15.0,2019-12,1,41.2,100.0,-148.683806,70.283915,,0.0,False,0.0,0.0,,Medium likelihood. GFM positive 15% HEFAS negative ?km web: no specific 2019 flood news found
BRISTOL_METALS_LLC_-_MUNHALL_PLANT,0,0.0,,1,87.0,2019-12,1,4.2,49.0,-79.891727,40.409074,,0.0,False,0.0,0.0,,Low likelihood. GFM negative 0% HEFAS negative ?km web: no specific 2019 flood news found
BRITTAIN_MACHINE_INC,0,0.0,,1,53.0,2019-12,1,17.7,49.0,-97.379925,37.648707,,0.0,False,0.0,0.0,,Low likelihood. GFM negative 0% HEFAS negative ?km web: no specific 2019 flood news found
BURAS,0,0.0,,1,27.0,2019-12,1,12.3,49.0,-89.538255,29.357823,,0.0,False,0.0,0.0,,Low likelihood. GFM negative 0% HEFAS negative ?km web: no specific 2019 flood news found
BURLINGTON_GENERATING_STATION_0,0,0.0,,1,53.0,2019-12,1,16.4,49.0,-74.875933,40.071414,,0.0,False,0.0,0.0,,Low likelihood. GFM negative 0% HEFAS negative ?km web: no specific 2019 flood news found
BURLINGTON_GENERATING_STATION_1,1,1.0,2019-02_2019-03_2019-04_2019-05_2019-06_2019-07_2019-10,1,65.0,2019-12,1,13.5,100.0,-91.117032,40.741095,,0.0,False,0.0,0.0,,Medium likelihood. GFM positive 1% HEFAS negative ?km web: no specific 2019 flood news found
BURNSVILLE_SANITARY_LANDFILL,1,3.0,2019-03_2019-04_2019-05_2019-06_2019-07_2019-09_2019-10_2019-11,1,61.0,2019-12,1,16.6,100.0,-93.318087,44.785312,,0.0,False,0.0,0.0,,Medium likelihood. GFM positive 3% HEFAS negative ?km web: no specific 2019 flood news found
BUTTERBALL._LLC,0,0.0,2019-05,1,74.0,2019-12,1,11.4,91.0,-93.819745,35.485186,,0.0,False,0.0,0.0,,Low likelihood. GFM negative 0% HEFAS negative ?km web: no specific 2019 flood news found
BUTTERBALL_LLC,1,12.0,2019-05,1,54.0,2019-12,1,25.2,100.0,-93.730712,35.42234,,0.0,False,0.0,0.0,,Medium likelihood. GFM positive 12% HEFAS negative ?km web: no specific 2019 flood news found
BWXT_NUCLEAR_OPERATIONS_GROUP_INC.,0,0.0,,1,91.0,2019-12,1,3.6,45.0,-79.051813,37.408524,,0.0,False,0.0,0.0,,Low likelihood. GFM negative 0% HEFAS negative ?km web: no specific 2019 flood news found
Balgowan_Oilfield,0,0.0,,1,74.0,2019-12,1,32.1,49.0,139.472683,-27.611591,,0.0,False,0.0,0.0,,Low likelihood. GFM negative 0% HEFAS negative ?km web: no specific 2019 flood news found
Barre_Generating_Station,0,0.0,,1,57.0,2019-12,1,17.4,49.0,-117.983375,33.807265,,0.0,False,0.0,0.0,,Low likelihood. GFM negative 0% HEFAS negative ?km web: no specific 2019 flood news found
Barry,0,0.0,,1,74.0,2019-12,1,12.3,49.0,-88.010313,31.006889,,0.0,False,0.0,0.0,,Low likelihood. GFM negative 0% HEFAS negative ?km web: no specific 2019 flood news found
Bayer_AG._Division_Crop_Science,0,0.0,2019-05,1,60.0,2019-12,1,19.4,88.0,8.545108,50.088576,,1.0,True,-0.1362007168458781,2.0,10.6,Medium likelihood. GFM negative 0% HEFAS positive 11km web: no specific 2019 flood news found
Bayer_CropScience_LP,1,9.0,2019-03_2019-04_2019-05_2019-06_2019-08_2019-10_2019-11,1,31.0,2019-12,1,27.8,100.0,-91.083882,41.35218,,0.0,False,0.0,0.0,,Medium likelihood. GFM positive 9% HEFAS negative ?km web: no specific 2019 flood news found
Beacon_Hill_North_Comp_Stn_13-23,1,1.0,2019-10_2019-12,1,60.0,2019-12,1,23.7,100.0,-109.801737,54.295843,,0.0,False,0.0,0.0,,Medium likelihood. GFM positive 1% HEFAS negative ?km web: no specific 2019 flood news found
Beaver,0,0.0,2019-05,1,54.0,2019-12,1,18.4,82.0,-123.175024,46.172751,,0.0,False,0.0,0.0,,Low likelihood. GFM negative 0% HEFAS negative ?km web: no specific 2019 flood news found
Belle_River,0,0.0,,1,49.0,2019-12,1,17.1,49.0,-82.494487,42.774815,,0.0,False,0.0,0.0,,Low likelihood. GFM negative 0% HEFAS negative ?km web: no specific 2019 flood news found
Bergrum_1-6,1,1.0,2019-01_2019-02,1,42.0,2019-12,1,23.2,87.0,16.228447,58.618251,,2.0,True,-0.7781447345963475,2.0,19.8,High likelihood. GFM positive 1% HEFAS positive 20km web: no specific 2019 flood news found
Bergrum_7,1,1.0,2019-01_2019-02,1,37.0,2019-12,1,23.5,87.0,16.231185,58.620757,,2.0,True,-0.7781447345963475,2.0,20.1,High likelihood. GFM positive 1% HEFAS positive 20km web: no specific 2019 flood news found
Bergrum_8,1,1.0,2019-01_2019-02,1,42.0,2019-12,1,23.2,87.0,16.228447,58.618251,,2.0,True,-0.7781447345963475,2.0,19.8,High likelihood. GFM positive 1% HEFAS positive 20km web: no specific 2019 flood news found
Bethlehem_Energy_Center_Albany,0,0.0,,1,76.0,2019-12,1,9.0,49.0,-73.76358,42.590542,,0.0,False,0.0,0.0,,Low likelihood. GFM negative 0% HEFAS negative ?km web: no specific 2019 flood news found
Big_Sandy,0,0.0,2019-12,1,92.0,2019-12,1,6.3,88.0,-82.617531,38.170667,,0.0,False,0.0,0.0,,Low likelihood. GFM negative 0% HEFAS negative ?km web: no specific 2019 flood news found
Black_Dog,1,6.0,2019-03_2019-04_2019-05_2019-06,1,52.0,2019-12,1,14.7,100.0,-93.250124,44.810786,,0.0,False,0.0,0.0,,Medium likelihood. GFM positive 6% HEFAS negative ?km web: no specific 2019 flood news found
Bobcat,1,11.0,2019-04_2019-05_2019-10_2019-11,1,61.0,2019-12,1,22.7,100.0,-91.915743,30.541587,,0.0,False,0.0,0.0,,Medium likelihood. GFM positive 11% HEFAS negative ?km web: no specific 2019 flood news found
Boliden_Harjavalta_Oy._Harjavallan_tehtaat,0,0.0,,1,48.0,2019-12,1,20.0,49.0,22.123548,61.319962,,0.0,False,-1.75,-1.0,38.7,Low likelihood. GFM negative 0% HEFAS negative 39km web: no specific 2019 flood news found
Boliden_Harjavalta_Oy._Porin_kuparielektrolyysi,0,0.0,,1,42.0,2019-12,1,22.3,49.0,21.868083,61.459316,,0.0,False,-1.75,-1.0,54.4,Low likelihood. GFM negative 0% HEFAS negative 54km web: no specific 2019 flood news found
Bonavista_02_08-17-008-22W4,1,4.0,2019-03_2019-04_2019-06_2019-07_2019-10_2019-12,1,72.0,2019-12,1,26.0,100.0,-112.941149,49.647634,,0.0,False,0.0,0.0,,Medium likelihood. GFM positive 4% HEFAS negative ?km web: no specific 2019 flood news found
Bp_Canada_Energy_Company_CS_10-06,0,0.0,,1,84.0,2019-12,1,17.3,49.0,-111.200423,54.508539,,0.0,False,0.0,0.0,,Low likelihood. GFM negative 0% HEFAS negative ?km web: no specific 2019 flood news found
Brownsville,0,0.0,,1,33.0,2019-12,1,20.3,49.0,-97.42354,25.946176,,0.0,False,0.0,0.0,,Low likelihood. GFM negative 0% HEFAS negative ?km web: no specific 2019 flood news found
Budapesti_Er_m__Zrt.,0,0.0,,1,55.0,2019-12,1,18.6,49.0,19.055652,47.463464,,0.0,False,-0.6666666666666666,0.0,1.0,Low likelihood. GFM negative 0% HEFAS negative 1km web: no specific 2019 flood news found
Burlington_Generating_Station,0,0.0,,1,52.0,2019-12,1,15.6,49.0,-74.878137,40.075268,,0.0,False,0.0,0.0,,Low likelihood. GFM negative 0% HEFAS negative ?km web: no specific 2019 flood news found
Buronga_Hill_Winery,0,0.0,,1,42.0,2019-12,1,33.8,49.0,142.180451,-34.153482,,0.0,False,0.0,0.0,,Low likelihood. GFM negative 0% HEFAS negative ?km web: no specific 2019 flood news found
Butlers_Oilfield,0,0.0,,1,88.0,2019-12,1,36.5,49.0,139.277565,-28.021071,,0.0,False,0.0,0.0,,Low likelihood. GFM negative 0% HEFAS negative ?km web: no specific 2019 flood news found
CABOT_CORP_-_CANAL_PLANT,0,0.0,,1,98.0,2019-12,1,11.8,49.0,-91.482152,29.734302,,0.0,False,0.0,0.0,,Low likelihood. GFM negative 0% HEFAS negative ?km web: no specific 2019 flood news found
CABOT_CORP_0,0,0.0,,1,78.0,2019-12,1,6.0,49.0,-81.390908,39.334562,,0.0,False,0.0,0.0,,Low likelihood. GFM negative 0% HEFAS negative ?km web: no specific 2019 flood news found
CABOT_CORP_1,1,2.0,2019-02,1,67.0,2019-12,1,9.7,98.0,-85.095767,38.716333,,0.0,False,0.0,0.0,,Medium likelihood. GFM positive 2% HEFAS negative ?km web: no specific 2019 flood news found
CABOT_CORP_CANAL_PLANT,0,0.0,,1,77.0,2019-12,1,13.6,49.0,-91.473193,29.685824,,0.0,False,0.0,0.0,,Low likelihood. GFM negative 0% HEFAS negative ?km web: no specific 2019 flood news found
CALAVERAS_MATERIALS_INC_-_LATHROP_RMC,0,0.0,,1,37.0,2019-12,1,21.7,49.0,-121.265948,37.826364,,0.0,False,0.0,0.0,,Low likelihood. GFM negative 0% HEFAS negative ?km web: no specific 2019 flood news found
CALLANAN_INDUSTRIES_ALBANY_ASPHALT_PLANT,0,0.0,,1,78.0,2019-12,1,9.4,49.0,-73.760517,42.617767,,0.0,False,0.0,0.0,,Low likelihood. GFM negative 0% HEFAS negative ?km web: no specific 2019 flood news found
CALLAWAY_GOLF_BALL_OPERATIONS_INC,0,0.0,,1,78.0,2019-12,1,11.9,49.0,-72.614627,42.175535,,0.0,False,0.0,0.0,,Low likelihood. GFM negative 0% HEFAS negative ?km web: no specific 2019 flood news found
CAMDEN_CNTY_RESOURCE_RECOVERY_ASSOC,0,0.0,,1,57.0,2019-12,1,13.0,49.0,-75.116746,39.909396,,0.0,False,0.0,0.0,,Low likelihood. GFM negative 0% HEFAS negative ?km web: no specific 2019 flood news found
CAMERON_INTERNATIONAL_CORP_0,0,0.0,,1,64.0,2019-12,1,13.1,49.0,-91.261603,29.707142,,0.0,False,0.0,0.0,,Low likelihood. GFM negative 0% HEFAS negative ?km web: no specific 2019 flood news found
CAMERON_INTERNATIONAL_CORP_1,0,0.0,,1,68.0,2019-12,1,13.0,49.0,-91.277684,29.680334,,0.0,False,0.0,0.0,,Low likelihood. GFM negative 0% HEFAS negative ?km web: no specific 2019 flood news found
CAMPBELL_SOUP_SUPPLY_CO_LLC,0,0.0,,1,18.0,2019-12,1,19.3,49.0,-84.108386,41.397762,,0.0,False,0.0,0.0,,Low likelihood. GFM negative 0% HEFAS negative ?km web: no specific 2019 flood news found
CARLISLE_POLYURETHANE_SYSTEMS,0,0.0,,1,68.0,2019-12,1,12.2,49.0,-85.274261,35.061176,,0.0,False,0.0,0.0,,Low likelihood. GFM negative 0% HEFAS negative ?km web: no specific 2019 flood news found
CATERPILLAR_FRANCE_S.A.,0,0.0,,1,52.0,2019-12,1,12.6,49.0,5.706881,45.145417,,0.0,False,-1.3627688172043009,-1.0,76.5,Low likelihood. GFM negative 0% HEFAS negative 76km web: no specific 2019 flood news found
CATERPILLAR_INC._-_NLR,0,0.0,,1,66.0,2019-12,1,19.7,49.0,-92.159958,34.7477,,0.0,False,0.0,0.0,,Low likelihood. GFM negative 0% HEFAS negative ?km web: no specific 2019 flood news found
CATERPILLAR_INC_RUBBER_PROCESS_FACILITY,0,0.0,,1,73.0,2019-12,1,12.2,49.0,-89.614803,40.673003,,0.0,False,0.0,0.0,,Low likelihood. GFM negative 0% HEFAS negative ?km web: no specific 2019 flood news found
CATERPILLAR_REMANUFACTURING_DRIVETRAIN_LLC,1,14.0,2019-03_2019-04_2019-05_2019-06_2019-07_2019-10_2019-11,1,24.0,2019-12,1,31.5,100.0,-96.923981,46.877377,,0.0,False,0.0,0.0,,Medium likelihood. GFM positive 14% HEFAS negative ?km web: no specific 2019 flood news found
CATLETTSBURG_REFINING_LLC,0,0.0,,1,91.0,2019-12,1,6.7,49.0,-82.597183,38.377271,,0.0,False,0.0,0.0,,Low likelihood. GFM negative 0% HEFAS negative ?km web: no specific 2019 flood news found
CBC_STEEL_BUILDINGS_LLC,0,0.0,,1,31.0,2019-12,1,23.5,49.0,-121.272321,37.811849,,0.0,False,0.0,0.0,,Low likelihood. GFM negative 0% HEFAS negative ?km web: no specific 2019 flood news found
CELANESE_ACETATE_LLC_-_CELCO_PLANT,0,0.0,,1,92.0,2019-12,1,2.6,42.0,-80.762868,37.345085,,0.0,False,0.0,0.0,,Low likelihood. GFM negative 0% HEFAS negative ?km web: no specific 2019 flood news found
CELANESE_LTD_BAY_CITY_PLANT,0,0.0,,1,45.0,2019-12,1,17.2,49.0,-96.020806,28.861935,,0.0,False,0.0,0.0,,Low likelihood. GFM negative 0% HEFAS negative ?km web: no specific 2019 flood news found
CENTRALE_GEOTERMICA_CASAGLIA,1,12.0,2019-03_2019-04_2019-05,1,10.0,2019-12,1,35.1,100.0,11.557495,44.878332,,35.0,True,0.1703063662741082,5.0,4.2,High likelihood. GFM positive 12% HEFAS positive 4km web: no specific 2019 flood news found
CENTRAL_PLAINS_CEMENT_CO_-_SUGAR_CREEK_PLANT,1,10.0,2019-03_2019-06_2019-07,1,62.0,2019-12,1,19.2,100.0,-94.416803,39.14436,,0.0,False,0.0,0.0,,Medium likelihood. GFM positive 10% HEFAS negative ?km web: no specific 2019 flood news found
CENTRAL_POWER_STATION,1,7.0,2019-05_2019-06_2019-07_2019-08_2019-11_2019-12,1,15.0,2019-12,1,38.8,100.0,-148.664788,70.275828,,0.0,False,0.0,0.0,,Medium likelihood. GFM positive 7% HEFAS negative ?km web: no specific 2019 flood news found
CENTRAL_PRE-MIX_-_YAKIMA,0,0.0,,1,49.0,2019-12,1,24.9,49.0,-120.477763,46.596538,,0.0,False,0.0,0.0,,Low likelihood. GFM negative 0% HEFAS negative ?km web: no specific 2019 flood news found
CENTRAL_PRE-MIX_CONCRETE_PRODUCTS_CO.,0,0.0,,1,51.0,2019-12,1,19.7,49.0,-117.183924,47.68233,,0.0,False,0.0,0.0,,Low likelihood. GFM negative 0% HEFAS negative ?km web: no specific 2019 flood news found
CENTRAL_PRE-MIX_SULLIVAN_ROAD,0,0.0,,1,59.0,2019-12,1,18.2,49.0,-117.196114,47.675193,,0.0,False,0.0,0.0,,Low likelihood. GFM negative 0% HEFAS negative ?km web: no specific 2019 flood news found
CENTRAL_PREMIX_CONCRETE_PRODUCTS_CO.,0,0.0,,1,66.0,2019-12,1,12.2,49.0,-122.68341,45.541139,,0.0,False,0.0,0.0,,Low likelihood. GFM negative 0% HEFAS negative ?km web: no specific 2019 flood news found
CENTRAL_WASHINGTON_CONCRETE_WENATCHEE,0,0.0,2019-10,1,78.0,2019-12,1,13.4,72.0,-120.293316,47.509119,,0.0,False,0.0,0.0,,Low likelihood. GFM negative 0% HEFAS negative ?km web: no specific 2019 flood news found
CENTURY_ALUMINUM_OF_KENTUCKY_0,1,19.0,2019-01_2019-02_2019-09_2019-10_2019-12,1,52.0,2019-12,1,29.8,100.0,-86.791475,37.933081,,0.0,False,0.0,0.0,,Medium likelihood. GFM positive 19% HEFAS negative ?km web: no specific 2019 flood news found
CENTURY_ALUMINUM_OF_KENTUCKY_1,1,11.0,2019-02_2019-09_2019-10_2019-12,1,43.0,2019-12,1,24.1,100.0,-86.787729,37.944992,,0.0,False,0.0,0.0,,Medium likelihood. GFM positive 11% HEFAS negative ?km web: no specific 2019 flood news found
CERRO_FLOW_PRODUCTS_LLC,0,0.0,,1,62.0,2019-12,1,19.3,49.0,-90.172983,38.59175,,0.0,False,0.0,0.0,,Low likelihood. GFM negative 0% HEFAS negative ?km web: no specific 2019 flood news found
CF_INDUSTRIES_NITROGEN._LLC_-_DONALDSONVILLE_NITROGEN_COMPLEX,1,1.0,2019-05_2019-06,1,29.0,2019-12,1,22.3,96.0,-90.957851,30.086854,,0.0,False,0.0,0.0,,Medium likelihood. GFM positive 1% HEFAS negative ?km web: no specific 2019 flood news found
CF_INDUSTRIES_NITROGEN_LLC,1,1.0,2019-05_2019-06,1,28.0,2019-12,1,19.2,96.0,-90.955891,30.098549,,0.0,False,0.0,0.0,,Medium likelihood. GFM positive 1% HEFAS negative ?km web: no specific 2019 flood news found
CF_INDUSTRIES_NITROGEN_LLC-PORT_NEAL_NITROGEN_COMPLEX,1,1.0,2019-01_2019-06_2019-07_2019-08_2019-09_2019-10_2019-11,1,21.0,2019-12,1,24.9,100.0,-96.364935,42.327854,,0.0,False,0.0,0.0,,Medium likelihood. GFM positive 1% HEFAS negative ?km web: no specific 2019 flood news found
CF_Industries_Nitrogen._LLC_-_Yazoo_City_Facility,1,37.0,2019-01_2019-03_2019-04_2019-05_2019-06_2019-07_2019-09_2019-10_2019-11,1,27.0,2019-12,1,50.1,100.0,-90.407285,32.928078,,0.0,False,0.0,0.0,,Medium likelihood. GFM positive 37% HEFAS negative ?km web: no specific 2019 flood news found
CHALMETTE_REFINING_LLC,0,0.0,,1,63.0,2019-12,1,17.6,49.0,-89.972928,29.936333,,0.0,False,0.0,0.0,,Low likelihood. GFM negative 0% HEFAS negative ?km web: no specific 2019 flood news found
CHALMETTE_REFINING_LLC_-_CHALMETTE_REFINERY,0,0.0,,1,32.0,2019-12,1,11.0,49.0,-89.953351,29.962547,,0.0,False,0.0,0.0,,Low likelihood. GFM negative 0% HEFAS negative ?km web: no specific 2019 flood news found
CHART_ENERGY_CHEMICALS_INC.,1,4.0,2019-04_2019-05_2019-07,1,36.0,2019-12,1,23.4,100.0,-91.829284,29.92801,,0.0,False,0.0,0.0,,Medium likelihood. GFM positive 4% HEFAS negative ?km web: no specific 2019 flood news found
CHATTEM_INC_PLANT_2,0,0.0,,1,74.0,2019-12,1,9.3,49.0,-85.323041,35.016233,,0.0,False,0.0,0.0,,Low likelihood. GFM negative 0% HEFAS negative ?km web: no specific 2019 flood news found
CHEMTOOL_ROCKTON_NORTH_PLANT,1,6.0,2019-01_2019-02_2019-03,1,67.0,2019-12,1,18.9,100.0,-89.065471,42.468679,,0.0,False,0.0,0.0,,Medium likelihood. GFM positive 6% HEFAS negative ?km web: no specific 2019 flood news found
CHEROKEE_PHARMACEUTICALS_LLC.,0,0.0,,1,80.0,2019-12,1,8.9,49.0,-76.643224,40.961323,,0.0,False,0.0,0.0,,Low likelihood. GFM negative 0% HEFAS negative ?km web: no specific 2019 flood news found
CHESTERFIELD_POWER_STATION,0,0.0,,1,29.0,2019-12,1,13.3,49.0,-77.377929,37.382116,,0.0,False,0.0,0.0,,Low likelihood. GFM negative 0% HEFAS negative ?km web: no specific 2019 flood news found
CHEVRON_FORT_WORTH_TERMINAL,0,0.0,,1,66.0,2019-12,1,12.5,49.0,-97.325269,32.787822,,0.0,False,0.0,0.0,,Low likelihood. GFM negative 0% HEFAS negative ?km web: no specific 2019 flood news found
CHEVRON_LOUISVILLE_TERMINAL_LUBRICANTS_BLEND_PLANT,1,1.0,2019-02,1,57.0,2019-12,1,15.0,100.0,-85.837282,38.227829,,0.0,False,0.0,0.0,,Medium likelihood. GFM positive 1% HEFAS negative ?km web: no specific 2019 flood news found
CHEVRON_ORONITE_CO_LLC,0,0.0,,1,64.0,2019-12,1,15.9,49.0,-90.009976,29.808317,,0.0,False,0.0,0.0,,Low likelihood. GFM negative 0% HEFAS negative ?km web: no specific 2019 flood news found
CHEVRON_PRODUCTS_CO_SACRAMENTO_TERMINAL,0,0.0,,1,62.0,2019-12,1,19.9,49.0,-121.512815,38.568063,,0.0,False,0.0,0.0,,Low likelihood. GFM negative 0% HEFAS negative ?km web: no specific 2019 flood news found
CLEARWATER_PAPER_CORP-CYPRESS_BEND_MILL,1,10.0,2019-01_2019-02_2019-03_2019-04_2019-05_2019-06_2019-10_2019-12,1,28.0,2019-12,1,30.5,100.0,-91.240438,33.705761,,0.0,False,0.0,0.0,,Medium likelihood. GFM positive 10% HEFAS negative ?km web: no specific 2019 flood news found
CLEARWATER_PAPER_CORP-PPD_CPD_IDAHO,0,0.0,,1,69.0,2019-12,1,14.1,49.0,-116.966984,46.426983,,0.0,False,0.0,0.0,,Low likelihood. GFM negative 0% HEFAS negative ?km web: no specific 2019 flood news found
CLEARWATER_PAPER_CORP_0,1,6.0,2019-01_2019-02_2019-03_2019-04_2019-05_2019-06_2019-10_2019-12,1,34.0,2019-12,1,25.8,100.0,-91.235913,33.70645,,0.0,False,0.0,0.0,,Medium likelihood. GFM positive 6% HEFAS negative ?km web: no specific 2019 flood news found
CLEARWATER_PAPER_CORP_1,0,0.0,,1,69.0,2019-12,1,14.0,49.0,-116.967343,46.427932,,0.0,False,0.0,0.0,,Low likelihood. GFM negative 0% HEFAS negative ?km web: no specific 2019 flood news found
CLIMAX_MOLYBDENUM_CO,1,3.0,2019-02_2019-03_2019-04_2019-05_2019-06,1,42.0,2019-12,1,27.6,100.0,-91.426182,40.582594,,0.0,False,0.0,0.0,,Medium likelihood. GFM positive 3% HEFAS negative ?km web: no specific 2019 flood news found
CMC_REBAR,0,0.0,,1,83.0,2019-12,1,7.7,49.0,-86.745465,36.158174,,0.0,False,0.0,0.0,,Low likelihood. GFM negative 0% HEFAS negative ?km web: no specific 2019 flood news found
CMC_REBAR_-_KANSAS_CITY,0,0.0,,1,51.0,2019-12,1,16.1,49.0,-94.525138,39.134991,,0.0,False,0.0,0.0,,Low likelihood. GFM negative 0% HEFAS negative ?km web: no specific 2019 flood news found
CMC_REBAR_ALBUQUERQUE,0,0.0,,1,65.0,2019-12,1,16.8,49.0,-106.643351,35.108701,,0.0,False,0.0,0.0,,Low likelihood. GFM negative 0% HEFAS negative ?km web: no specific 2019 flood news found
CMC_REBAR_DENVER,0,0.0,,1,63.0,2019-12,1,14.8,49.0,-104.968721,39.79381,,0.0,False,0.0,0.0,,Low likelihood. GFM negative 0% HEFAS negative ?km web: no specific 2019 flood news found
CMC_STEEL_FABRICATORS_INC._DBA_CMC_REBAR,0,0.0,,1,61.0,2019-12,1,14.1,49.0,-96.899348,32.778464,,0.0,False,0.0,0.0,,Low likelihood. GFM negative 0% HEFAS negative ?km web: no specific 2019 flood news found
CMC_STEEL_FABRICATORS_INC_DBA_CMC_VALLEY_STEEL,0,0.0,2019-06,1,22.0,2019-12,1,28.1,77.0,-97.715846,26.218986,,0.0,False,0.0,0.0,,Low likelihood. GFM negative 0% HEFAS negative ?km web: no specific 2019 flood news found
COFFEYVILLE_RESOURCES_NITROGEN_FERTILIZERS_LLC,1,12.0,2019-05_2019-08,1,42.0,2019-12,1,23.0,100.0,-95.605069,37.045362,,0.0,False,0.0,0.0,,Medium likelihood. GFM positive 12% HEFAS negative ?km web: no specific 2019 flood news found
COFFEYVILLE_RESOURCES_REFINING_MARKETING,1,13.0,2019-05_2019-08,1,44.0,2019-12,1,24.1,100.0,-95.60612,37.047546,,0.0,False,0.0,0.0,,Medium likelihood. GFM positive 13% HEFAS negative ?km web: no specific 2019 flood news found
COLGATE-PALMOLIVE_CO,1,2.0,2019-02_2019-04_2019-05,1,62.0,2019-12,1,23.1,100.0,-85.765652,38.27924,,0.0,False,0.0,0.0,,Medium likelihood. GFM positive 2% HEFAS negative ?km web: no specific 2019 flood news found
COLGATE_PALMOLIVE,0,0.0,,1,76.0,2019-12,1,17.9,49.0,2.838641,49.429431,,0.0,False,-1.6427718040621266,-1.0,18.4,Low likelihood. GFM negative 0% HEFAS negative 18km web: no specific 2019 flood news found
COLONIAL_LANDFILL,0,0.0,,1,69.0,2019-12,1,18.6,49.0,-90.874032,30.148351,,0.0,False,0.0,0.0,,Low likelihood. GFM negative 0% HEFAS negative ?km web: no specific 2019 flood news found
COMMERCIAL_VEHICLE_GROUP,0,0.0,,1,64.0,2019-12,1,13.4,49.0,-122.703807,45.562407,,0.0,False,0.0,0.0,,Low likelihood. GFM negative 0% HEFAS negative ?km web: no specific 2019 flood news found
CONAGRA_FOODS_PACKAGED_FOODS_LLC_-_COUNCIL_BLUFFS,0,0.0,,1,65.0,2019-12,1,19.1,49.0,-95.850686,41.251513,,0.0,False,0.0,0.0,,Low likelihood. GFM negative 0% HEFAS negative ?km web: no specific 2019 flood news found
CONCRETE_MATERIALS_COMPANY-YANKTON,1,4.0,2019-01_2019-02_2019-03,1,19.0,2019-12,1,34.0,100.0,-97.355941,42.887157,,0.0,False,0.0,0.0,,Medium likelihood. GFM positive 4% HEFAS negative ?km web: no specific 2019 flood news found
COOPER_CROUSE-HINDS_LLC,0,0.0,,1,77.0,2019-12,1,9.1,49.0,-76.159071,43.084559,,0.0,False,0.0,0.0,,Low likelihood. GFM negative 0% HEFAS negative ?km web: no specific 2019 flood news found
CORNING_INC,0,0.0,,1,61.0,2019-12,1,14.9,49.0,-76.921206,42.137534,,0.0,False,0.0,0.0,,Low likelihood. GFM negative 0% HEFAS negative ?km web: no specific 2019 flood news found
CORTEVA_FREEPORT_OPERATIONS,1,1.0,2019-09,1,36.0,2019-12,1,19.2,89.0,-95.337003,28.955833,,0.0,False,0.0,0.0,,Medium likelihood. GFM positive 1% HEFAS negative ?km web: no specific 2019 flood news found
COVANTA_PLYMOUTH_RENEWABLE_ENERGY_LLC,0,0.0,,1,82.0,2019-12,1,7.0,49.0,-75.310491,40.0958,,0.0,False,0.0,0.0,,Low likelihood. GFM negative 0% HEFAS negative ?km web: no specific 2019 flood news found
CRESCENT_ACRES_LANDFILL,0,0.0,,1,51.0,2019-12,1,11.9,49.0,-89.998487,29.973717,,0.0,False,0.0,0.0,,Low likelihood. GFM negative 0% HEFAS negative ?km web: no specific 2019 flood news found
CROWN_BEVERAGE_PACKAGING_0,0,0.0,,1,88.0,2019-12,1,10.9,49.0,-71.17988,42.684495,,0.0,False,0.0,0.0,,Low likelihood. GFM negative 0% HEFAS negative ?km web: no specific 2019 flood news found
CROWN_BEVERAGE_PACKAGING_1,0,0.0,2019-06,1,24.0,2019-12,1,21.3,69.0,-107.963897,44.023649,,0.0,False,0.0,0.0,,Low likelihood. GFM negative 0% HEFAS negative ?km web: no specific 2019 flood news found
CROWN_CORK_SEAL_CO_USA_INC_CROWN_CLOSURE_DIV,0,0.0,,1,78.0,2019-12,1,5.9,49.0,-80.62111,40.387914,,0.0,False,0.0,0.0,,Low likelihood. GFM negative 0% HEFAS negative ?km web: no specific 2019 flood news found
CROWN_GROUP_EAST_MOLINE_PLANT,0,0.0,,1,45.0,2019-12,1,18.7,49.0,-90.414109,41.527458,,0.0,False,0.0,0.0,,Low likelihood. GFM negative 0% HEFAS negative ?km web: no specific 2019 flood news found
CTSDU_DE_BELLEGARDE,0,0.0,2019-06,1,49.0,2019-12,1,20.0,92.0,4.502957,43.747082,,0.0,False,-1.4836021505376344,-1.0,12.8,Low likelihood. GFM negative 0% HEFAS negative 13km web: no specific 2019 flood news found
CYTEC_SOLVAY_COMPOSITE_MATERIALS_ANAHEIM,0,0.0,,1,58.0,2019-12,1,15.3,49.0,-117.861297,33.861963,,0.0,False,0.0,0.0,,Low likelihood. GFM negative 0% HEFAS negative ?km web: no specific 2019 flood news found
Cape_Fear_Steam_Electric_Plant,0,0.0,,1,79.0,2019-12,1,12.3,49.0,-79.049177,35.595044,,0.0,False,0.0,0.0,,Low likelihood. GFM negative 0% HEFAS negative ?km web: no specific 2019 flood news found
Castlegar_Sawmill,0,0.0,,1,88.0,2019-12,1,8.8,49.0,-117.727317,49.335946,,0.0,False,0.0,0.0,,Low likelihood. GFM negative 0% HEFAS negative ?km web: no specific 2019 flood news found
Cecil_Lynch,1,1.0,2019-05_2019-06,1,69.0,2019-12,1,20.7,100.0,-92.198663,34.7535,,0.0,False,0.0,0.0,,Medium likelihood. GFM positive 1% HEFAS negative ?km web: no specific 2019 flood news found
Celanese_Acetate_LLC_-_Manufacturing_Processes,0,0.0,,1,92.0,2019-12,1,2.5,42.0,-80.764005,37.345102,,0.0,False,0.0,0.0,,Low likelihood. GFM negative 0% HEFAS negative ?km web: no specific 2019 flood news found
Charron_Lake_Compressor_Station_15-01-069-16W4,1,3.0,2019-03_2019-12,1,53.0,2019-12,1,23.7,99.0,-112.304677,54.949254,,0.0,False,0.0,0.0,,Medium likelihood. GFM positive 3% HEFAS negative ?km web: no specific 2019 flood news found
Cherokee,0,0.0,,1,67.0,2019-12,1,13.7,49.0,-104.964787,39.80784,,0.0,False,0.0,0.0,,Low likelihood. GFM negative 0% HEFAS negative ?km web: no specific 2019 flood news found
Chevron_Oronite_Oak_Point,0,0.0,,1,63.0,2019-12,1,16.2,49.0,-90.012907,29.808379,,0.0,False,0.0,0.0,,Low likelihood. GFM negative 0% HEFAS negative ?km web: no specific 2019 flood news found
Cholla,0,0.0,,1,44.0,2019-12,1,27.1,49.0,-110.303301,34.939359,,0.0,False,0.0,0.0,,Low likelihood. GFM negative 0% HEFAS negative ?km web: no specific 2019 flood news found
Christies_Oilfield,0,0.0,,1,74.0,2019-12,1,25.1,49.0,139.372947,-27.882887,,0.0,False,0.0,0.0,,Low likelihood. GFM negative 0% HEFAS negative ?km web: no specific 2019 flood news found
ConAgra_Foods_Inc.,1,1.0,2019-01,1,49.0,2019-12,1,14.9,83.0,-76.85878,41.012279,,0.0,False,0.0,0.0,,Medium likelihood. GFM positive 1% HEFAS negative ?km web: no specific 2019 flood news found
Conners_Creek,0,0.0,,1,38.0,2019-12,1,16.3,49.0,-82.961068,42.359663,,0.0,False,0.0,0.0,,Low likelihood. GFM negative 0% HEFAS negative ?km web: no specific 2019 flood news found
Contra_Costa_Generating_Station,0,0.0,,1,31.0,2019-12,1,18.9,49.0,-121.761017,38.018401,,0.0,False,0.0,0.0,,Low likelihood. GFM negative 0% HEFAS negative ?km web: no specific 2019 flood news found
Covanta_WBH,0,0.0,,1,45.0,2019-12,1,15.9,49.0,-96.017327,36.132157,,0.0,False,0.0,0.0,,Low likelihood. GFM negative 0% HEFAS negative ?km web: no specific 2019 flood news found
Coyote_Springs_Switchyard,0,0.0,,1,75.0,2019-12,1,10.2,49.0,-122.670005,45.520029,,0.0,False,0.0,0.0,,Low likelihood. GFM negative 0% HEFAS negative ?km web: no specific 2019 flood news found
DAIKIN_CHEMICAL_FRANCE_0,0,0.0,,1,68.0,2019-12,1,17.3,49.0,4.822356,45.709843,,0.0,False,-1.3307347670250895,-1.0,19.6,Low likelihood. GFM negative 0% HEFAS negative 20km web: no specific 2019 flood news found
DAIKIN_CHEMICAL_FRANCE_1,0,0.0,,1,68.0,2019-12,1,17.3,49.0,4.822356,45.709843,,0.0,False,-1.3307347670250895,-1.0,19.6,Low likelihood. GFM negative 0% HEFAS negative 20km web: no specific 2019 flood news found
DAIMLER_TRUCKS_NA_LLC_0,0,0.0,,1,73.0,2019-12,1,13.0,49.0,-122.715221,45.572742,,0.0,False,0.0,0.0,,Low likelihood. GFM negative 0% HEFAS negative ?km web: no specific 2019 flood news found
DAIMLER_TRUCKS_NA_LLC_1,0,0.0,,1,73.0,2019-12,1,13.0,49.0,-122.715221,45.572742,,0.0,False,0.0,0.0,,Low likelihood. GFM negative 0% HEFAS negative ?km web: no specific 2019 flood news found
DAKTRONICS_INC,0,0.0,2019-01_2019-05,1,47.0,2019-12,1,23.5,100.0,-96.719285,43.594685,,0.0,False,0.0,0.0,,Low likelihood. GFM negative 0% HEFAS negative ?km web: no specific 2019 flood news found
DAL-TILE_CORP_LEWISPORT_PLANT,1,23.0,2019-02_2019-09_2019-10,1,33.0,2019-12,1,31.6,100.0,-86.901064,37.924872,,0.0,False,0.0,0.0,,Medium likelihood. GFM positive 23% HEFAS negative ?km web: no specific 2019 flood news found
DANISCO_SWEETENERS_INC,1,56.0,2019-01_2019-02_2019-03_2019-05_2019-10,1,14.0,2019-12,1,59.0,100.0,-90.109869,41.999928,,0.0,False,0.0,0.0,,Medium likelihood. GFM positive 56% HEFAS negative ?km web: 2019 Midwestern U.S. floods (Mississippi/Missouri) https://en.wikipedia.org/wiki/2019_Midwestern_U.S._floods
DARLING_INGREDIENTS_INC_0,0,0.0,2019-03_2019-04_2019-10,1,73.0,2019-12,1,12.6,98.0,-90.21997,41.81391,,0.0,False,0.0,0.0,,Low likelihood. GFM negative 0% HEFAS negative ?km web: no specific 2019 flood news found
DARLING_INGREDIENTS_INC_1,1,1.0,2019-02_2019-05_2019-06,1,9.0,2019-12,1,35.8,100.0,-121.030413,37.465017,,0.0,False,0.0,0.0,,Medium likelihood. GFM positive 1% HEFAS negative ?km web: no specific 2019 flood news found
DDP_SPECIALTY_ELECTRONIC_MATERIAL_US_LLC.,0,0.0,2019-11,1,27.0,2019-12,1,20.4,100.0,-113.813566,42.534819,,0.0,False,0.0,0.0,,Low likelihood. GFM negative 0% HEFAS negative ?km web: no specific 2019 flood news found
DENSO_MANUFACTURING_ARKANSAS_0,1,13.0,2019-01_2019-02_2019-03_2019-10_2019-11_2019-12,1,1.0,2019-12,1,44.3,100.0,-90.038095,35.70082,,0.0,False,0.0,0.0,,Medium likelihood. GFM positive 13% HEFAS negative ?km web: no specific 2019 flood news found
DENSO_MANUFACTURING_ARKANSAS_1,1,13.0,2019-01_2019-02_2019-03_2019-10_2019-11_2019-12,1,1.0,2019-12,1,44.3,100.0,-90.038095,35.70082,,0.0,False,0.0,0.0,,Medium likelihood. GFM positive 13% HEFAS negative ?km web: no specific 2019 flood news found
DERICHEBOURG_BELGIUM_-_Li_ge,0,0.0,,1,77.0,2019-12,1,13.6,49.0,5.635594,50.656058,,3.0,True,-1.3250768049155146,5.0,5.2,Medium likelihood. GFM negative 0% HEFAS positive 5km web: no specific 2019 flood news found
DE_KARN_JC_WEADOCK_GENERATING_PLANT,1,1.0,2019-02,1,22.0,2019-12,1,18.1,89.0,-83.842026,43.642029,,0.0,False,0.0,0.0,,Medium likelihood. GFM positive 1% HEFAS negative ?km web: no specific 2019 flood news found
DIAGEO_CANADA_INC._-_AMHERSTBURG,0,0.0,,1,37.0,2019-12,1,14.0,49.0,-83.11011,42.114157,,0.0,False,0.0,0.0,,Low likelihood. GFM negative 0% HEFAS negative ?km web: no specific 2019 flood news found
DIAMOND_ANIMAL_HEALTH,1,2.0,2019-03_2019-05,1,26.0,2019-12,1,21.5,100.0,-93.529881,41.561256,,0.0,False,0.0,0.0,,Medium likelihood. GFM positive 2% HEFAS negative ?km web: no specific 2019 flood news found
DILLMAN_EQUIPMENT_INC,0,0.0,2019-02_2019-04_2019-09_2019-11,1,54.0,2019-12,1,17.6,100.0,-91.150634,43.067575,,0.0,False,0.0,0.0,,Low likelihood. GFM negative 0% HEFAS negative ?km web: no specific 2019 flood news found
DIXIE_INDUSTRIES_0,0,0.0,,1,82.0,2019-12,1,10.0,49.0,-85.250635,35.079064,,0.0,False,0.0,0.0,,Low likelihood. GFM negative 0% HEFAS negative ?km web: no specific 2019 flood news found
DIXIE_INDUSTRIES_1,0,0.0,,1,77.0,2019-12,1,12.6,49.0,-85.285268,35.030837,,0.0,False,0.0,0.0,,Low likelihood. GFM negative 0% HEFAS negative ?km web: no specific 2019 flood news found
DOMINION_ENERGY_SOUTH_CAROLINA_-_JASPER_GENERATING_STATION,0,0.0,,1,82.0,2019-12,1,18.8,49.0,-81.123979,32.359448,,0.0,False,0.0,0.0,,Low likelihood. GFM negative 0% HEFAS negative ?km web: no specific 2019 flood news found
DOMINION_ENERGY_SOUTH_CAROLINA_-_WATEREE_STATION,0,0.0,,1,84.0,2019-12,1,13.0,49.0,-80.622174,33.826661,,0.0,False,0.0,0.0,,Low likelihood. GFM negative 0% HEFAS negative ?km web: no specific 2019 flood news found
DOMTAR_AW_LLC_NEKOOSA_MILL,1,4.0,2019-04,1,59.0,2019-12,1,25.0,99.0,-89.896153,44.31431,,0.0,False,0.0,0.0,,Medium likelihood. GFM positive 4% HEFAS negative ?km web: no specific 2019 flood news found
DOMTAR_PAPER_CO_LLC-PLYMOUTH_MILL,0,0.0,,1,73.0,2019-12,1,11.8,49.0,-76.77972,35.861742,,0.0,False,0.0,0.0,,Low likelihood. GFM negative 0% HEFAS negative ?km web: no specific 2019 flood news found
DOMTAR_PAPER_CO_LLC_HAWESVILLE_MILL,1,16.0,2019-02_2019-10,1,46.0,2019-12,1,27.2,100.0,-86.685794,37.894833,,0.0,False,0.0,0.0,,Medium likelihood. GFM positive 16% HEFAS negative ?km web: no specific 2019 flood news found
DTE_Calvert_City._LLC,1,2.0,2019-02_2019-03_2019-10,1,65.0,2019-12,1,17.7,96.0,-88.350546,37.046649,,0.0,False,0.0,0.0,,Medium likelihood. GFM positive 2% HEFAS negative ?km web: no specific 2019 flood news found
DTE_ELECTRIC_CO-BELLE_RIVER_POWER_PLANT,0,0.0,,1,54.0,2019-12,1,16.7,49.0,-82.512316,42.772527,,0.0,False,0.0,0.0,,Low likelihood. GFM negative 0% HEFAS negative ?km web: no specific 2019 flood news found
DTE_ELECTRIC_CO_-_TRENTON_CHANNEL_POWER_PLANT,0,0.0,,1,53.0,2019-12,1,16.1,49.0,-83.181236,42.123667,,0.0,False,0.0,0.0,,Low likelihood. GFM negative 0% HEFAS negative ?km web: no specific 2019 flood news found
DTE_East_China,0,0.0,,1,45.0,2019-12,1,15.0,49.0,-82.481795,42.774029,,0.0,False,0.0,0.0,,Low likelihood. GFM negative 0% HEFAS negative ?km web: no specific 2019 flood news found
DTE_STONEMAN_LLC_GENERATING_STATION,0,0.0,2019-10_2019-11,1,69.0,2019-12,1,14.6,96.0,-90.985331,42.70833,,0.0,False,0.0,0.0,,Low likelihood. GFM negative 0% HEFAS negative ?km web: no specific 2019 flood news found
DTE_Stockton,0,0.0,2019-01_2019-02_2019-03_2019-04_2019-05,1,42.0,2019-12,1,17.3,91.0,-121.327357,37.941622,,0.0,False,0.0,0.0,,Low likelihood. GFM negative 0% HEFAS negative ?km web: no specific 2019 flood news found
DUCOMMUN_AEROSTRUCTURES_INC_ORANGE_FACILITY,0,0.0,,1,56.0,2019-12,1,15.7,49.0,-117.861976,33.8188,,0.0,False,0.0,0.0,,Low likelihood. GFM negative 0% HEFAS negative ?km web: no specific 2019 flood news found
DUKE_ENERGY_CAROLINAS_LLC_-_BUCK_STEAM_STATION,0,0.0,,1,82.0,2019-12,1,7.3,49.0,-80.376677,35.713346,,0.0,False,0.0,0.0,,Low likelihood. GFM negative 0% HEFAS negative ?km web: no specific 2019 flood news found
DUKE_ENERGY_INDIANA_INC-GALLAGHER_GENERATING_STATION,0,0.0,,1,68.0,2019-12,1,11.2,49.0,-85.838011,38.263577,,0.0,False,0.0,0.0,,Low likelihood. GFM negative 0% HEFAS negative ?km web: no specific 2019 flood news found
DUKE_ENERGY_INDIANA_INC._-_EDWARDSPORT_IGCC,1,16.0,2019-01_2019-04_2019-05_2019-06,1,53.0,2019-12,1,23.5,100.0,-87.247198,38.806705,,0.0,False,0.0,0.0,,Medium likelihood. GFM positive 16% HEFAS negative ?km web: no specific 2019 flood news found
DUKE_ENERGY_INDIANA_INC_-_WABASH_RIVER_GENERATING_STATION,1,7.0,2019-01_2019-02_2019-03_2019-04_2019-05_2019-06,1,70.0,2019-12,1,16.5,100.0,-87.424731,39.52995,,0.0,False,0.0,0.0,,Medium likelihood. GFM positive 7% HEFAS negative ?km web: no specific 2019 flood news found
DUKE_ENERGY_KENTUCKY_INC._-_EAST_BEND_GENERATING_STATION,0,0.0,,1,67.0,2019-12,1,11.7,49.0,-84.848338,38.904472,,0.0,False,0.0,0.0,,Low likelihood. GFM negative 0% HEFAS negative ?km web: no specific 2019 flood news found
DUKE_ENERGY_OHIO._INC._-_W.C._BECKJORD_STATION,1,1.0,2019-02,1,71.0,2019-12,1,8.6,100.0,-84.297521,38.991362,,0.0,False,0.0,0.0,,Medium likelihood. GFM positive 1% HEFAS negative ?km web: no specific 2019 flood news found
DUKE_ENERGY_PROGRESS_INC_-_CAPE_FEAR_STEAM_ELECTRIC_PLANT,0,0.0,,1,79.0,2019-12,1,12.3,49.0,-79.049177,35.595044,,0.0,False,0.0,0.0,,Low likelihood. GFM negative 0% HEFAS negative ?km web: no specific 2019 flood news found
DUKE_ENERGY_PROGRESS_LLC_-_H_F_LEE_ENERGY_COMPLEX,0,0.0,,1,64.0,2019-12,1,9.8,49.0,-78.087755,35.379897,,0.0,False,0.0,0.0,,Low likelihood. GFM negative 0% HEFAS negative ?km web: no specific 2019 flood news found
DUKE_ENERGY_PROGRESS_LLC_-_L_V_SUTTON_ENERGY_COMPLEX,0,0.0,2019-07,1,45.0,2019-12,1,15.8,100.0,-77.985251,34.283273,,0.0,False,0.0,0.0,,Low likelihood. GFM negative 0% HEFAS negative ?km web: no specific 2019 flood news found
DUNKIRK_STEAM_STATION,0,0.0,,1,24.0,2019-12,1,4.0,49.0,-79.347621,42.491696,,0.0,False,0.0,0.0,,Low likelihood. GFM negative 0% HEFAS negative ?km web: no specific 2019 flood news found
DUPONT_ELECTRONIC_POLYMERS,0,0.0,,1,58.0,2019-12,1,14.7,49.0,-84.220075,39.733941,,0.0,False,0.0,0.0,,Low likelihood. GFM negative 0% HEFAS negative ?km web: no specific 2019 flood news found
DUPONT_PONTCHARTRAIN_WORKS,0,0.0,,1,55.0,2019-12,1,17.3,49.0,-90.524105,30.058896,,0.0,False,0.0,0.0,,Low likelihood. GFM negative 0% HEFAS negative ?km web: no specific 2019 flood news found
DUPONT_WASHINGTON_WORKS,0,0.0,,1,77.0,2019-12,1,7.3,49.0,-81.661682,39.271906,,0.0,False,0.0,0.0,,Low likelihood. GFM negative 0% HEFAS negative ?km web: no specific 2019 flood news found
DUPONT_YERKES_PLANT,0,0.0,,1,45.0,2019-12,1,9.4,49.0,-78.919147,42.962317,,0.0,False,0.0,0.0,,Low likelihood. GFM negative 0% HEFAS negative ?km web: no specific 2019 flood news found
Daikin_Refrigerants_Frankfurt_GmbH_0,1,2.0,2019-05,1,59.0,2019-12,1,19.2,99.0,8.540466,50.094795,,1.0,True,-0.1362007168458781,2.0,11.0,High likelihood. GFM positive 2% HEFAS positive 11km web: no specific 2019 flood news found
Daikin_Refrigerants_Frankfurt_GmbH_1,1,2.0,2019-05,1,59.0,2019-12,1,19.2,99.0,8.540466,50.094795,,1.0,True,-0.1362007168458781,2.0,11.0,High likelihood. GFM positive 2% HEFAS positive 11km web: no specific 2019 flood news found
Daimler_Truck_AG_Mercedes-Benz_Werk_W_r_th_0,0,0.0,,1,52.0,2019-12,1,19.2,49.0,8.293043,49.047304,,18.0,True,0.0129032258064516,2.0,1.3,Medium likelihood. GFM negative 0% HEFAS positive 1km web: no specific 2019 flood news found
Daimler_Truck_AG_Mercedes-Benz_Werk_W_r_th_1,0,0.0,,1,52.0,2019-12,1,19.2,49.0,8.293043,49.047304,,18.0,True,0.0129032258064516,2.0,1.3,Medium likelihood. GFM negative 0% HEFAS positive 1km web: no specific 2019 flood news found
Dan_E_Karn,1,1.0,2019-02,1,22.0,2019-12,1,17.8,89.0,-83.843156,43.642544,,0.0,False,0.0,0.0,,Medium likelihood. GFM positive 1% HEFAS negative ?km web: no specific 2019 flood news found
Danone_GmbH_Werk_Rosenheim,0,0.0,,1,58.0,2019-12,1,18.8,49.0,12.13538,47.855833,,10.0,True,0.026284348864994,3.0,0.6,Medium likelihood. GFM negative 0% HEFAS positive 1km web: no specific 2019 flood news found
Delta,1,6.0,2019-02_2019-07_2019-10,1,37.0,2019-12,1,24.7,100.0,-123.014499,49.137674,,0.0,False,0.0,0.0,,Medium likelihood. GFM positive 6% HEFAS negative ?km web: no specific 2019 flood news found
Derichebourg_Umwelt_GmbH,0,0.0,,1,47.0,2019-12,1,14.9,49.0,8.335224,49.013261,,18.0,True,0.0129032258064516,2.0,3.6,Medium likelihood. GFM negative 0% HEFAS positive 4km web: no specific 2019 flood news found
Dixon_Springs,1,2.0,2019-01_2019-02_2019-03,1,74.0,2019-12,1,12.2,100.0,-86.073464,36.363568,,0.0,False,0.0,0.0,,Medium likelihood. GFM positive 2% HEFAS negative ?km web: no specific 2019 flood news found
Doe_River_14-31,1,20.0,2019-01_2019-02_2019-03_2019-06_2019-12,1,68.0,2019-12,1,24.4,100.0,-119.877162,56.069456,,0.0,False,0.0,0.0,,Medium likelihood. GFM positive 20% HEFAS negative ?km web: no specific 2019 flood news found
Dome_Grassland_11-7,1,12.0,2019-04_2019-10_2019-12,1,44.0,2019-12,1,28.6,100.0,-112.743839,54.786442,,0.0,False,0.0,0.0,,Medium likelihood. GFM positive 12% HEFAS negative ?km web: no specific 2019 flood news found
Dominion_Energy_Questar_-_Transmission_Pipelines_TPL,0,0.0,,1,39.0,2019-12,1,19.2,49.0,-111.924418,40.764935,,0.0,False,0.0,0.0,,Low likelihood. GFM negative 0% HEFAS negative ?km web: no specific 2019 flood news found
Dominion_Energy_Wexpro_-_Central_Western_Overthrust_Prod,0,0.0,,1,39.0,2019-12,1,19.2,49.0,-111.924418,40.764935,,0.0,False,0.0,0.0,,Low likelihood. GFM negative 0% HEFAS negative ?km web: no specific 2019 flood news found
Dominion_Energy_Wexpro_-_Green_River_Basin_Gath,0,0.0,,1,39.0,2019-12,1,19.2,49.0,-111.924418,40.764935,,0.0,False,0.0,0.0,,Low likelihood. GFM negative 0% HEFAS negative ?km web: no specific 2019 flood news found
Dominion_Energy_Wexpro_-_Green_River_Basin_Prod,0,0.0,,1,39.0,2019-12,1,19.2,49.0,-111.924418,40.764935,,0.0,False,0.0,0.0,,Low likelihood. GFM negative 0% HEFAS negative ?km web: no specific 2019 flood news found
Domtar_Paper_Company_LLC_-_Plymouth,0,0.0,,1,74.0,2019-12,1,11.7,49.0,-76.783105,35.862863,,0.0,False,0.0,0.0,,Low likelihood. GFM negative 0% HEFAS negative ?km web: no specific 2019 flood news found
Draad_Nijmegen_BV_onder_de_naam_Smit_Draad,0,0.0,2019-05,1,60.0,2019-12,1,16.8,85.0,5.810228,51.842248,,0.0,False,-1.3333333333333333,0.0,20.5,Low likelihood. GFM negative 0% HEFAS negative 20km web: no specific 2019 flood news found
Duke_Energy_Kentucky_Gas_Operation,0,0.0,,1,68.0,2019-12,1,10.8,49.0,-84.536346,39.106725,,0.0,False,0.0,0.0,,Low likelihood. GFM negative 0% HEFAS negative ?km web: no specific 2019 flood news found
Dunvegan_Compressor_Station_13-04-080-03W6,0,0.0,,1,79.0,2019-12,1,15.9,49.0,-118.414446,55.910834,,0.0,False,0.0,0.0,,Low likelihood. GFM negative 0% HEFAS negative ?km web: no specific 2019 flood news found
E._C._GASTON_ELECTRIC_GENERATING_PLANT,0,0.0,,1,72.0,2019-12,1,9.6,49.0,-86.459073,33.243832,,0.0,False,0.0,0.0,,Low likelihood. GFM negative 0% HEFAS negative ?km web: no specific 2019 flood news found
EAGLE_NATRIUM_LLC,0,0.0,,1,81.0,2019-12,1,5.2,49.0,-80.851791,39.747241,,0.0,False,0.0,0.0,,Low likelihood. GFM negative 0% HEFAS negative ?km web: no specific 2019 flood news found
EAGLE_US_2_LLC_-_LONGVIEW,0,0.0,,1,44.0,2019-12,1,17.8,49.0,-122.986496,46.132119,,0.0,False,0.0,0.0,,Low likelihood. GFM negative 0% HEFAS negative ?km web: no specific 2019 flood news found
EASTMAN_CHEMICAL_RESINS_INC,0,0.0,,1,89.0,2019-12,1,4.6,49.0,-79.895928,40.273261,,0.0,False,0.0,0.0,,Low likelihood. GFM negative 0% HEFAS negative ?km web: no specific 2019 flood news found
EATON_AEROQUIP._LLC,0,0.0,,1,83.0,2019-12,1,6.8,49.0,-85.639559,36.378606,,0.0,False,0.0,0.0,,Low likelihood. GFM negative 0% HEFAS negative ?km web: no specific 2019 flood news found
EATON_AEROQUIP._LLC.,0,0.0,,1,80.0,2019-12,1,7.2,49.0,-85.636778,36.386336,,0.0,False,0.0,0.0,,Low likelihood. GFM negative 0% HEFAS negative ?km web: no specific 2019 flood news found
EATON_CORP,0,0.0,2019-06,1,80.0,2019-12,1,12.8,87.0,-90.437041,38.545023,,0.0,False,0.0,0.0,,Low likelihood. GFM negative 0% HEFAS negative ?km web: no specific 2019 flood news found
ECLIPSE,1,2.0,2019-01_2019-02_2019-03,1,65.0,2019-12,1,15.4,100.0,-89.070808,42.33261,,0.0,False,0.0,0.0,,Medium likelihood. GFM positive 2% HEFAS negative ?km web: no specific 2019 flood news found
ECOLAB_INC_0,1,6.0,2019-01_2019-02_2019-03_2019-04_2019-05_2019-06_2019-07,1,70.0,2019-12,1,26.8,100.0,-89.168568,37.003002,,0.0,False,0.0,0.0,,Medium likelihood. GFM positive 6% HEFAS negative ?km web: no specific 2019 flood news found
ECOLAB_INC_1,0,0.0,,1,47.0,2019-12,1,16.4,49.0,-94.556772,39.13342,,0.0,False,0.0,0.0,,Low likelihood. GFM negative 0% HEFAS negative ?km web: no specific 2019 flood news found
EDF_TAC,0,0.0,,1,69.0,2019-12,1,17.3,49.0,2.655391,48.87244,,0.0,False,-1.4954898446833929,-1.0,20.2,Low likelihood. GFM negative 0% HEFAS negative 20km web: no specific 2019 flood news found
EDF_TAC_ARRIGHI,0,0.0,,1,58.0,2019-12,1,15.2,49.0,2.416482,48.787414,,0.0,False,-1.4954898446833929,-1.0,0.8,Low likelihood. GFM negative 0% HEFAS negative 1km web: no specific 2019 flood news found
EDF_TAC_GENNEVILLIERS,0,0.0,,1,75.0,2019-12,1,12.0,49.0,2.258042,48.937729,,0.0,False,-1.4836021505376344,-1.0,13.0,Low likelihood. GFM negative 0% HEFAS negative 13km web: no specific 2019 flood news found
EES_COKE_BATTERY_LLC,0,0.0,,1,54.0,2019-12,1,13.5,49.0,-83.111342,42.281127,,0.0,False,0.0,0.0,,Low likelihood. GFM negative 0% HEFAS negative ?km web: no specific 2019 flood news found
ELANCO_AUGUSTA_TECHNOLOGY_CENTER,0,0.0,,1,56.0,2019-12,1,8.8,49.0,-81.943633,33.423457,,0.0,False,0.0,0.0,,Low likelihood. GFM negative 0% HEFAS negative ?km web: no specific 2019 flood news found
ELECTROLUX_HOME_PRODUCTS_INC.,0,0.0,,1,44.0,2019-12,1,24.2,49.0,-90.154984,35.060765,,0.0,False,0.0,0.0,,Low likelihood. GFM negative 0% HEFAS negative ?km web: no specific 2019 flood news found
ELKHART_PLASTICS_INC.,0,0.0,,1,57.0,2019-12,1,16.1,49.0,-105.041864,39.559309,,0.0,False,0.0,0.0,,Low likelihood. GFM negative 0% HEFAS negative ?km web: no specific 2019 flood news found
ELRAMA_POWER_PLANT,0,0.0,,1,86.0,2019-12,1,4.5,49.0,-79.917369,40.252366,,0.0,False,0.0,0.0,,Low likelihood. GFM negative 0% HEFAS negative ?km web: no specific 2019 flood news found
EMERALD_SERVICES_INC_-_SPOKANE,0,0.0,,1,56.0,2019-12,1,17.3,49.0,-117.319682,47.668395,,0.0,False,0.0,0.0,,Low likelihood. GFM negative 0% HEFAS negative ?km web: no specific 2019 flood news found
EMERSON_AUTOMATION_SOLUTIONS,0,0.0,2019-01,1,18.0,2019-12,1,32.5,87.0,-97.618587,26.191461,,0.0,False,0.0,0.0,,Low likelihood. GFM negative 0% HEFAS negative ?km web: no specific 2019 flood news found
EMERSON_ELECTRIC_CO,1,10.0,2019-02_2019-04_2019-10,1,29.0,2019-12,1,32.6,100.0,-90.06629,36.245961,,0.0,False,0.0,0.0,,Medium likelihood. GFM positive 10% HEFAS negative ?km web: no specific 2019 flood news found
EMERSON_POWER_TRANSMISSION_CORP_GEARCO,0,0.0,,1,80.0,2019-12,1,5.9,49.0,-83.740276,38.643006,,0.0,False,0.0,0.0,,Low likelihood. GFM negative 0% HEFAS negative ?km web: no specific 2019 flood news found
ENAGAS_TRANSPORTE_TIVISSA,0,0.0,,1,69.0,2019-12,1,13.6,49.0,0.666352,41.058245,,0.0,False,-0.6666666666666666,0.0,16.4,Low likelihood. GFM negative 0% HEFAS negative 16km web: no specific 2019 flood news found
ENEL_PRODUZIONE_S.P.A._-_POWER_PLANT_NORTH_C.LE_LA_CASELLA,1,18.0,2019-01_2019-02_2019-03_2019-04_2019-05_2019-06_2019-11_2019-12,1,19.0,2019-12,1,37.5,100.0,9.479397,45.089901,,13.0,True,-0.4281362007168459,5.0,5.4,High likelihood. GFM positive 18% HEFAS positive 5km web: no specific 2019 flood news found
ENEL_PRODUZIONE_SPA_-_UB_NORD_OVEST_-_C.LE_ALESSANDRIA,1,3.0,2019-03_2019-04_2019-05_2019-11,1,18.0,2019-12,1,29.3,100.0,8.607131,44.940558,,0.0,False,-1.7018817204301075,0.0,32.9,Medium likelihood. GFM positive 3% HEFAS negative 33km web: no specific 2019 flood news found
ENEL_PRODUZIONE_SPA_-_UB_NORD_OVEST_-_C.LE_CARPI,1,16.0,2019-01_2019-02_2019-03_2019-04_2019-05_2019-06_2019-07_2019-09_2019-12,1,3.0,2019-12,1,39.0,100.0,10.901665,44.844442,,50.0,True,0.3015787677077999,4.0,5.2,High likelihood. GFM positive 16% HEFAS positive 5km web: no specific 2019 flood news found
ENTEGRIS_INC.,0,0.0,,1,59.0,2019-12,1,7.6,49.0,-75.368283,39.840665,,0.0,False,0.0,0.0,,Low likelihood. GFM negative 0% HEFAS negative ?km web: no specific 2019 flood news found
ENTERGY_LOUISIANA_LLC_-_NINEMILE_POINT_PLANT,0,0.0,,1,70.0,2019-12,1,15.7,49.0,-90.141406,29.950836,,0.0,False,0.0,0.0,,Low likelihood. GFM negative 0% HEFAS negative ?km web: no specific 2019 flood news found
EP_Minerals._LLC,1,3.0,2019-01_2019-05_2019-07_2019-11,1,38.0,2019-12,1,27.5,100.0,-117.372228,43.94973,,0.0,False,0.0,0.0,,Medium likelihood. GFM positive 3% HEFAS negative ?km web: no specific 2019 flood news found
EQM_Gathering_Opco._LLC_-_Basin_160A_-_Appalachian_Eastern_Overthrust_-_GB,0,0.0,,1,81.0,2019-12,1,6.0,49.0,-80.000806,40.44215,,0.0,False,0.0,0.0,,Low likelihood. GFM negative 0% HEFAS negative ?km web: no specific 2019 flood news found
EQT_Gathering._LLC_-_Basin_160A_-_Appalachian_Eastern_Overthrust_-_GB,0,0.0,,1,81.0,2019-12,1,6.0,49.0,-80.000806,40.44215,,0.0,False,0.0,0.0,,Low likelihood. GFM negative 0% HEFAS negative ?km web: no specific 2019 flood news found
EQT_Gathering._LLC_-_Basin_160_-_Appalachian_-_GB,0,0.0,,1,81.0,2019-12,1,6.0,49.0,-80.000806,40.44215,,0.0,False,0.0,0.0,,Low likelihood. GFM negative 0% HEFAS negative ?km web: no specific 2019 flood news found
EQT_Production_-_Basin_160A_-_Appalachian_Eastern_Overthrust,0,0.0,,1,81.0,2019-12,1,6.0,49.0,-80.000806,40.44215,,0.0,False,0.0,0.0,,Low likelihood. GFM negative 0% HEFAS negative ?km web: no specific 2019 flood news found
EQT_Production_-_Basin_160A_-_Appalachian_Eastern_Overthrust_-_GB,0,0.0,,1,81.0,2019-12,1,6.0,49.0,-80.000806,40.44215,,0.0,False,0.0,0.0,,Low likelihood. GFM negative 0% HEFAS negative ?km web: no specific 2019 flood news found
EQT_Production_-_Basin_160_-_Appalachian,0,0.0,,1,81.0,2019-12,1,6.0,49.0,-80.000806,40.44215,,0.0,False,0.0,0.0,,Low likelihood. GFM negative 0% HEFAS negative ?km web: no specific 2019 flood news found
EQUISTAR_CHEMICALS_LP-MATAGORDA_FACILITY,1,7.0,2019-05,1,11.0,2019-12,1,24.0,100.0,-95.943084,28.787443,,0.0,False,0.0,0.0,,Medium likelihood. GFM positive 7% HEFAS negative ?km web: no specific 2019 flood news found
ERAMET_MARIETTA_INC,0,0.0,,1,73.0,2019-12,1,5.9,49.0,-81.523549,39.372884,,0.0,False,0.0,0.0,,Low likelihood. GFM negative 0% HEFAS negative ?km web: no specific 2019 flood news found
EVN_AG_0,0,0.0,,1,54.0,2019-12,1,20.5,49.0,16.338007,48.33057,,1.0,True,-0.6648745519713262,2.0,0.5,Medium likelihood. GFM negative 0% HEFAS positive 0km web: no specific 2019 flood news found
EVN_AG_1,0,0.0,2019-05,1,34.0,2019-12,1,26.5,85.0,15.708286,48.394846,,1.0,True,0.0017921146953405,2.0,15.6,Medium likelihood. GFM negative 0% HEFAS positive 16km web: no specific 2019 flood news found
EVN_W_rmekraftwerke_GmbH_0,1,1.0,2019-03_2019-04,1,13.0,2019-12,1,33.9,96.0,15.923828,48.325591,,1.0,True,0.0017921146953405,2.0,29.0,High likelihood. GFM positive 1% HEFAS positive 29km web: no specific 2019 flood news found
EVN_W_rmekraftwerke_GmbH_1,0,0.0,,1,54.0,2019-12,1,20.5,49.0,16.338007,48.33057,,1.0,True,-0.6648745519713262,2.0,0.5,Medium likelihood. GFM negative 0% HEFAS positive 0km web: no specific 2019 flood news found
EVN_W_rmekraftwerke_GmbH_2,0,0.0,2019-05,1,34.0,2019-12,1,26.5,85.0,15.708286,48.394846,,1.0,True,0.0017921146953405,2.0,15.6,Medium likelihood. GFM negative 0% HEFAS positive 16km web: no specific 2019 flood news found
EVN_W_rmekraftwerke_GmbH_3,1,3.0,2019-03_2019-04,1,16.0,2019-12,1,32.8,97.0,15.932343,48.327395,,1.0,True,0.0017921146953405,2.0,29.2,High likelihood. GFM positive 3% HEFAS positive 29km web: no specific 2019 flood news found
EVOMEK_-_Fusione_di_leghe_di_alluminio,1,7.0,2019-03_2019-04_2019-05_2019-06,1,3.0,2019-12,1,33.0,100.0,12.17245,44.800898,,42.0,True,0.2148788189110769,5.0,16.2,High likelihood. GFM positive 7% HEFAS positive 16km web: no specific 2019 flood news found
EVONIK_CORP_0,0,0.0,,1,60.0,2019-12,1,8.0,49.0,-75.37299,39.83767,,0.0,False,0.0,0.0,,Low likelihood. GFM negative 0% HEFAS negative ?km web: no specific 2019 flood news found
EVONIK_CORP_1,1,9.0,2019-01_2019-02_2019-03_2019-04_2019-05_2019-06_2019-10_2019-12,1,62.0,2019-12,1,21.6,100.0,-88.33491,37.054748,,0.0,False,0.0,0.0,,Medium likelihood. GFM positive 9% HEFAS negative ?km web: no specific 2019 flood news found
EVONIK_CORP_2,0,0.0,2019-05,1,55.0,2019-12,1,10.3,87.0,-89.724537,40.564694,,0.0,False,0.0,0.0,,Low likelihood. GFM negative 0% HEFAS negative ?km web: no specific 2019 flood news found
EVONIK_CORP_3,0,0.0,,1,45.0,2019-12,1,17.1,49.0,-96.101959,41.536721,,0.0,False,0.0,0.0,,Low likelihood. GFM negative 0% HEFAS negative ?km web: no specific 2019 flood news found
EVONIK_CORP_4,0,0.0,2019-08,1,53.0,2019-12,1,18.2,68.0,-90.625342,30.040794,,0.0,False,0.0,0.0,,Low likelihood. GFM negative 0% HEFAS negative ?km web: no specific 2019 flood news found
EVONIK_CORP_5,0,0.0,,1,36.0,2019-12,1,20.4,49.0,-90.57458,30.07181,,0.0,False,0.0,0.0,,Low likelihood. GFM negative 0% HEFAS negative ?km web: no specific 2019 flood news found
EVONIK_CORP_CALVERT_CITY_PLANT,1,3.0,2019-02_2019-03_2019-10,1,67.0,2019-12,1,19.8,96.0,-88.347956,37.040973,,0.0,False,0.0,0.0,,Medium likelihood. GFM positive 3% HEFAS negative ?km web: no specific 2019 flood news found
EVONIK_INDUSTRIES,0,0.0,,1,5.0,2019-12,1,9.4,49.0,-89.036986,42.670093,,0.0,False,0.0,0.0,,Low likelihood. GFM negative 0% HEFAS negative ?km web: no specific 2019 flood news found
EXACTA_AEROSPACE_INC,1,1.0,2019-05,1,42.0,2019-12,1,21.0,100.0,-97.392682,37.665661,,0.0,False,0.0,0.0,,Medium likelihood. GFM positive 1% HEFAS negative ?km web: no specific 2019 flood news found
EXELON_CORP_CROYDON_GENERATING_STATION,0,0.0,,1,52.0,2019-12,1,13.7,49.0,-74.893388,40.079948,,0.0,False,0.0,0.0,,Low likelihood. GFM negative 0% HEFAS negative ?km web: no specific 2019 flood news found
EXELON_CORP_SCHUYLKILL_GENERATING_STATION,0,0.0,,1,81.0,2019-12,1,8.1,49.0,-75.18687,39.941835,,0.0,False,0.0,0.0,,Low likelihood. GFM negative 0% HEFAS negative ?km web: no specific 2019 flood news found
EXXONMOBIL_ANCHORAGE_TANK_FARM_0,1,1.0,2019-04_2019-05,1,33.0,2019-12,1,27.2,99.0,-91.222097,30.475257,,0.0,False,0.0,0.0,,Medium likelihood. GFM positive 1% HEFAS negative ?km web: no specific 2019 flood news found
EXXONMOBIL_ANCHORAGE_TANK_FARM_1,1,1.0,2019-04_2019-05,1,33.0,2019-12,1,27.2,99.0,-91.222097,30.475257,,0.0,False,0.0,0.0,,Medium likelihood. GFM positive 1% HEFAS negative ?km web: no specific 2019 flood news found
EXXONMOBIL_CHEMICAL_FRANCE_0,1,3.0,2019-04_2019-05_2019-11_2019-12,1,56.0,2019-12,1,20.6,97.0,0.529821,49.496151,,0.0,False,-1.488231780167264,-1.0,55.9,Medium likelihood. GFM positive 3% HEFAS negative 56km web: no specific 2019 flood news found
EXXONMOBIL_CHEMICAL_FRANCE_1,1,3.0,2019-04_2019-05_2019-11_2019-12,1,56.0,2019-12,1,20.6,97.0,0.529821,49.496151,,0.0,False,-1.488231780167264,-1.0,55.9,Medium likelihood. GFM positive 3% HEFAS negative 56km web: no specific 2019 flood news found
EXXONMOBIL_OIL_CORP_ATWOOD_TERMINAL_0,0,0.0,,1,56.0,2019-12,1,15.0,49.0,-117.838513,33.866655,,0.0,False,0.0,0.0,,Low likelihood. GFM negative 0% HEFAS negative ?km web: no specific 2019 flood news found
EXXONMOBIL_OIL_CORP_ATWOOD_TERMINAL_1,0,0.0,,1,56.0,2019-12,1,15.0,49.0,-117.838513,33.866655,,0.0,False,0.0,0.0,,Low likelihood. GFM negative 0% HEFAS negative ?km web: no specific 2019 flood news found
EXXONMOBIL_PAULSBORO_LUBE_PLANT_0,1,1.0,2019-02_2019-04_2019-09_2019-10_2019-11,1,65.0,2019-12,1,14.5,100.0,-75.25396,39.829667,,0.0,False,0.0,0.0,,Medium likelihood. GFM positive 1% HEFAS negative ?km web: no specific 2019 flood news found
EXXONMOBIL_PAULSBORO_LUBE_PLANT_1,1,1.0,2019-02_2019-04_2019-09_2019-10_2019-11,1,65.0,2019-12,1,14.5,100.0,-75.25396,39.829667,,0.0,False,0.0,0.0,,Medium likelihood. GFM positive 1% HEFAS negative ?km web: no specific 2019 flood news found
EXXON_MOBIL_CORP_MEMPHIS_TERMINAL_0,1,3.0,2019-01_2019-02_2019-03_2019-04_2019-05_2019-06_2019-07,1,61.0,2019-12,1,15.9,100.0,-90.077732,35.120502,,0.0,False,0.0,0.0,,Medium likelihood. GFM positive 3% HEFAS negative ?km web: no specific 2019 flood news found
EXXON_MOBIL_CORP_MEMPHIS_TERMINAL_1,1,3.0,2019-01_2019-02_2019-03_2019-04_2019-05_2019-06_2019-07,1,61.0,2019-12,1,15.9,100.0,-90.077732,35.120502,,0.0,False,0.0,0.0,,Medium likelihood. GFM positive 3% HEFAS negative ?km web: no specific 2019 flood news found
EXXON_MOBIL_CORP_NASHVILLE_TERMINAL_0,0,0.0,,1,77.0,2019-12,1,10.1,49.0,-86.827638,36.180864,,0.0,False,0.0,0.0,,Low likelihood. GFM negative 0% HEFAS negative ?km web: no specific 2019 flood news found
EXXON_MOBIL_CORP_NASHVILLE_TERMINAL_1,0,0.0,,1,77.0,2019-12,1,10.1,49.0,-86.827638,36.180864,,0.0,False,0.0,0.0,,Low likelihood. GFM negative 0% HEFAS negative ?km web: no specific 2019 flood news found
EXXON_MOBIL_CORP_SPOKANE_TERMINAL_0,0,0.0,2019-11,1,55.0,2019-12,1,17.8,100.0,-117.320884,47.670022,,0.0,False,0.0,0.0,,Low likelihood. GFM negative 0% HEFAS negative ?km web: no specific 2019 flood news found
EXXON_MOBIL_CORP_SPOKANE_TERMINAL_1,0,0.0,2019-11,1,55.0,2019-12,1,17.8,100.0,-117.320884,47.670022,,0.0,False,0.0,0.0,,Low likelihood. GFM negative 0% HEFAS negative ?km web: no specific 2019 flood news found
Eaglesham_Sweet_Gas_Plant_02-14-077-25W5,1,11.0,2019-02_2019-03_2019-04_2019-06_2019-07_2019-09_2019-12,1,52.0,2019-12,1,29.1,100.0,-117.761582,55.666969,,0.0,False,0.0,0.0,,Medium likelihood. GFM positive 11% HEFAS negative ?km web: no specific 2019 flood news found
Eddystone_Generating_Station,0,0.0,2019-04,1,41.0,2019-12,1,7.6,49.0,-75.322976,39.85805,,0.0,False,0.0,0.0,,Low likelihood. GFM negative 0% HEFAS negative ?km web: no specific 2019 flood news found
Edwardsport,1,16.0,2019-01_2019-04_2019-05_2019-06,1,53.0,2019-12,1,23.5,100.0,-87.247198,38.806705,,0.0,False,0.0,0.0,,Medium likelihood. GFM positive 16% HEFAS negative ?km web: no specific 2019 flood news found
Elmworth_Comp_Stn_08-13,1,17.0,2019-03_2019-04_2019-05_2019-06_2019-12,1,66.0,2019-12,1,28.1,100.0,-119.529211,54.972447,,0.0,False,0.0,0.0,,Medium likelihood. GFM positive 17% HEFAS negative ?km web: no specific 2019 flood news found
Elmworth_Comp_Stn_10-13_NPRI,1,11.0,2019-02_2019-03_2019-04_2019-05_2019-06_2019-11_2019-12,1,71.0,2019-12,1,23.9,100.0,-119.388075,55.061956,,0.0,False,0.0,0.0,,Medium likelihood. GFM positive 11% HEFAS negative ?km web: no specific 2019 flood news found
Elmworth_Comp_Stn_10-17,1,15.0,2019-03_2019-04_2019-05_2019-06_2019-11_2019-12,1,53.0,2019-12,1,31.9,100.0,-119.337147,55.061912,,0.0,False,0.0,0.0,,Medium likelihood. GFM positive 15% HEFAS negative ?km web: no specific 2019 flood news found
Elmworth_Comp_Stn_10-35_NPRI,1,1.0,2019-03_2019-04_2019-05_2019-06_2019-11_2019-12,1,86.0,2019-12,1,17.8,100.0,-119.413457,55.018288,,0.0,False,0.0,0.0,,Medium likelihood. GFM positive 1% HEFAS negative ?km web: no specific 2019 flood news found
Elmworth_Comp_Stn_15-03,0,0.0,,1,82.0,2019-12,1,14.5,49.0,-119.436925,54.950842,,0.0,False,0.0,0.0,,Low likelihood. GFM negative 0% HEFAS negative ?km web: no specific 2019 flood news found
Emerald_Rail_Fuelling_Facility,0,0.0,,1,36.0,2019-12,1,22.7,49.0,148.153255,-23.527221,,0.0,False,0.0,0.0,,Low likelihood. GFM negative 0% HEFAS negative ?km web: no specific 2019 flood news found
Enerchem_Slave_Lake_16-31-073-05W5,1,1.0,2019-03_2019-12,1,70.0,2019-12,1,14.8,94.0,-114.748863,55.372265,,0.0,False,0.0,0.0,,Medium likelihood. GFM positive 1% HEFAS negative ?km web: no specific 2019 flood news found
Entergy_New_Orleans._LLC_Gas_Business,0,0.0,,1,69.0,2019-12,1,16.0,49.0,-90.079312,29.979844,,0.0,False,0.0,0.0,,Low likelihood. GFM negative 0% HEFAS negative ?km web: no specific 2019 flood news found
Equitable_Gas_Company_PA_dba_Peoples,0,0.0,,1,79.0,2019-12,1,6.4,49.0,-80.008204,40.446493,,0.0,False,0.0,0.0,,Low likelihood. GFM negative 0% HEFAS negative ?km web: no specific 2019 flood news found
Equitrans._LP_-_Transmission_Pipeline,0,0.0,,1,81.0,2019-12,1,6.0,49.0,-80.000806,40.44215,,0.0,False,0.0,0.0,,Low likelihood. GFM negative 0% HEFAS negative ?km web: no specific 2019 flood news found
Evonik_Degussa_GmbH,0,0.0,2019-05,1,69.0,2019-12,1,15.7,71.0,7.795338,47.564455,,0.0,False,0.0,0.0,0.5,Low likelihood. GFM negative 0% HEFAS negative 0km web: no specific 2019 flood news found
Evonik_Functional_Solutions_GmbH,1,7.0,2019-04_2019-05_2019-07,1,42.0,2019-12,1,26.1,100.0,7.029598,50.824029,,8.0,True,0.0197132616487455,2.0,9.6,High likelihood. GFM positive 7% HEFAS positive 10km web: no specific 2019 flood news found
Evonik_Italia_S.r.l.,1,1.0,2019-03_2019-04,1,12.0,2019-12,1,28.3,87.0,9.546887,45.412859,,8.0,True,-1.4329450418160097,2.0,10.8,High likelihood. GFM positive 1% HEFAS positive 11km web: no specific 2019 flood news found
Evonik_Operations_GmbH_-_Werk_Wesseling,1,2.0,2019-05_2019-07,1,55.0,2019-12,1,21.7,96.0,6.976194,50.834138,,10.0,True,0.019905273937532,2.0,11.5,High likelihood. GFM positive 2% HEFAS positive 12km web: no specific 2019 flood news found
Evonik_Operations_GmbH_0,0,0.0,2019-04_2019-05,1,75.0,2019-12,1,15.5,86.0,9.150906,49.832297,,1.0,True,0.0,2.0,7.2,Medium likelihood. GFM negative 0% HEFAS positive 7km web: no specific 2019 flood news found
Evonik_Operations_GmbH_1,0,0.0,,1,66.0,2019-12,1,15.5,49.0,6.758019,51.498637,,8.0,True,0.0252090800477897,4.0,5.3,Medium likelihood. GFM negative 0% HEFAS positive 5km web: no specific 2019 flood news found
Evonik_Operations_GmbH_Standort_Bonn,0,0.0,2019-05_2019-07,1,44.0,2019-12,1,17.4,94.0,7.126978,50.741608,,8.0,True,0.025089605734767,2.0,1.5,Medium likelihood. GFM negative 0% HEFAS positive 2km web: no specific 2019 flood news found
Evonik_Operations_GmbH_Werk_Nord,0,0.0,,1,71.0,2019-12,1,15.9,49.0,7.805051,47.568037,,0.0,False,0.0,0.0,0.9,Low likelihood. GFM negative 0% HEFAS negative 1km web: no specific 2019 flood news found
Evonik_Superabsorber_GmbH,1,2.0,2019-05,1,31.0,2019-12,1,25.6,95.0,8.012925,48.753818,,2.0,True,0.0080645161290322,3.0,11.9,High likelihood. GFM positive 2% HEFAS positive 12km web: no specific 2019 flood news found
ExxonMobil_Chemical_Holland_BV_ROP_van_RPI__0,0,0.0,2019-05,1,43.0,2019-12,1,25.2,82.0,4.184806,51.92881,,0.0,False,-2.0,-2.0,91.0,Low likelihood. GFM negative 0% HEFAS negative 91km web: no specific 2019 flood news found
ExxonMobil_Chemical_Holland_BV_ROP_van_RPI__1,0,0.0,2019-05,1,43.0,2019-12,1,25.2,82.0,4.184806,51.92881,,0.0,False,-2.0,-2.0,91.0,Low likelihood. GFM negative 0% HEFAS negative 91km web: no specific 2019 flood news found
FABRICATED_TUBE_PRODUCTS_-_CARROLLTON,0,0.0,2019-01_2019-05,1,48.0,2019-12,1,16.9,93.0,-96.937354,32.9512,,0.0,False,0.0,0.0,,Low likelihood. GFM negative 0% HEFAS negative ?km web: no specific 2019 flood news found
FAULKVILLE_CHIPMILL,0,0.0,,1,90.0,2019-12,1,18.5,49.0,-81.356176,32.148301,,0.0,False,0.0,0.0,,Low likelihood. GFM negative 0% HEFAS negative ?km web: no specific 2019 flood news found
FAURECIA_AUTOMOTIVE_INDUSTRIE,1,1.0,2019-04_2019-05_2019-12,1,65.0,2019-12,1,23.0,87.0,5.078017,49.600283,,0.0,False,-1.8278673835125447,-1.0,13.9,Medium likelihood. GFM positive 1% HEFAS negative 14km web: no specific 2019 flood news found
FEDERAL_CARTRIDGE_CO-CCI,0,0.0,,1,33.0,2019-12,1,10.2,49.0,-117.035056,46.396379,,0.0,False,0.0,0.0,,Low likelihood. GFM negative 0% HEFAS negative ?km web: no specific 2019 flood news found
FEDERAL_CARTRIDGE_COMPANY-OROVILLE_OPERATIONS,0,0.0,,1,61.0,2019-12,1,19.0,49.0,-121.567794,39.498845,,0.0,False,0.0,0.0,,Low likelihood. GFM negative 0% HEFAS negative ?km web: no specific 2019 flood news found
FGSZ_F_ldg_zsz_ll_t_Z_rtk_r_en_M_k_d__R_szv_nyt_rsas_g_0,1,3.0,2019-04_2019-05,1,3.0,2019-12,1,39.2,100.0,17.209894,47.872591,,1.0,True,0.0018518518518518,2.0,27.8,High likelihood. GFM positive 3% HEFAS positive 28km web: no specific 2019 flood news found
FGSZ_F_ldg_zsz_ll_t_Z_rtk_r_en_M_k_d__R_szv_nyt_rsas_g_1,1,12.0,2019-03_2019-04_2019-05,1,19.0,2019-12,1,35.5,100.0,20.959437,47.882093,,222.0,True,0.4366786140979689,2.0,7.5,High likelihood. GFM positive 12% HEFAS positive 8km web: no specific 2019 flood news found
FGSZ_Zrt._0,1,39.0,2019-03_2019-04_2019-05_2019-11,1,9.0,2019-12,1,50.3,100.0,20.997977,47.881182,,11.0,True,-0.300358422939068,2.0,4.7,High likelihood. GFM positive 39% HEFAS positive 5km web: no specific 2019 flood news found
FGSZ_Zrt._1,1,3.0,2019-04_2019-05,1,3.0,2019-12,1,39.2,100.0,17.209894,47.872591,,1.0,True,0.0018518518518518,2.0,27.8,High likelihood. GFM positive 3% HEFAS positive 28km web: no specific 2019 flood news found
FLEXSYS_AMERICA_LP_KRUMMRICH,0,0.0,,1,63.0,2019-12,1,18.5,49.0,-90.168716,38.597211,,0.0,False,0.0,0.0,,Low likelihood. GFM negative 0% HEFAS negative ?km web: no specific 2019 flood news found
FLORIDA_GAS_TRANSMISSION_COMPANY_-_PORT_BARRE,1,14.0,2019-10,1,63.0,2019-12,1,23.4,100.0,-91.869612,30.540367,,0.0,False,0.0,0.0,,Medium likelihood. GFM positive 14% HEFAS negative ?km web: no specific 2019 flood news found
FMC_CORP_0,0,0.0,,1,47.0,2019-12,1,11.1,49.0,-81.631511,30.340053,,0.0,False,0.0,0.0,,Low likelihood. GFM negative 0% HEFAS negative ?km web: no specific 2019 flood news found
FMC_CORP_1,1,1.0,2019-01_2019-06_2019-07_2019-08_2019-09_2019-10_2019-11_2019-12,1,19.0,2019-12,1,25.2,100.0,-96.362029,42.328272,,0.0,False,0.0,0.0,,Medium likelihood. GFM positive 1% HEFAS negative ?km web: no specific 2019 flood news found
FM_Mattsson._S_dra_fabriken,0,0.0,,1,74.0,2019-12,1,20.0,49.0,14.489917,61.024404,,0.0,False,-1.0,0.0,79.4,Low likelihood. GFM negative 0% HEFAS negative 79km web: no specific 2019 flood news found
FOLGER_COFFEE_CO_-_GENTILLY_PLANT,0,0.0,,1,61.0,2019-12,1,12.2,49.0,-89.910208,30.033256,,0.0,False,0.0,0.0,,Low likelihood. GFM negative 0% HEFAS negative ?km web: no specific 2019 flood news found
FORTERRA_CONCRETE_INDUSTRIES_INC._-_LOUISVILLE,0,0.0,,1,68.0,2019-12,1,15.6,49.0,-85.842504,38.203597,,0.0,False,0.0,0.0,,Low likelihood. GFM negative 0% HEFAS negative ?km web: no specific 2019 flood news found
FORTERRA_CONCRETE_PRODUCTS_-_BONNER_SPRINGS,0,0.0,2019-06,1,59.0,2019-12,1,15.9,98.0,-94.860139,39.05607,,0.0,False,0.0,0.0,,Low likelihood. GFM negative 0% HEFAS negative ?km web: no specific 2019 flood news found
FORTERRA_CONCRETE_PRODUCTS_-_HUMBOLDT,1,12.0,2019-02_2019-03_2019-09_2019-10,1,58.0,2019-12,1,33.9,100.0,-94.207201,42.679607,,0.0,False,0.0,0.0,,Medium likelihood. GFM positive 12% HEFAS negative ?km web: no specific 2019 flood news found
FORTERRA_CONCRETE_PRODUCTS_-_SHAKOPEE,1,18.0,2019-03_2019-04_2019-05_2019-06_2019-07_2019-09_2019-10_2019-11_2019-12,1,41.0,2019-12,1,30.6,100.0,-93.428012,44.793949,,0.0,False,0.0,0.0,,Medium likelihood. GFM positive 18% HEFAS negative ?km web: no specific 2019 flood news found
FORTERRA_PIPE_PRECAST_-_AUSTIN,0,0.0,,1,79.0,2019-12,1,12.1,49.0,-97.692863,30.255281,,0.0,False,0.0,0.0,,Low likelihood. GFM negative 0% HEFAS negative ?km web: no specific 2019 flood news found
FORTERRA_PIPE_PRECAST_-_LAPLACE,0,0.0,,1,60.0,2019-12,1,21.2,49.0,-90.469827,30.052527,,0.0,False,0.0,0.0,,Low likelihood. GFM negative 0% HEFAS negative ?km web: no specific 2019 flood news found
FORTERRA_PIPE_PRECAST_-_NEW_ORLEANS,0,0.0,,1,52.0,2019-12,1,14.9,49.0,-89.93093,30.017994,,0.0,False,0.0,0.0,,Low likelihood. GFM negative 0% HEFAS negative ?km web: no specific 2019 flood news found
FORTERRA_PIPE_PRECAST_-_SAINT_MARTINVILLE,0,0.0,,1,71.0,2019-12,1,15.4,49.0,-91.834777,30.123903,,0.0,False,0.0,0.0,,Low likelihood. GFM negative 0% HEFAS negative ?km web: no specific 2019 flood news found
FORTERRA_PIPE_PRECAST_-_WEST_DES_MOINES,0,0.0,,1,67.0,2019-12,1,21.2,49.0,-93.717896,41.56676,,0.0,False,0.0,0.0,,Low likelihood. GFM negative 0% HEFAS negative ?km web: no specific 2019 flood news found
FORTERRA_PIPE_PRECAST_-_WEST_MEMPHIS,1,2.0,2019-02_2019-04_2019-05_2019-10_2019-11_2019-12,1,53.0,2019-12,1,20.5,99.0,-90.17955,35.135512,,0.0,False,0.0,0.0,,Medium likelihood. GFM positive 2% HEFAS negative ?km web: no specific 2019 flood news found
FORTERRA_PRECAST_CONCEPTS_INC,0,0.0,2019-10,1,45.0,2019-12,1,18.4,66.0,-108.624774,39.099017,,0.0,False,0.0,0.0,,Low likelihood. GFM negative 0% HEFAS negative ?km web: no specific 2019 flood news found
FORT_MARTIN_POWER_STATION,0,0.0,,1,96.0,2019-12,1,4.1,49.0,-79.927533,39.710774,,0.0,False,0.0,0.0,,Low likelihood. GFM negative 0% HEFAS negative ?km web: no specific 2019 flood news found
FORT_MYERS_POWER_PLANT,0,0.0,,1,63.0,2019-12,1,17.7,49.0,-81.78308,26.696688,,0.0,False,0.0,0.0,,Low likelihood. GFM negative 0% HEFAS negative ?km web: no specific 2019 flood news found
FORT_WORTH_REGIONAL_LANDFILL,0,0.0,,1,60.0,2019-12,1,14.2,49.0,-97.242914,32.789523,,0.0,False,0.0,0.0,,Low likelihood. GFM negative 0% HEFAS negative ?km web: no specific 2019 flood news found
FREEPORT_OLIN_BC,0,0.0,,1,44.0,2019-12,1,16.2,49.0,-95.379509,28.969388,,0.0,False,0.0,0.0,,Low likelihood. GFM negative 0% HEFAS negative ?km web: no specific 2019 flood news found
FRENCH_ISLAND_PLANT,0,0.0,2019-05_2019-06,1,56.0,2019-12,1,19.7,96.0,-91.259778,43.829058,,0.0,False,0.0,0.0,,Low likelihood. GFM negative 0% HEFAS negative ?km web: no specific 2019 flood news found
FRESENIUS_KABI._BRUNNAFABRIKEN,0,0.0,,1,63.0,2019-12,1,19.7,49.0,17.739243,59.513634,,7.0,True,-0.001373954599761,4.0,14.0,Medium likelihood. GFM negative 0% HEFAS positive 14km web: no specific 2019 flood news found
FRITO-LAY_INC.,0,0.0,,1,63.0,2019-12,1,17.2,49.0,-122.691858,45.656496,,0.0,False,0.0,0.0,,Low likelihood. GFM negative 0% HEFAS negative ?km web: no specific 2019 flood news found
FRITO_-_LAY_INC.,0,0.0,,1,81.0,2019-12,1,7.0,49.0,-75.83837,42.097205,,0.0,False,0.0,0.0,,Low likelihood. GFM negative 0% HEFAS negative ?km web: no specific 2019 flood news found
F_BRICA_DE_MENG_BAR_SMURFIT_KAPPA_ESPA_A._S.A.__0,0,0.0,,1,73.0,2019-12,1,13.3,49.0,-3.799575,37.97863,,4.0,True,0.0277777777777777,5.0,0.6,Medium likelihood. GFM negative 0% HEFAS positive 1km web: no specific 2019 flood news found
F_BRICA_DE_MENG_BAR_SMURFIT_KAPPA_ESPA_A._S.A.__1,0,0.0,,1,73.0,2019-12,1,13.3,49.0,-3.799575,37.97863,,4.0,True,0.0277777777777777,5.0,0.6,Medium likelihood. GFM negative 0% HEFAS positive 1km web: no specific 2019 flood news found
F_B_Culley_Generating_Station,1,13.0,2019-01_2019-02_2019-03_2019-04_2019-10,1,48.0,2019-12,1,21.6,100.0,-87.326658,37.910031,,0.0,False,0.0,0.0,,Medium likelihood. GFM positive 13% HEFAS negative ?km web: no specific 2019 flood news found
Ferrier_Gas_Battery_02-17-039-07W5,1,4.0,2019-03,1,49.0,2019-12,1,31.4,100.0,-114.970083,52.350385,,0.0,False,0.0,0.0,,Medium likelihood. GFM positive 4% HEFAS negative ?km web: no specific 2019 flood news found
Ferrier_Sweet_Gas_Plant_01-20-039-07W5,1,1.0,2019-03,1,49.0,2019-12,1,27.4,98.0,-114.963037,52.366257,,0.0,False,0.0,0.0,,Medium likelihood. GFM positive 1% HEFAS negative ?km web: no specific 2019 flood news found
Ford-Werke_GmbH,0,0.0,,1,67.0,2019-12,1,17.2,49.0,6.913725,50.97925,,8.0,True,0.0161290322580645,2.0,5.9,Medium likelihood. GFM negative 0% HEFAS positive 6km web: no specific 2019 flood news found
Fort_Myers,0,0.0,,1,63.0,2019-12,1,17.7,49.0,-81.78308,26.696688,,0.0,False,0.0,0.0,,Low likelihood. GFM negative 0% HEFAS negative ?km web: no specific 2019 flood news found
Fort_Saskatchewan_Nitrogen_Operations,1,3.0,2019-10_2019-11,1,49.0,2019-12,1,28.0,100.0,-113.193029,53.725367,,0.0,False,0.0,0.0,,Medium likelihood. GFM positive 3% HEFAS negative ?km web: no specific 2019 flood news found
GADSDEN_STEAM_PLANT,0,0.0,,1,74.0,2019-12,1,9.4,49.0,-85.97004,34.01276,,0.0,False,0.0,0.0,,Low likelihood. GFM negative 0% HEFAS negative ?km web: no specific 2019 flood news found
GARSITE_LLC,0,0.0,,1,64.0,2019-12,1,13.1,49.0,-94.635281,39.08915,,0.0,False,0.0,0.0,,Low likelihood. GFM negative 0% HEFAS negative ?km web: no specific 2019 flood news found
GATEWAY_ENERGY_COKE_CO,0,0.0,,1,66.0,2019-12,1,12.9,49.0,-90.130504,38.696961,,0.0,False,0.0,0.0,,Low likelihood. GFM negative 0% HEFAS negative ?km web: no specific 2019 flood news found
GATEWAY_TERMINALS_LLC,1,3.0,2019-04_2019-05_2019-06_2019-07,1,67.0,2019-12,1,23.8,100.0,-90.191613,38.590618,,0.0,False,0.0,0.0,,Medium likelihood. GFM positive 3% HEFAS negative ?km web: no specific 2019 flood news found
GCP_APPLIED_TECHNOLOGIES_INC,0,0.0,,1,76.0,2019-12,1,10.1,49.0,-81.924027,33.450497,,0.0,False,0.0,0.0,,Low likelihood. GFM negative 0% HEFAS negative ?km web: no specific 2019 flood news found
GELEST_INC,0,0.0,2019-02,1,48.0,2019-12,1,12.9,86.0,-74.764691,40.179159,,0.0,False,0.0,0.0,,Low likelihood. GFM negative 0% HEFAS negative ?km web: no specific 2019 flood news found
GERHOLD_CONCRETE_CO_-_COLUMBUS_PLANT,1,2.0,2019-03,1,24.0,2019-12,1,26.9,98.0,-97.38319,41.437918,,0.0,False,0.0,0.0,,Medium likelihood. GFM positive 2% HEFAS negative ?km web: no specific 2019 flood news found
GERHOLD_CONCRETE_CO_BLAIR_PLANT,1,4.0,2019-04_2019-05_2019-06_2019-07_2019-08_2019-09_2019-10_2019-11_2019-12,1,38.0,2019-12,1,21.1,100.0,-96.102362,41.545102,,0.0,False,0.0,0.0,,Medium likelihood. GFM positive 4% HEFAS negative ?km web: no specific 2019 flood news found
GE_CO_0,0,0.0,,1,75.0,2019-12,1,11.7,49.0,-73.962182,42.810831,,0.0,False,0.0,0.0,,Low likelihood. GFM negative 0% HEFAS negative ?km web: no specific 2019 flood news found
GE_CO_1,0,0.0,,1,75.0,2019-12,1,11.7,49.0,-73.962182,42.810831,,0.0,False,0.0,0.0,,Low likelihood. GFM negative 0% HEFAS negative ?km web: no specific 2019 flood news found
GE_ENGINE_SERVICES_-_MCALLEN_LP_MAC_2,0,0.0,,1,14.0,2019-12,1,28.8,49.0,-98.284386,26.152046,,0.0,False,0.0,0.0,,Low likelihood. GFM negative 0% HEFAS negative ?km web: no specific 2019 flood news found
GE_ENGINE_SERVICES_MCALLEN_LP,0,0.0,,1,19.0,2019-12,1,27.3,49.0,-98.276099,26.155188,,0.0,False,0.0,0.0,,Low likelihood. GFM negative 0% HEFAS negative ?km web: no specific 2019 flood news found
GE_FAIRCHILD_MINING_EQUIPMENT,0,0.0,,1,91.0,2019-12,1,2.5,42.0,-80.853441,37.375134,,0.0,False,0.0,0.0,,Low likelihood. GFM negative 0% HEFAS negative ?km web: no specific 2019 flood news found
GE_Power_and_Water,0,0.0,,1,76.0,2019-12,1,10.7,49.0,-73.951705,42.809935,,0.0,False,0.0,0.0,,Low likelihood. GFM negative 0% HEFAS negative ?km web: no specific 2019 flood news found
GIVAUDAN_LAVIROTTE_GROUPE_ISALTIS,0,0.0,,1,60.0,2019-12,1,15.1,49.0,4.861786,45.733026,,0.0,False,-1.3307347670250895,-1.0,19.5,Low likelihood. GFM negative 0% HEFAS negative 20km web: no specific 2019 flood news found
GM_MLCG_FAIRFAX_ASSEMBLY,1,1.0,2019-05_2019-06,1,40.0,2019-12,1,18.5,99.0,-94.60193,39.147559,,0.0,False,0.0,0.0,,Medium likelihood. GFM positive 1% HEFAS negative ?km web: no specific 2019 flood news found
GOLD_CREEK_EAST_13-29,1,2.0,2019-04_2019-05_2019-06_2019-07,1,83.0,2019-12,1,12.9,99.0,-118.584616,54.832839,,0.0,False,0.0,0.0,,Medium likelihood. GFM positive 2% HEFAS negative ?km web: no specific 2019 flood news found
GORGAS_STEAM_PLANT,0,0.0,,1,10.0,2019-12,1,5.9,49.0,-87.199857,33.644888,,0.0,False,0.0,0.0,,Low likelihood. GFM negative 0% HEFAS negative ?km web: no specific 2019 flood news found
GRACO_INC-ANOKA,0,0.0,,1,49.0,2019-12,1,18.2,49.0,-93.41705,45.221577,,0.0,False,0.0,0.0,,Low likelihood. GFM negative 0% HEFAS negative ?km web: no specific 2019 flood news found
GRACO_INC_SIOUX_FALLS,0,0.0,2019-01_2019-05_2019-08,1,56.0,2019-12,1,22.8,100.0,-96.721397,43.58453,,0.0,False,0.0,0.0,,Low likelihood. GFM negative 0% HEFAS negative ?km web: no specific 2019 flood news found
GRACO_MINNESOTA_INC_-_MINNEAPOLIS,0,0.0,,1,65.0,2019-12,1,11.6,49.0,-93.270599,44.99746,,0.0,False,0.0,0.0,,Low likelihood. GFM negative 0% HEFAS negative ?km web: no specific 2019 flood news found
GRANITE_CONSTRUCTION_CO,1,4.0,2019-01_2019-02_2019-03_2019-04_2019-06_2019-07_2019-08_2019-09_2019-10_2019-11_2019-12,1,44.0,2019-12,1,24.8,100.0,-122.182001,48.018033,,0.0,False,0.0,0.0,,Medium likelihood. GFM positive 4% HEFAS negative ?km web: no specific 2019 flood news found
GRASSLAND_11-07,1,12.0,2019-04_2019-10_2019-12,1,44.0,2019-12,1,28.7,100.0,-112.744142,54.786404,,0.0,False,0.0,0.0,,Medium likelihood. GFM positive 12% HEFAS negative ?km web: no specific 2019 flood news found
GREENE_COUNTY_STEAM_PLANT,0,0.0,,1,80.0,2019-12,1,10.0,49.0,-87.785936,32.602225,,0.0,False,0.0,0.0,,Low likelihood. GFM negative 0% HEFAS negative ?km web: no specific 2019 flood news found
GREENVILLE_TUBE_CO_LLC,0,0.0,,1,74.0,2019-12,1,12.4,49.0,-93.4737,35.461102,,0.0,False,0.0,0.0,,Low likelihood. GFM negative 0% HEFAS negative ?km web: no specific 2019 flood news found
GREEN_PLAINS_CENTRAL_CITY_LLC,1,2.0,2019-02,1,11.0,2019-12,1,22.2,67.0,-97.972692,41.111103,,0.0,False,0.0,0.0,,Medium likelihood. GFM positive 2% HEFAS negative ?km web: no specific 2019 flood news found
GREEN_PLAINS_MADISON_LLC,0,0.0,2019-03_2019-04_2019-05_2019-06_2019-07_2019-10,1,58.0,2019-12,1,19.5,100.0,-90.171765,38.680011,,0.0,False,0.0,0.0,,Low likelihood. GFM negative 0% HEFAS negative ?km web: no specific 2019 flood news found
GRIFFIN_PIPE_PRODUCTS_CO,0,0.0,,1,95.0,2019-12,1,2.9,48.0,-79.141002,37.420765,,0.0,False,0.0,0.0,,Low likelihood. GFM negative 0% HEFAS negative ?km web: no specific 2019 flood news found
GROWS_LDFL_WASTE_MGMT,1,1.0,2019-02,1,38.0,2019-12,1,13.6,86.0,-74.776649,40.159335,,0.0,False,0.0,0.0,,Medium likelihood. GFM positive 1% HEFAS negative ?km web: no specific 2019 flood news found
GULFMARK_ENERGY_INC,0,0.0,,1,46.0,2019-12,1,17.3,49.0,-96.027429,28.865382,,0.0,False,0.0,0.0,,Low likelihood. GFM negative 0% HEFAS negative ?km web: no specific 2019 flood news found
GULF_ISLAND_FABRICATION_LLC,0,0.0,,1,65.0,2019-12,1,17.4,49.0,-90.697716,29.542965,,0.0,False,0.0,0.0,,Low likelihood. GFM negative 0% HEFAS negative ?km web: no specific 2019 flood news found
GULF_ISLAND_SERVICES_LLC,0,0.0,,1,59.0,2019-12,1,18.6,49.0,-90.689555,29.544067,,0.0,False,0.0,0.0,,Low likelihood. GFM negative 0% HEFAS negative ?km web: no specific 2019 flood news found
Galloway_Compressor_Station_13-26-054-22W5,0,0.0,,1,26.0,2019-12,1,12.4,49.0,-117.153594,53.697852,,0.0,False,0.0,0.0,,Low likelihood. GFM negative 0% HEFAS negative ?km web: no specific 2019 flood news found
Gas_Connect_Austria_GmbH,1,3.0,2019-04_2019-05,1,3.0,2019-12,1,40.8,100.0,15.852085,48.416765,,1.0,True,0.0017921146953405,2.0,17.7,High likelihood. GFM positive 3% HEFAS positive 18km web: no specific 2019 flood news found
Gascan_Mitsue_OB_16-33-74-06W5,0,0.0,,1,74.0,2019-12,1,9.9,49.0,-114.851327,55.459439,,0.0,False,0.0,0.0,,Low likelihood. GFM negative 0% HEFAS negative ?km web: no specific 2019 flood news found
General_Dynamic_OTS-Canada_Valleyfield_Inc.,1,19.0,2019-01_2019-03,1,25.0,2019-12,1,26.6,100.0,-74.071649,45.286695,,0.0,False,0.0,0.0,,Medium likelihood. GFM positive 19% HEFAS negative ?km web: no specific 2019 flood news found
General_Dynamics_OTS-Canada_Usine_de_Le_Gardeur,1,23.0,2019-01_2019-03,1,51.0,2019-12,1,31.6,100.0,-73.480801,45.748594,,0.0,False,0.0,0.0,,Medium likelihood. GFM positive 23% HEFAS negative ?km web: no specific 2019 flood news found
Gerresheimer_Lohr_GmbH,0,0.0,2019-05,1,41.0,2019-12,1,15.0,83.0,9.579002,49.983988,,8.0,True,0.0241935483870967,4.0,3.4,Medium likelihood. GFM negative 0% HEFAS positive 3km web: no specific 2019 flood news found
Gibson_Island,0,0.0,,1,50.0,2019-12,1,19.1,49.0,153.123996,-27.433885,,0.0,False,0.0,0.0,,Low likelihood. GFM negative 0% HEFAS negative ?km web: no specific 2019 flood news found
Gold_Creek_Gas_Battery_01-06-070-08W6,1,2.0,2019-03_2019-04_2019-05_2019-06_2019-07_2019-11,1,77.0,2019-12,1,17.9,100.0,-119.198898,55.027015,,0.0,False,0.0,0.0,,Medium likelihood. GFM positive 2% HEFAS negative ?km web: no specific 2019 flood news found
Gorgas,0,0.0,,1,11.0,2019-12,1,6.0,49.0,-87.200222,33.644567,,0.0,False,0.0,0.0,,Low likelihood. GFM negative 0% HEFAS negative ?km web: no specific 2019 flood news found
Grand_Forks_Sawmill,1,11.0,2019-03,1,56.0,2019-12,1,24.9,100.0,-118.437248,49.025587,,0.0,False,0.0,0.0,,Medium likelihood. GFM positive 11% HEFAS negative ?km web: no specific 2019 flood news found
Grande_Prairie_Sawmill,1,1.0,2019-05_2019-06_2019-07_2019-11_2019-12,1,73.0,2019-12,1,14.7,100.0,-118.689063,55.070967,,0.0,False,0.0,0.0,,Medium likelihood. GFM positive 1% HEFAS negative ?km web: no specific 2019 flood news found
Greater_Des_Moines_Energy_Center,1,3.0,2019-03_2019-05,1,37.0,2019-12,1,21.5,100.0,-93.528294,41.556328,,0.0,False,0.0,0.0,,Medium likelihood. GFM positive 3% HEFAS negative ?km web: no specific 2019 flood news found
Growler,0,0.0,,1,53.0,2019-12,1,17.7,49.0,139.566051,-27.559036,,0.0,False,0.0,0.0,,Low likelihood. GFM negative 0% HEFAS negative ?km web: no specific 2019 flood news found
Gulf_South_Pipeline_-_Arnaudville_Station,1,7.0,2019-04_2019-05_2019-10_2019-11,1,26.0,2019-12,1,30.3,99.0,-91.897764,30.417651,,0.0,False,0.0,0.0,,Medium likelihood. GFM positive 7% HEFAS negative ?km web: no specific 2019 flood news found
Gulf_South_Pipeline_-_Marksville_Station,1,2.0,2019-01_2019-05,1,70.0,2019-12,1,14.9,100.0,-92.201577,31.163259,,0.0,False,0.0,0.0,,Medium likelihood. GFM positive 2% HEFAS negative ?km web: no specific 2019 flood news found
Gulf_South_Pipeline_-_Rodrigue_Station,0,0.0,,1,82.0,2019-12,1,17.8,49.0,-91.118479,30.058199,,0.0,False,0.0,0.0,,Low likelihood. GFM negative 0% HEFAS negative ?km web: no specific 2019 flood news found
Gulf_South_Pipeline_-_Sterlington_Station,1,1.0,2019-01,1,55.0,2019-12,1,18.0,100.0,-92.089342,32.671552,,0.0,False,0.0,0.0,,Medium likelihood. GFM positive 1% HEFAS negative ?km web: no specific 2019 flood news found
Gulf_South_Pipeline_-_Tallulah_Station,1,11.0,2019-01_2019-02_2019-03_2019-04_2019-05_2019-09_2019-12,1,35.0,2019-12,1,33.0,100.0,-91.173767,32.395957,,0.0,False,0.0,0.0,,Medium likelihood. GFM positive 11% HEFAS negative ?km web: no specific 2019 flood news found
HALLIBURTON_BOSSIER_CITY_FIELD_CAMP,0,0.0,,1,38.0,2019-12,1,20.7,49.0,-93.666518,32.528416,,0.0,False,0.0,0.0,,Low likelihood. GFM negative 0% HEFAS negative ?km web: no specific 2019 flood news found
HALLIBURTON_GRAND_JUNCTION_FIELD_CAMP,0,0.0,,1,54.0,2019-12,1,15.4,49.0,-108.460263,39.06285,,0.0,False,0.0,0.0,,Low likelihood. GFM negative 0% HEFAS negative ?km web: no specific 2019 flood news found
HALLIBURTON_LAROSE_GRINDING_PLANT,0,0.0,,1,3.0,2019-12,1,19.1,49.0,-90.384199,29.566766,,0.0,False,0.0,0.0,,Low likelihood. GFM negative 0% HEFAS negative ?km web: no specific 2019 flood news found
HALLIBURTON_WILLISTON_BAROID,1,1.0,2019-03_2019-06_2019-07,1,50.0,2019-12,1,20.7,100.0,-103.604794,48.161378,,0.0,False,0.0,0.0,,Medium likelihood. GFM positive 1% HEFAS negative ?km web: no specific 2019 flood news found
HAMMOND_STEAM_ELECTRIC_GENERATING_PLANT,1,6.0,2019-02_2019-03,1,62.0,2019-12,1,19.9,100.0,-85.346013,34.249935,,0.0,False,0.0,0.0,,Medium likelihood. GFM positive 6% HEFAS negative ?km web: no specific 2019 flood news found
HARSCO_METALS_-_BRI,0,0.0,,1,87.0,2019-12,1,4.5,49.0,-79.852381,40.391553,,0.0,False,0.0,0.0,,Low likelihood. GFM negative 0% HEFAS negative ?km web: no specific 2019 flood news found
HARSCO_METALS_-_GALLATIN,1,3.0,2019-02,1,56.0,2019-12,1,13.8,100.0,-84.995926,38.758943,,0.0,False,0.0,0.0,,Medium likelihood. GFM positive 3% HEFAS negative ?km web: no specific 2019 flood news found
HARSCO_METALS_-_HICKMAN,1,4.0,2019-02_2019-03_2019-05_2019-06_2019-07,1,5.0,2019-12,1,23.2,100.0,-89.716592,35.94441,,0.0,False,0.0,0.0,,Medium likelihood. GFM positive 4% HEFAS negative ?km web: no specific 2019 flood news found
HARSCO_METALS_-_NATRONA,0,0.0,,1,85.0,2019-12,1,4.6,49.0,-79.722222,40.616619,,0.0,False,0.0,0.0,,Low likelihood. GFM negative 0% HEFAS negative ?km web: no specific 2019 flood news found
HARSCO_METALS_-_NYS,1,14.0,2019-01_2019-02_2019-03_2019-04_2019-05_2019-06_2019-07_2019-10,1,30.0,2019-12,1,30.5,100.0,-89.78408,35.888455,,0.0,False,0.0,0.0,,Medium likelihood. GFM positive 14% HEFAS negative ?km web: no specific 2019 flood news found
HARSCO_MINERALS_OF_KY._LLC,1,1.0,2019-02,1,71.0,2019-12,1,8.9,100.0,-85.072099,38.727841,,0.0,False,0.0,0.0,,Medium likelihood. GFM positive 1% HEFAS negative ?km web: no specific 2019 flood news found
HATFIELD_POWER_STATION,0,0.0,,1,92.0,2019-12,1,4.6,49.0,-79.929445,39.856814,,0.0,False,0.0,0.0,,Low likelihood. GFM negative 0% HEFAS negative ?km web: no specific 2019 flood news found
HAVERHILL_COKE_CO_LLC,0,0.0,,1,41.0,2019-12,1,16.2,49.0,-82.827097,38.597222,,0.0,False,0.0,0.0,,Low likelihood. GFM negative 0% HEFAS negative ?km web: no specific 2019 flood news found
HAWKINS_INC._-_CAMANCHE,0,0.0,,1,44.0,2019-12,1,18.5,49.0,-90.245651,41.803383,,0.0,False,0.0,0.0,,Low likelihood. GFM negative 0% HEFAS negative ?km web: no specific 2019 flood news found
HAWKINS_INC._-_DUPO,0,0.0,,1,40.0,2019-12,1,20.0,49.0,-90.213531,38.52306,,0.0,False,0.0,0.0,,Low likelihood. GFM negative 0% HEFAS negative ?km web: no specific 2019 flood news found
HAWKINS_WATER_TREATMENT_GROUP_-_RED_ROCK,1,1.0,2019-03_2019-04_2019-05_2019-06_2019-07_2019-10_2019-11,1,62.0,2019-12,1,12.3,100.0,-93.016973,44.898506,,0.0,False,0.0,0.0,,Medium likelihood. GFM positive 1% HEFAS negative ?km web: no specific 2019 flood news found
HAWTHORN_GENERATING_STATION,1,5.0,2019-02_2019-05_2019-06,1,46.0,2019-12,1,20.3,97.0,-94.477816,39.130844,,0.0,False,0.0,0.0,,Medium likelihood. GFM positive 5% HEFAS negative ?km web: no specific 2019 flood news found
HEATEC_INC.,0,0.0,,1,80.0,2019-12,1,10.1,49.0,-85.30907,34.988183,,0.0,False,0.0,0.0,,Low likelihood. GFM negative 0% HEFAS negative ?km web: no specific 2019 flood news found
HENKEL_US_OPERATIONS_CORP_0,1,5.0,2019-03_2019-04_2019-05_2019-06_2019-07_2019-08_2019-09_2019-10_2019-11,1,31.0,2019-12,1,21.4,100.0,-93.92257,39.25597,,0.0,False,0.0,0.0,,Medium likelihood. GFM positive 5% HEFAS negative ?km web: no specific 2019 flood news found
HENKEL_US_OPERATIONS_CORP_1,0,0.0,,1,47.0,2019-12,1,16.4,49.0,-94.55685,39.134234,,0.0,False,0.0,0.0,,Low likelihood. GFM negative 0% HEFAS negative ?km web: no specific 2019 flood news found
HENKEL_US_OPERATIONS_CORP_2,1,5.0,2019-03_2019-04_2019-05_2019-06_2019-07_2019-08_2019-09_2019-10_2019-11,1,31.0,2019-12,1,21.4,100.0,-93.92257,39.25597,,0.0,False,0.0,0.0,,Medium likelihood. GFM positive 5% HEFAS negative ?km web: no specific 2019 flood news found
HENKEL_US_OPERATIONS_CORP_3,0,0.0,,1,47.0,2019-12,1,16.4,49.0,-94.55685,39.134234,,0.0,False,0.0,0.0,,Low likelihood. GFM negative 0% HEFAS negative ?km web: no specific 2019 flood news found
HENKEL_US_OPERATIONS_CORP_4,1,5.0,2019-03_2019-04_2019-05_2019-06_2019-07_2019-08_2019-09_2019-10_2019-11,1,31.0,2019-12,1,21.4,100.0,-93.92257,39.25597,,0.0,False,0.0,0.0,,Medium likelihood. GFM positive 5% HEFAS negative ?km web: no specific 2019 flood news found
HENKEL_US_OPERATIONS_CORP_5,0,0.0,,1,47.0,2019-12,1,16.4,49.0,-94.55685,39.134234,,0.0,False,0.0,0.0,,Low likelihood. GFM negative 0% HEFAS negative ?km web: no specific 2019 flood news found
HENKEL_US_OPERATIONS_CORP_6,1,5.0,2019-03_2019-04_2019-05_2019-06_2019-07_2019-08_2019-09_2019-10_2019-11,1,31.0,2019-12,1,21.4,100.0,-93.92257,39.25597,,0.0,False,0.0,0.0,,Medium likelihood. GFM positive 5% HEFAS negative ?km web: no specific 2019 flood news found
HENKEL_US_OPERATIONS_CORP_7,0,0.0,,1,47.0,2019-12,1,16.4,49.0,-94.55685,39.134234,,0.0,False,0.0,0.0,,Low likelihood. GFM negative 0% HEFAS negative ?km web: no specific 2019 flood news found
HIBBARD_RENEWABLE_ENERGY_CENTER,0,0.0,2019-05,1,40.0,2019-12,1,8.8,92.0,-92.152417,46.735707,,0.0,False,0.0,0.0,,Low likelihood. GFM negative 0% HEFAS negative ?km web: no specific 2019 flood news found
HILL_S_PET_NUTRITION_INC,0,0.0,2019-05,1,69.0,2019-12,1,13.0,86.0,-95.672845,39.060941,,0.0,False,0.0,0.0,,Low likelihood. GFM negative 0% HEFAS negative ?km web: no specific 2019 flood news found
HINO_MOTORS_MANUFACTURING_USA_INC._0,0,0.0,,1,83.0,2019-12,1,7.9,49.0,-81.524425,39.209798,,0.0,False,0.0,0.0,,Low likelihood. GFM negative 0% HEFAS negative ?km web: no specific 2019 flood news found
HINO_MOTORS_MANUFACTURING_USA_INC._1,0,0.0,,1,83.0,2019-12,1,7.9,49.0,-81.524425,39.209798,,0.0,False,0.0,0.0,,Low likelihood. GFM negative 0% HEFAS negative ?km web: no specific 2019 flood news found
HINO_MOTORS_MANUFACTURING_USA_INC_0,0,0.0,,1,76.0,2019-12,1,5.8,49.0,-81.470146,39.392967,,0.0,False,0.0,0.0,,Low likelihood. GFM negative 0% HEFAS negative ?km web: no specific 2019 flood news found
HINO_MOTORS_MANUFACTURING_USA_INC_1,0,0.0,,1,76.0,2019-12,1,5.8,49.0,-81.470146,39.392967,,0.0,False,0.0,0.0,,Low likelihood. GFM negative 0% HEFAS negative ?km web: no specific 2019 flood news found
HINO_MOTORS_MFG._USA_INC._0,1,30.0,2019-02_2019-04_2019-06_2019-07_2019-08_2019-09_2019-10_2019-12,1,4.0,2019-12,1,50.9,100.0,-90.258531,35.175767,,0.0,False,0.0,0.0,,Medium likelihood. GFM positive 30% HEFAS negative ?km web: no specific 2019 flood news found
HINO_MOTORS_MFG._USA_INC._1,1,30.0,2019-02_2019-04_2019-06_2019-07_2019-08_2019-09_2019-10_2019-12,1,4.0,2019-12,1,50.9,100.0,-90.258531,35.175767,,0.0,False,0.0,0.0,,Medium likelihood. GFM positive 30% HEFAS negative ?km web: no specific 2019 flood news found
HITACHI_ENERGY_USA_INC._0,1,38.0,2019-04_2019-05_2019-06_2019-07,1,43.0,2019-12,1,43.8,100.0,-92.155641,38.599684,,0.0,False,0.0,0.0,,Medium likelihood. GFM positive 38% HEFAS negative ?km web: 2019 Midwestern U.S. floods (Mississippi/Missouri) https://en.wikipedia.org/wiki/2019_Midwestern_U.S._floods
HITACHI_ENERGY_USA_INC._1,1,38.0,2019-04_2019-05_2019-06_2019-07,1,43.0,2019-12,1,43.8,100.0,-92.155641,38.599684,,0.0,False,0.0,0.0,,Medium likelihood. GFM positive 38% HEFAS negative ?km web: 2019 Midwestern U.S. floods (Mississippi/Missouri) https://en.wikipedia.org/wiki/2019_Midwestern_U.S._floods
HOBSON_GALVANIZING_INC,0,0.0,,1,75.0,2019-12,1,15.9,49.0,-90.038989,29.843175,,0.0,False,0.0,0.0,,Low likelihood. GFM negative 0% HEFAS negative ?km web: no specific 2019 flood news found
HOLLYFRONTIER_TULSA_REFINING_LLC_EAST_FACILITY,0,0.0,,1,43.0,2019-12,1,17.1,49.0,-96.001057,36.118383,,0.0,False,0.0,0.0,,Low likelihood. GFM negative 0% HEFAS negative ?km web: no specific 2019 flood news found
HOLLYFRONTIER_TULSA_REFINING_WEST_FACILITY,0,0.0,,1,40.0,2019-12,1,16.0,49.0,-96.014865,36.1396,,0.0,False,0.0,0.0,,Low likelihood. GFM negative 0% HEFAS negative ?km web: no specific 2019 flood news found
HONEYWELL_INTERNATIONAL_INC_0,0,0.0,,1,76.0,2019-12,1,11.2,49.0,-73.695897,42.748909,,0.0,False,0.0,0.0,,Low likelihood. GFM negative 0% HEFAS negative ?km web: no specific 2019 flood news found
HONEYWELL_INTERNATIONAL_INC_1,0,0.0,,1,71.0,2019-12,1,10.4,49.0,-82.658001,38.505691,,0.0,False,0.0,0.0,,Low likelihood. GFM negative 0% HEFAS negative ?km web: no specific 2019 flood news found
HONEYWELL_INTERNATIONAL_INC_GEISMAR_PLANT,0,0.0,,1,58.0,2019-12,1,14.5,49.0,-91.051467,30.221874,,0.0,False,0.0,0.0,,Low likelihood. GFM negative 0% HEFAS negative ?km web: no specific 2019 flood news found
HONEYWELL_SAFETY_PRODUCTS,0,0.0,,1,45.0,2019-12,1,14.0,49.0,-90.594516,41.500164,,0.0,False,0.0,0.0,,Low likelihood. GFM negative 0% HEFAS negative ?km web: no specific 2019 flood news found
HUBBELL_LENOIR_CITY_INC,0,0.0,,1,70.0,2019-12,1,7.6,49.0,-84.274797,35.779085,,0.0,False,0.0,0.0,,Low likelihood. GFM negative 0% HEFAS negative ?km web: no specific 2019 flood news found
HUNTINGTON_ALLOYS_CORP,0,0.0,,1,90.0,2019-12,1,6.7,49.0,-82.580858,38.267087,,0.0,False,0.0,0.0,,Low likelihood. GFM negative 0% HEFAS negative ?km web: no specific 2019 flood news found
H_ndel_verket,1,1.0,2019-01_2019-02,1,37.0,2019-12,1,22.9,87.0,16.233336,58.619619,,2.0,True,-0.7781447345963475,2.0,20.1,High likelihood. GFM positive 1% HEFAS positive 20km web: no specific 2019 flood news found
Hammond_Division,1,2.0,2019-02_2019-09_2019-10_2019-11,1,54.0,2019-12,1,20.3,96.0,-122.652996,49.204952,,0.0,False,0.0,0.0,,Medium likelihood. GFM positive 2% HEFAS negative ?km web: no specific 2019 flood news found
Hay_River_Terminal,0,0.0,,1,45.0,2019-12,1,23.5,49.0,-115.777492,60.824427,,0.0,False,0.0,0.0,,Low likelihood. GFM negative 0% HEFAS negative ?km web: no specific 2019 flood news found
HeidelbergCement_AG._Zementwerk_Burglengenfeld,1,2.0,2019-03_2019-04_2019-05_2019-07,1,69.0,2019-12,1,19.9,95.0,12.028176,49.21285,,3.0,True,0.0116487455197132,3.0,4.7,High likelihood. GFM positive 2% HEFAS positive 5km web: no specific 2019 flood news found
Hexham_Train_Support_Facility,1,5.0,2019-02_2019-03_2019-04_2019-05_2019-06_2019-07_2019-08_2019-09,1,23.0,2019-12,1,29.3,100.0,151.680786,-32.823181,,0.0,False,0.0,0.0,,Medium likelihood. GFM positive 5% HEFAS negative ?km web: no specific 2019 flood news found
Hibbard_Energy_Center,0,0.0,2019-05,1,41.0,2019-12,1,8.8,92.0,-92.153087,46.73556,,0.0,False,0.0,0.0,,Low likelihood. GFM negative 0% HEFAS negative ?km web: no specific 2019 flood news found
Honeywell_Specialty_Chemicals_Seelze_GmbH,1,4.0,2019-04_2019-05_2019-07,1,42.0,2019-12,1,24.1,99.0,9.583184,52.400769,,6.0,True,0.0125448028673835,2.0,6.5,High likelihood. GFM positive 4% HEFAS positive 6km web: no specific 2019 flood news found
Hudson_Bay_OSB,0,0.0,2019-04,1,49.0,2019-12,1,25.6,94.0,-102.362449,52.822569,,0.0,False,0.0,0.0,,Low likelihood. GFM negative 0% HEFAS negative ?km web: no specific 2019 flood news found
Hunlock_Creek_Energy_Center,0,0.0,,1,94.0,2019-12,1,2.7,49.0,-76.068392,41.203357,,0.0,False,0.0,0.0,,Low likelihood. GFM negative 0% HEFAS negative ?km web: no specific 2019 flood news found
Hunlock_Unit_4,0,0.0,,1,94.0,2019-12,1,2.7,49.0,-76.068392,41.203357,,0.0,False,0.0,0.0,,Low likelihood. GFM negative 0% HEFAS negative ?km web: no specific 2019 flood news found
IATAN_GENERATING_STATION,1,29.0,2019-03_2019-04_2019-05_2019-06_2019-07_2019-09_2019-10_2019-11,1,23.0,2019-12,1,41.4,100.0,-94.979094,39.447545,,0.0,False,0.0,0.0,,Medium likelihood. GFM positive 29% HEFAS negative ?km web: no specific 2019 flood news found
ILLINOIS_CORN_PROCESSING_LLC,1,1.0,2019-02_2019-05,1,47.0,2019-12,1,18.2,95.0,-89.670089,40.55338,,0.0,False,0.0,0.0,,Medium likelihood. GFM positive 1% HEFAS negative ?km web: no specific 2019 flood news found
IMERYS_ALUMINATES_EX_KERNEOS,0,0.0,2019-09,1,66.0,2019-12,1,15.3,80.0,4.688833,44.510541,,0.0,False,-1.4836021505376344,-1.0,24.4,Low likelihood. GFM negative 0% HEFAS negative 24km web: no specific 2019 flood news found
IMERYS_GRAPHITE_CARBON_BELGIUM,0,0.0,,1,5.0,2019-12,1,22.5,49.0,4.349882,51.069574,,0.0,False,-1.3333333333333333,-1.0,14.2,Low likelihood. GFM negative 0% HEFAS negative 14km web: no specific 2019 flood news found
INDEPENDENCE_TUBE_CORP,0,0.0,2019-10,1,33.0,2019-12,1,6.7,83.0,-87.081414,34.66091,,0.0,False,0.0,0.0,,Low likelihood. GFM negative 0% HEFAS negative ?km web: no specific 2019 flood news found
INGREDION,0,0.0,2019-05,1,59.0,2019-12,1,10.4,87.0,-89.72874,40.565022,,0.0,False,0.0,0.0,,Low likelihood. GFM negative 0% HEFAS negative ?km web: no specific 2019 flood news found
INGREDION_INC_0,0,0.0,,1,68.0,2019-12,1,17.1,49.0,-91.665802,41.969382,,0.0,False,0.0,0.0,,Low likelihood. GFM negative 0% HEFAS negative ?km web: no specific 2019 flood news found
INGREDION_INC_1,0,0.0,,1,56.0,2019-12,1,15.7,49.0,-94.57329,39.125983,,0.0,False,0.0,0.0,,Low likelihood. GFM negative 0% HEFAS negative ?km web: no specific 2019 flood news found
INSTEEL_WIRE_PRODUCTS,1,3.0,2019-02_2019-03_2019-04_2019-05,1,62.0,2019-12,1,15.2,94.0,-89.210319,36.558486,,0.0,False,0.0,0.0,,Medium likelihood. GFM positive 3% HEFAS negative ?km web: no specific 2019 flood news found
INTERNATIONAL_PAPER-_NEW_BERN_MILL,0,0.0,,1,80.0,2019-12,1,13.4,49.0,-77.114743,35.212258,,0.0,False,0.0,0.0,,Low likelihood. GFM negative 0% HEFAS negative ?km web: no specific 2019 flood news found
INTERNATIONAL_PAPER_CO,0,0.0,,1,33.0,2019-12,1,11.8,49.0,-91.330305,40.623637,,0.0,False,0.0,0.0,,Low likelihood. GFM negative 0% HEFAS negative ?km web: no specific 2019 flood news found
INTERSTATE_CONCRETE_ASPHALT_DBA_HOOD_RIVER_SAND_GRAVEL,0,0.0,2019-04,1,61.0,2019-12,1,9.6,99.0,-121.49765,45.708543,,0.0,False,0.0,0.0,,Low likelihood. GFM negative 0% HEFAS negative ?km web: no specific 2019 flood news found
IPL_PETERSBURG,1,11.0,2019-01_2019-02_2019-03_2019-04_2019-05_2019-06,1,60.0,2019-12,1,21.9,100.0,-87.252851,38.527743,,0.0,False,0.0,0.0,,Medium likelihood. GFM positive 11% HEFAS negative ?km web: no specific 2019 flood news found
IPSCO_TUBULARS_INC_0,1,8.0,2019-01_2019-02_2019-03_2019-05_2019-06_2019-07_2019-09_2019-10_2019-11_2019-12,1,4.0,2019-12,1,33.9,100.0,-89.732747,35.949348,,0.0,False,0.0,0.0,,Medium likelihood. GFM positive 8% HEFAS negative ?km web: no specific 2019 flood news found
IPSCO_TUBULARS_INC_1,1,8.0,2019-01_2019-02_2019-03_2019-05_2019-06_2019-07_2019-09_2019-10_2019-11_2019-12,1,4.0,2019-12,1,33.9,100.0,-89.732747,35.949348,,0.0,False,0.0,0.0,,Medium likelihood. GFM positive 8% HEFAS negative ?km web: no specific 2019 flood news found
IPSCO_TUBULARS_KENTUCKY_INC_0,0,0.0,,1,86.0,2019-12,1,8.6,49.0,-84.495839,39.060239,,0.0,False,0.0,0.0,,Low likelihood. GFM negative 0% HEFAS negative ?km web: no specific 2019 flood news found
IPSCO_TUBULARS_KENTUCKY_INC_1,0,0.0,,1,86.0,2019-12,1,8.6,49.0,-84.495839,39.060239,,0.0,False,0.0,0.0,,Low likelihood. GFM negative 0% HEFAS negative ?km web: no specific 2019 flood news found
Imerys_Fused_Minerals_Laufenburg_GmbH,0,0.0,,1,79.0,2019-12,1,14.5,49.0,8.038408,47.556842,,9.0,True,0.0164277180406212,2.0,5.8,Medium likelihood. GFM negative 0% HEFAS positive 6km web: no specific 2019 flood news found
Imerys_Fused_Minerals_Ru_e,0,0.0,2019-04_2019-05,1,74.0,2019-12,1,12.8,88.0,15.520911,46.548511,,0.0,False,-1.3333333333333333,0.0,7.6,Low likelihood. GFM negative 0% HEFAS negative 8km web: no specific 2019 flood news found
Imerys_Fused_Minerals_Villach_GmbH_0,0,0.0,,1,60.0,2019-12,1,17.3,49.0,13.876886,46.620572,,54.0,True,0.098647380098993,5.0,3.7,Medium likelihood. GFM negative 0% HEFAS positive 4km web: Villach/Carinthia floods mid-Nov 2019 (Kleine Zeitung) https://www.kleinezeitung.at/kaernten/villach/5740970/Jahresrueckblick_Extremes-Unwetter-hielt-eine-ganze-Region-in-Atem
Imerys_Fused_Minerals_Villach_GmbH_1,0,0.0,,1,60.0,2019-12,1,17.3,49.0,13.876886,46.620572,,54.0,True,0.098647380098993,5.0,3.7,Medium likelihood. GFM negative 0% HEFAS positive 4km web: Villach/Carinthia floods mid-Nov 2019 (Kleine Zeitung) https://www.kleinezeitung.at/kaernten/villach/5740970/Jahresrueckblick_Extremes-Unwetter-hielt-eine-ganze-Region-in-Atem
Imerys_Magyarorsz_g_T_z_ll_anyaggy_rt_kft,1,5.0,2019-04_2019-05,1,17.0,2019-12,1,35.8,86.0,20.371299,46.410975,,9.0,True,-0.3166666666666666,2.0,24.0,High likelihood. GFM positive 5% HEFAS positive 24km web: no specific 2019 flood news found
Imerys_T_z_ll_anyaggy_rt_Kft.,1,5.0,2019-04_2019-05,1,17.0,2019-12,1,35.8,86.0,20.371299,46.410975,,9.0,True,-0.3166666666666666,2.0,24.0,High likelihood. GFM positive 5% HEFAS positive 24km web: no specific 2019 flood news found
Imerys_Villach_GmbH,0,0.0,,1,60.0,2019-12,1,17.3,49.0,13.876886,46.620572,,54.0,True,0.098647380098993,5.0,3.7,Medium likelihood. GFM negative 0% HEFAS positive 4km web: Villach/Carinthia floods mid-Nov 2019 (Kleine Zeitung) https://www.kleinezeitung.at/kaernten/villach/5740970/Jahresrueckblick_Extremes-Unwetter-hielt-eine-ganze-Region-in-Atem
Indiana_Gas_Company,1,7.0,2019-02_2019-09,1,43.0,2019-12,1,16.8,100.0,-87.57541,37.973396,,0.0,False,0.0,0.0,,Medium likelihood. GFM positive 7% HEFAS negative ?km web: no specific 2019 flood news found
Infineon_Technologies_AG,0,0.0,,1,65.0,2019-12,1,14.4,49.0,12.055994,49.021252,,9.0,True,0.0367383512544802,5.0,3.3,Medium likelihood. GFM negative 0% HEFAS positive 3km web: no specific 2019 flood news found
Ingelsta_HVC,1,1.0,2019-02,1,62.0,2019-12,1,20.0,83.0,16.171098,58.610927,,2.0,True,-0.7781447345963475,2.0,17.0,High likelihood. GFM positive 1% HEFAS positive 17km web: no specific 2019 flood news found
Installations_Portuaires_et_Services_Ferroviaires_0,1,2.0,2019-03_2019-04_2019-05_2019-06_2019-07_2019-08_2019-09_2019-10_2019-11_2019-12,1,29.0,2019-12,1,12.1,100.0,-70.878321,48.33348,,0.0,False,0.0,0.0,,Medium likelihood. GFM positive 2% HEFAS negative ?km web: no specific 2019 flood news found
Installations_Portuaires_et_Services_Ferroviaires_1,1,2.0,2019-03_2019-04_2019-05_2019-06_2019-07_2019-08_2019-09_2019-10_2019-11_2019-12,1,29.0,2019-12,1,12.1,100.0,-70.878321,48.33348,,0.0,False,0.0,0.0,,Medium likelihood. GFM positive 2% HEFAS negative ?km web: no specific 2019 flood news found
Installations_Portuaires_et_Services_Ferroviaires_2,1,2.0,2019-03_2019-04_2019-05_2019-06_2019-07_2019-08_2019-09_2019-10_2019-11_2019-12,1,29.0,2019-12,1,12.1,100.0,-70.878321,48.33348,,0.0,False,0.0,0.0,,Medium likelihood. GFM positive 2% HEFAS negative ?km web: no specific 2019 flood news found
International_Paper_-_Roanoke_Rapids_Landfill,0,0.0,,1,75.0,2019-12,1,13.2,49.0,-77.636934,36.462904,,0.0,False,0.0,0.0,,Low likelihood. GFM negative 0% HEFAS negative ?km web: no specific 2019 flood news found
International_Paper_Canadian_Pulp_Holdings_ULC,1,1.0,2019-04_2019-05_2019-06_2019-07_2019-11_2019-12,1,73.0,2019-12,1,15.0,100.0,-118.691181,55.071249,,0.0,False,0.0,0.0,,Medium likelihood. GFM positive 1% HEFAS negative ?km web: no specific 2019 flood news found
Interstate_Power_Light_-_MN_Gas_Distribution,0,0.0,2019-10,1,65.0,2019-12,1,17.7,99.0,-91.659035,41.974586,,0.0,False,0.0,0.0,,Low likelihood. GFM negative 0% HEFAS negative ?km web: no specific 2019 flood news found
Interstate_Power_Light_Gas_Distribution,0,0.0,,1,58.0,2019-12,1,18.2,49.0,-91.668667,41.977035,,0.0,False,0.0,0.0,,Low likelihood. GFM negative 0% HEFAS negative ?km web: no specific 2019 flood news found
Iroquois_Falls_Generating_Station,0,0.0,,1,90.0,2019-12,1,9.2,49.0,-80.66689,48.769597,,0.0,False,0.0,0.0,,Low likelihood. GFM negative 0% HEFAS negative ?km web: no specific 2019 flood news found
JEBRO_INC,0,0.0,2019-01_2019-09_2019-11,1,31.0,2019-12,1,21.7,95.0,-96.382189,42.431401,,0.0,False,0.0,0.0,,Low likelihood. GFM negative 0% HEFAS negative ?km web: no specific 2019 flood news found
JM_STUART_STATION,0,0.0,,1,80.0,2019-12,1,6.9,49.0,-83.68464,38.64164,,0.0,False,0.0,0.0,,Low likelihood. GFM negative 0% HEFAS negative ?km web: no specific 2019 flood news found
JOHNS_MANVILLE_0,0,0.0,,1,74.0,2019-12,1,14.3,49.0,-84.975797,32.432557,,0.0,False,0.0,0.0,,Low likelihood. GFM negative 0% HEFAS negative ?km web: no specific 2019 flood news found
JOHNS_MANVILLE_1,0,0.0,,1,57.0,2019-12,1,19.7,49.0,-97.459056,35.474662,,0.0,False,0.0,0.0,,Low likelihood. GFM negative 0% HEFAS negative ?km web: no specific 2019 flood news found
JOHNS_MANVILLE_PLANT_01,0,0.0,2019-04,1,47.0,2019-12,1,20.0,96.0,-83.706819,41.530371,,0.0,False,0.0,0.0,,Low likelihood. GFM negative 0% HEFAS negative ?km web: no specific 2019 flood news found
JOHNS_MANVILLE_PLANT_2,0,0.0,2019-04,1,63.0,2019-12,1,15.1,80.0,-84.364788,41.285909,,0.0,False,0.0,0.0,,Low likelihood. GFM negative 0% HEFAS negative ?km web: no specific 2019 flood news found
JOHN_DEERE_COFFEYVILLE_WORKS_A_DIV_OF_DEERE_COMPAN,1,14.0,2019-05_2019-06,1,23.0,2019-12,1,27.6,100.0,-95.586056,37.096987,,0.0,False,0.0,0.0,,Medium likelihood. GFM positive 14% HEFAS negative ?km web: no specific 2019 flood news found
JOHN_DEERE_FNDRY_WATERLOO,0,0.0,,1,61.0,2019-12,1,18.1,49.0,-92.35767,42.501926,,0.0,False,0.0,0.0,,Low likelihood. GFM negative 0% HEFAS negative ?km web: no specific 2019 flood news found
JOHN_DEERE_HARVESTER_WORKS_EAST_MOLINE,0,0.0,,1,45.0,2019-12,1,14.1,49.0,-90.434708,41.527279,,0.0,False,0.0,0.0,,Low likelihood. GFM negative 0% HEFAS negative ?km web: no specific 2019 flood news found
JOHN_DEERE_OTTUMWA_WORKS,0,0.0,,1,44.0,2019-12,1,14.7,49.0,-92.414238,41.004962,,0.0,False,0.0,0.0,,Low likelihood. GFM negative 0% HEFAS negative ?km web: no specific 2019 flood news found
JOHN_DEERE_SEEDING_CYLINDER,0,0.0,,1,64.0,2019-12,1,15.1,49.0,-90.532938,41.508475,,0.0,False,0.0,0.0,,Low likelihood. GFM negative 0% HEFAS negative ?km web: no specific 2019 flood news found
JOHN_DEERE_THIBODAUX,1,1.0,2019-10,1,43.0,2019-12,1,24.3,88.0,-90.829729,29.807397,,0.0,False,0.0,0.0,,Medium likelihood. GFM positive 1% HEFAS negative ?km web: no specific 2019 flood news found
JOHN_DEERE_WATERLOO_WORKS_DRIVETRAIN_OPERATIONS_AND_FOUNDRY,0,0.0,,1,61.0,2019-12,1,18.1,49.0,-92.355495,42.501817,,0.0,False,0.0,0.0,,Low likelihood. GFM negative 0% HEFAS negative ?km web: no specific 2019 flood news found
JTL_GROUP-KALISPELL_DBA_KNIFE_RIVER_-_KALISPELL,1,29.0,2019-03_2019-06_2019-07_2019-08_2019-09_2019-10_2019-11_2019-12,1,16.0,2019-12,1,43.1,100.0,-114.255364,48.262251,,0.0,False,0.0,0.0,,Medium likelihood. GFM positive 29% HEFAS negative ?km web: no specific 2019 flood news found
JULY_LAKE_A-71-G,0,0.0,,1,12.0,2019-12,1,19.4,49.0,-120.630654,59.643847,,0.0,False,0.0,0.0,,Low likelihood. GFM negative 0% HEFAS negative ?km web: no specific 2019 flood news found
Johns_Manville,0,0.0,,1,74.0,2019-12,1,14.3,49.0,-84.975797,32.432557,,0.0,False,0.0,0.0,,Low likelihood. GFM negative 0% HEFAS negative ?km web: no specific 2019 flood news found
July_Lake_Comp_Stn_A-071-G,0,0.0,,1,12.0,2019-12,1,19.3,49.0,-120.62921,59.644192,,0.0,False,0.0,0.0,,Low likelihood. GFM negative 0% HEFAS negative ?km web: no specific 2019 flood news found
KAMLOOPS_TERMINAL,0,0.0,,1,79.0,2019-12,1,16.8,49.0,-120.253696,50.67746,,0.0,False,0.0,0.0,,Low likelihood. GFM negative 0% HEFAS negative ?km web: no specific 2019 flood news found
KARR_CREEK_03-10,0,0.0,2019-06_2019-07,1,89.0,2019-12,1,10.6,100.0,-118.522853,54.690757,,0.0,False,0.0,0.0,,Low likelihood. GFM negative 0% HEFAS negative ?km web: no specific 2019 flood news found
KAWASAKI_RAIL_CAR_INC_0,0,0.0,,1,57.0,2019-12,1,4.0,49.0,-73.90008,40.936572,,0.0,False,0.0,0.0,,Low likelihood. GFM negative 0% HEFAS negative ?km web: no specific 2019 flood news found
KAWASAKI_RAIL_CAR_INC_1,0,0.0,,1,57.0,2019-12,1,4.0,49.0,-73.90008,40.936572,,0.0,False,0.0,0.0,,Low likelihood. GFM negative 0% HEFAS negative ?km web: no specific 2019 flood news found
KEEBLER_CO,1,6.0,2019-01_2019-02,1,70.0,2019-12,1,17.1,100.0,-84.393802,39.138845,,0.0,False,0.0,0.0,,Medium likelihood. GFM positive 6% HEFAS negative ?km web: no specific 2019 flood news found
KELLOGG_CO,0,0.0,,1,59.0,2019-12,1,14.6,49.0,-94.624128,39.146588,,0.0,False,0.0,0.0,,Low likelihood. GFM negative 0% HEFAS negative ?km web: no specific 2019 flood news found
KEYSTONE_FOODS_LLC_-_ALABAMA_DIV,0,0.0,,1,77.0,2019-12,1,10.2,49.0,-86.073249,33.965457,,0.0,False,0.0,0.0,,Low likelihood. GFM negative 0% HEFAS negative ?km web: no specific 2019 flood news found
KH_Coushatta_Gas_Treating_Facility_Coushatta._LA,1,5.0,2019-01_2019-08,1,21.0,2019-12,1,25.1,100.0,-93.492218,32.1116,,0.0,False,0.0,0.0,,Medium likelihood. GFM positive 5% HEFAS negative ?km web: no specific 2019 flood news found
KH_Plantation_Central_Gas_Treating_Facility_Coushatta._LA,0,0.0,2019-01_2019-05,1,35.0,2019-12,1,24.3,90.0,-93.487309,32.194048,,0.0,False,0.0,0.0,,Low likelihood. GFM negative 0% HEFAS negative ?km web: no specific 2019 flood news found
KH_Plantation_South_Gas_Treating_Facility_Coushatta._LA,0,0.0,2019-01_2019-05,1,36.0,2019-12,1,24.0,90.0,-93.486686,32.194021,,0.0,False,0.0,0.0,,Low likelihood. GFM negative 0% HEFAS negative ?km web: no specific 2019 flood news found
KILLARK_A_DVISION_OF_HUBBELL,0,0.0,2019-06,1,77.0,2019-12,1,12.8,82.0,-90.455742,38.55044,,0.0,False,0.0,0.0,,Low likelihood. GFM negative 0% HEFAS negative ?km web: no specific 2019 flood news found
KILLEN_STATION,0,0.0,,1,71.0,2019-12,1,6.3,49.0,-83.480353,38.690302,,0.0,False,0.0,0.0,,Low likelihood. GFM negative 0% HEFAS negative ?km web: no specific 2019 flood news found
KIMBERLY-CLARK_CORP_MARINETTE,0,0.0,2019-03,1,64.0,2019-12,1,18.3,100.0,-87.649791,45.104827,,0.0,False,0.0,0.0,,Low likelihood. GFM negative 0% HEFAS negative ?km web: no specific 2019 flood news found
KIMBERLY_CLARK_SNC,0,0.0,,1,68.0,2019-12,1,14.3,49.0,1.114007,49.405419,,0.0,False,-1.488231780167264,-1.0,20.7,Low likelihood. GFM negative 0% HEFAS negative 21km web: no specific 2019 flood news found
KIMEA_C-86-H,0,0.0,,1,41.0,2019-12,1,20.2,49.0,-121.073,59.655571,,0.0,False,0.0,0.0,,Low likelihood. GFM negative 0% HEFAS negative ?km web: no specific 2019 flood news found
KINGSFORD_MANUFACTURING_CO,0,0.0,,1,49.0,2019-12,1,26.1,49.0,-122.980353,44.063369,,0.0,False,0.0,0.0,,Low likelihood. GFM negative 0% HEFAS negative ?km web: no specific 2019 flood news found
KIRTLAND_CONCRETE,0,0.0,2019-01,1,64.0,2019-12,1,17.4,70.0,-122.963935,42.428385,,0.0,False,0.0,0.0,,Low likelihood. GFM negative 0% HEFAS negative ?km web: no specific 2019 flood news found
KMA_MANUFACTURING_LLC_0,0,0.0,,1,83.0,2019-12,1,5.4,49.0,-80.338666,40.679705,,0.0,False,0.0,0.0,,Low likelihood. GFM negative 0% HEFAS negative ?km web: no specific 2019 flood news found
KMA_MANUFACTURING_LLC_1,0,0.0,,1,83.0,2019-12,1,5.4,49.0,-80.338666,40.679705,,0.0,False,0.0,0.0,,Low likelihood. GFM negative 0% HEFAS negative ?km web: no specific 2019 flood news found
KMTP_Station_581_Markham._TX,1,20.0,2019-06_2019-08_2019-09_2019-12,1,13.0,2019-12,1,38.5,100.0,-96.15622,28.995617,,0.0,False,0.0,0.0,,Medium likelihood. GFM positive 20% HEFAS negative ?km web: no specific 2019 flood news found
KNIFE_RIVER_CORP_N_CENTRAL_BAXTER,0,0.0,,1,50.0,2019-12,1,24.0,49.0,-94.239187,46.349215,,0.0,False,0.0,0.0,,Low likelihood. GFM negative 0% HEFAS negative ?km web: no specific 2019 flood news found
KNIFE_RIVER_LITTLE_FALLS_SOUTH_READY_MIX,1,2.0,2019-11,1,27.0,2019-12,1,26.4,96.0,-94.363302,45.956987,,0.0,False,0.0,0.0,,Medium likelihood. GFM positive 2% HEFAS negative ?km web: no specific 2019 flood news found
KNIFE_RIVER_PLANT_5,0,0.0,2019-01_2019-04,1,2.0,2019-12,1,29.1,96.0,-96.540824,42.473707,,0.0,False,0.0,0.0,,Low likelihood. GFM negative 0% HEFAS negative ?km web: no specific 2019 flood news found
KNIFE_RIVER_SPOKANE_PRESTRESS,0,0.0,,1,60.0,2019-12,1,16.2,49.0,-117.336311,47.665502,,0.0,False,0.0,0.0,,Low likelihood. GFM negative 0% HEFAS negative ?km web: no specific 2019 flood news found
KNOWLTON_TECHNOLOGIES_LLC,0,0.0,,1,86.0,2019-12,1,14.2,49.0,-75.906509,43.975321,,0.0,False,0.0,0.0,,Low likelihood. GFM negative 0% HEFAS negative ?km web: no specific 2019 flood news found
KOMATSU_AMERICA_CORP_0,0,0.0,,1,50.0,2019-12,1,5.6,49.0,-89.561839,40.708383,,0.0,False,0.0,0.0,,Low likelihood. GFM negative 0% HEFAS negative ?km web: no specific 2019 flood news found
KOMATSU_AMERICA_CORP_1,0,0.0,,1,50.0,2019-12,1,5.6,49.0,-89.561839,40.708383,,0.0,False,0.0,0.0,,Low likelihood. GFM negative 0% HEFAS negative ?km web: no specific 2019 flood news found
KOSMOS_CEMENT_CO_LLC,1,1.0,2019-02_2019-06,1,64.0,2019-12,1,12.8,100.0,-85.905926,38.03466,,0.0,False,0.0,0.0,,Medium likelihood. GFM positive 1% HEFAS negative ?km web: no specific 2019 flood news found
KRAFT_FOODS_GROUP_INC_DAVENPORT,0,0.0,,1,56.0,2019-12,1,12.7,49.0,-90.59301,41.519654,,0.0,False,0.0,0.0,,Low likelihood. GFM negative 0% HEFAS negative ?km web: no specific 2019 flood news found
KRAFT_HEINZ_FOODS_CO,0,0.0,,1,70.0,2019-12,1,10.0,49.0,-81.869651,40.249849,,0.0,False,0.0,0.0,,Low likelihood. GFM negative 0% HEFAS negative ?km web: no specific 2019 flood news found
KRAFT_HEINZ_FOOD_CO,1,1.0,2019-11,1,34.0,2019-12,1,25.8,78.0,-116.957159,44.033049,,0.0,False,0.0,0.0,,Medium likelihood. GFM positive 1% HEFAS negative ?km web: no specific 2019 flood news found
KRAFT_STEAM_ELECTRIC_GENERATING_PLANT,0,0.0,,1,65.0,2019-12,1,17.0,49.0,-81.145216,32.149415,,0.0,False,0.0,0.0,,Low likelihood. GFM negative 0% HEFAS negative ?km web: no specific 2019 flood news found
K_S_Minerals_and_Agriculture_GmbH,1,7.0,2019-01_2019-03_2019-05_2019-06,1,17.0,2019-12,1,31.8,100.0,6.550902,51.614395,,0.0,False,0.0,0.0,5.2,Medium likelihood. GFM positive 7% HEFAS negative 5km web: no specific 2019 flood news found
Kandelium_GmbH,0,0.0,2019-04,1,7.0,2019-12,1,11.6,89.0,7.314669,50.511138,,2.0,True,0.0017921146953405,2.0,8.3,Medium likelihood. GFM negative 0% HEFAS positive 8km web: no specific 2019 flood news found
Karr_14-05-064-02W6_SWB_102_13-01,0,0.0,2019-03,1,89.0,2019-12,1,12.8,86.0,-118.267924,54.514256,,0.0,False,0.0,0.0,,Low likelihood. GFM negative 0% HEFAS negative ?km web: no specific 2019 flood news found
Kaybob_Oil_SWB_01-32-058-19W5,0,0.0,,1,77.0,2019-12,1,17.0,49.0,-116.779152,54.052069,,0.0,False,0.0,0.0,,Low likelihood. GFM negative 0% HEFAS negative ?km web: no specific 2019 flood news found
Kemira_Chemie_GesmbH,0,0.0,,1,48.0,2019-12,1,18.7,49.0,15.632076,48.40802,,0.0,False,0.0,0.0,13.0,Low likelihood. GFM negative 0% HEFAS negative 13km web: no specific 2019 flood news found
Kemira_Oyj._Harjavallan_tehtaat,0,0.0,2019-01,1,52.0,2019-12,1,18.9,79.0,22.115784,61.325426,,0.0,False,-1.75,-1.0,39.1,Low likelihood. GFM negative 0% HEFAS negative 39km web: no specific 2019 flood news found
Kimberly-Clark_GmbH,0,0.0,2019-05,1,52.0,2019-12,1,19.3,93.0,7.582076,50.393293,,1.0,True,0.0017921146953405,2.0,4.2,Medium likelihood. GFM negative 0% HEFAS positive 4km web: no specific 2019 flood news found
Knorr-Bremse_Systeme_f_r_Nutzfahrzeuge_GmbH._Standort_Aldersbach,1,6.0,2019-01_2019-04_2019-05,1,46.0,2019-12,1,27.0,98.0,13.091856,48.592148,,10.0,True,0.03584229390681,3.0,4.5,High likelihood. GFM positive 6% HEFAS positive 4km web: no specific 2019 flood news found
Koenig_Bauer_Gie_erei_GmbH,0,0.0,,1,87.0,2019-12,1,12.8,49.0,9.881012,49.808093,,1.0,True,0.0026881720430107,3.0,3.5,Medium likelihood. GFM negative 0% HEFAS positive 4km web: no specific 2019 flood news found
Kraft,0,0.0,,1,64.0,2019-12,1,16.9,49.0,-81.145813,32.14861,,0.0,False,0.0,0.0,,Low likelihood. GFM negative 0% HEFAS negative ?km web: no specific 2019 flood news found
Kyger_Creek,1,1.0,2019-02_2019-09_2019-10,1,67.0,2019-12,1,12.2,89.0,-82.128046,38.916133,,0.0,False,0.0,0.0,,Medium likelihood. GFM positive 1% HEFAS negative ?km web: no specific 2019 flood news found
L-3_POWER_PARAGON_INC,0,0.0,,1,51.0,2019-12,1,18.2,49.0,-117.899255,33.818134,,0.0,False,0.0,0.0,,Low likelihood. GFM negative 0% HEFAS negative ?km web: no specific 2019 flood news found
LAKE_ROAD_STATION,1,2.0,2019-03,1,44.0,2019-12,1,20.1,99.0,-94.875818,39.72525,,0.0,False,0.0,0.0,,Medium likelihood. GFM positive 2% HEFAS negative ?km web: no specific 2019 flood news found
LANXESS_CORP,0,0.0,2019-05,1,56.0,2019-12,1,10.2,87.0,-89.721322,40.565889,,0.0,False,0.0,0.0,,Low likelihood. GFM negative 0% HEFAS negative ?km web: no specific 2019 flood news found
LANXESS_CORP_NEVILLE_ISLAND,0,0.0,,1,82.0,2019-12,1,6.1,49.0,-80.111711,40.507848,,0.0,False,0.0,0.0,,Low likelihood. GFM negative 0% HEFAS negative ?km web: no specific 2019 flood news found
LANXESS_Deutschland_GmbH,0,0.0,,1,61.0,2019-12,1,20.1,49.0,6.982471,51.015032,,9.0,True,0.0197132616487455,2.0,8.8,Medium likelihood. GFM negative 0% HEFAS positive 9km web: no specific 2019 flood news found
LCI_-_039B,0,0.0,,1,45.0,2019-12,1,13.9,49.0,-86.157593,41.658217,,0.0,False,0.0,0.0,,Low likelihood. GFM negative 0% HEFAS negative ?km web: no specific 2019 flood news found
LEAR_CORP,0,0.0,,1,87.0,2019-12,1,7.5,49.0,-81.992164,39.967739,,0.0,False,0.0,0.0,,Low likelihood. GFM negative 0% HEFAS negative ?km web: no specific 2019 flood news found
LEBANON_CRUSHED_STONE_PIKE_INDUSTRIES_INC,0,0.0,2019-04,1,86.0,2019-12,1,8.9,80.0,-72.326961,43.61783,,0.0,False,0.0,0.0,,Low likelihood. GFM negative 0% HEFAS negative ?km web: no specific 2019 flood news found
LEGGETT_PLATT_INC_0,0,0.0,,1,60.0,2019-12,1,6.0,49.0,-76.137863,41.110657,,0.0,False,0.0,0.0,,Low likelihood. GFM negative 0% HEFAS negative ?km web: no specific 2019 flood news found
LEGGETT_PLATT_INC_1,1,25.0,2019-01_2019-02_2019-03_2019-04_2019-05_2019-06_2019-07_2019-08_2019-10_2019-11_2019-12,1,19.0,2019-12,1,43.0,100.0,-89.583783,37.240379,,0.0,False,0.0,0.0,,Medium likelihood. GFM positive 25% HEFAS negative ?km web: no specific 2019 flood news found
LEVIAT,0,0.0,2019-01_2019-02_2019-03_2019-04,1,63.0,2019-12,1,22.0,86.0,-122.671787,45.267326,,0.0,False,0.0,0.0,,Low likelihood. GFM negative 0% HEFAS negative ?km web: no specific 2019 flood news found
LIBERTY_LIEGE_DUDELANGE_-_Tilleur_DLC,0,0.0,,1,85.0,2019-12,1,9.6,49.0,5.5325,50.613388,,3.0,True,-1.3250768049155146,5.0,4.6,Medium likelihood. GFM negative 0% HEFAS positive 5km web: no specific 2019 flood news found
LIPPERT_COMPONENTS_INC,0,0.0,,1,53.0,2019-12,1,14.2,49.0,-85.922936,41.684443,,0.0,False,0.0,0.0,,Low likelihood. GFM negative 0% HEFAS negative ?km web: no specific 2019 flood news found
LM_WIND_POWER_BLADES_USA_INC,1,6.0,2019-05_2019-06,1,37.0,2019-12,1,27.6,100.0,-92.18192,34.707063,,0.0,False,0.0,0.0,,Medium likelihood. GFM positive 6% HEFAS negative ?km web: no specific 2019 flood news found
LM_WIND_POWER_TCA,0,0.0,,1,46.0,2019-12,1,14.1,49.0,-89.919412,30.024986,,0.0,False,0.0,0.0,,Low likelihood. GFM negative 0% HEFAS negative ?km web: no specific 2019 flood news found
LNVA-NORTH_REGIONAL_TREATMENT_PLANT_0,0,0.0,,1,68.0,2019-12,1,13.2,49.0,-94.06106,30.063456,,0.0,False,0.0,0.0,,Low likelihood. GFM negative 0% HEFAS negative ?km web: no specific 2019 flood news found
LNVA-NORTH_REGIONAL_TREATMENT_PLANT_1,0,0.0,,1,68.0,2019-12,1,13.2,49.0,-94.06106,30.063456,,0.0,False,0.0,0.0,,Low likelihood. GFM negative 0% HEFAS negative ?km web: no specific 2019 flood news found
LOCKHEED_MARTIN_RMS,0,0.0,,1,83.0,2019-12,1,7.4,49.0,-76.224141,42.09538,,0.0,False,0.0,0.0,,Low likelihood. GFM negative 0% HEFAS negative ?km web: no specific 2019 flood news found
LOUISVILLE_GAS_ELECTRIC_CO._-_MILL_CREEK_STATION,0,0.0,,1,59.0,2019-12,1,13.0,49.0,-85.907541,38.050096,,0.0,False,0.0,0.0,,Low likelihood. GFM negative 0% HEFAS negative ?km web: no specific 2019 flood news found
LOUISVILLE_GAS_ELECTRIC_CO._-_TRIMBLE_COUNTY_STATION,0,0.0,2019-02,1,73.0,2019-12,1,6.8,87.0,-85.411634,38.584729,,0.0,False,0.0,0.0,,Low likelihood. GFM negative 0% HEFAS negative ?km web: no specific 2019 flood news found
LOUISVILLE_GAS_ELECTRIC_CO_-_CANE_RUN_STATION,1,1.0,2019-02,1,64.0,2019-12,1,13.5,96.0,-85.886864,38.181532,,0.0,False,0.0,0.0,,Medium likelihood. GFM positive 1% HEFAS negative ?km web: no specific 2019 flood news found
LOVELAND_PRODUCTS,1,1.0,2019-03,1,27.0,2019-12,1,31.0,95.0,-104.779719,40.449773,,0.0,False,0.0,0.0,,Medium likelihood. GFM positive 1% HEFAS negative ?km web: no specific 2019 flood news found
LUBRIZOL_ADVANCED_MATERIALS_INC,1,10.0,2019-01_2019-02_2019-03_2019-04_2019-05_2019-06_2019-10_2019-12,1,59.0,2019-12,1,23.5,100.0,-88.325543,37.04625,,0.0,False,0.0,0.0,,Medium likelihood. GFM positive 10% HEFAS negative ?km web: no specific 2019 flood news found
LUBRIZOL_CORP,1,1.0,2019-02_2019-03,1,53.0,2019-12,1,19.5,96.0,-75.422809,39.7639,,0.0,False,0.0,0.0,,Medium likelihood. GFM positive 1% HEFAS negative ?km web: no specific 2019 flood news found
LYDALL_PERFORMANCE_MATERIALS,1,1.0,2019-02,1,84.0,2019-12,1,10.4,87.0,-76.426355,43.354367,,0.0,False,0.0,0.0,,Medium likelihood. GFM positive 1% HEFAS negative ?km web: no specific 2019 flood news found
LYDALL_THERMAL_ACOUSTICAL_INC,0,0.0,,1,76.0,2019-12,1,11.3,49.0,-73.692479,42.742217,,0.0,False,0.0,0.0,,Low likelihood. GFM negative 0% HEFAS negative ?km web: no specific 2019 flood news found
LYONDELL_CHIMIE_SAS,0,0.0,,1,26.0,2019-12,1,14.9,49.0,4.860211,43.420095,,0.0,False,-1.4836021505376344,-1.0,44.1,Low likelihood. GFM negative 0% HEFAS negative 44km web: no specific 2019 flood news found
Labadie,1,21.0,2019-03_2019-04_2019-05_2019-06_2019-07_2019-08_2019-09_2019-10,1,38.0,2019-12,1,36.4,100.0,-90.835994,38.558295,,0.0,False,0.0,0.0,,Medium likelihood. GFM positive 21% HEFAS negative ?km web: no specific 2019 flood news found
Lewis_Clark,0,0.0,,1,24.0,2019-12,1,20.7,49.0,-104.156886,47.678817,,0.0,False,0.0,0.0,,Low likelihood. GFM negative 0% HEFAS negative ?km web: no specific 2019 flood news found
Lieberman_Power_Plant,0,0.0,,1,46.0,2019-12,1,5.1,49.0,-93.959769,32.704685,,0.0,False,0.0,0.0,,Low likelihood. GFM negative 0% HEFAS negative ?km web: no specific 2019 flood news found
Lindbergh_Cavern,0,0.0,,1,72.0,2019-12,1,21.2,49.0,-110.644781,53.866865,,0.0,False,0.0,0.0,,Low likelihood. GFM negative 0% HEFAS negative ?km web: no specific 2019 flood news found
Lindemans_Karadoc_Winery,0,0.0,,1,21.0,2019-12,1,38.0,49.0,142.273009,-34.31961,,0.0,False,0.0,0.0,,Low likelihood. GFM negative 0% HEFAS negative ?km web: no specific 2019 flood news found
Little_Gypsy,1,9.0,2019-01_2019-02_2019-03_2019-04_2019-05_2019-06_2019-07_2019-08_2019-11_2019-12,1,47.0,2019-12,1,21.4,100.0,-90.461111,30.003222,,0.0,False,0.0,0.0,,Medium likelihood. GFM positive 9% HEFAS negative ?km web: no specific 2019 flood news found
Longford,0,0.0,2019-11,1,36.0,2019-12,1,23.9,90.0,147.116088,-41.58907,,0.0,False,0.0,0.0,,Low likelihood. GFM negative 0% HEFAS negative ?km web: no specific 2019 flood news found
Lycium,0,0.0,,1,100.0,2019-12,1,33.3,49.0,139.538655,-28.064632,,0.0,False,0.0,0.0,,Low likelihood. GFM negative 0% HEFAS negative ?km web: no specific 2019 flood news found
Lyondell_Chemical_Nederland_Ltd.,0,0.0,,1,54.0,2019-12,1,24.4,49.0,4.252926,51.882097,,0.0,False,-2.0,-2.0,84.3,Low likelihood. GFM negative 0% HEFAS negative 84km web: no specific 2019 flood news found
MARATHON_ELECTRIC-REGAL_BELOIT_CORP,1,20.0,2019-01_2019-02_2019-03_2019-04_2019-06_2019-10_2019-11_2019-12,1,8.0,2019-12,1,41.6,100.0,-89.860524,35.928441,,0.0,False,0.0,0.0,,Medium likelihood. GFM positive 20% HEFAS negative ?km web: no specific 2019 flood news found
MARATHON_PETROLEUM_CO_-_FLOREFFE_PA_ASPHALT_TERMINAL,0,0.0,,1,88.0,2019-12,1,4.7,49.0,-79.915164,40.258386,,0.0,False,0.0,0.0,,Low likelihood. GFM negative 0% HEFAS negative ?km web: no specific 2019 flood news found
MARATHON_PETROLEUM_CO_-_KNOXVILLE_TN_ASP_TERMINAL,0,0.0,,1,85.0,2019-12,1,7.2,49.0,-83.909052,35.959592,,0.0,False,0.0,0.0,,Low likelihood. GFM negative 0% HEFAS negative ?km web: no specific 2019 flood news found
MARATHON_PETROLEUM_CO_-_LOUISVILLE_CANE_RUN_TERMINAL,0,0.0,,1,63.0,2019-12,1,11.3,49.0,-85.90213,38.130015,,0.0,False,0.0,0.0,,Low likelihood. GFM negative 0% HEFAS negative ?km web: no specific 2019 flood news found
MARATHON_PETROLEUM_CO_-_NASHVILLE_TN_ASP_TERMINAL,0,0.0,,1,77.0,2019-12,1,8.6,49.0,-86.808606,36.203736,,0.0,False,0.0,0.0,,Low likelihood. GFM negative 0% HEFAS negative ?km web: no specific 2019 flood news found
MARATHON_PETROLEUM_CO_-_WELLSVILLE_OH_ASP_TERMINAL,0,0.0,,1,83.0,2019-12,1,6.3,49.0,-80.661847,40.593048,,0.0,False,0.0,0.0,,Low likelihood. GFM negative 0% HEFAS negative ?km web: no specific 2019 flood news found
MARATHON_PETROLEUM_CO_LP,0,0.0,,1,35.0,2019-12,1,19.0,49.0,-90.593548,30.06133,,0.0,False,0.0,0.0,,Low likelihood. GFM negative 0% HEFAS negative ?km web: no specific 2019 flood news found
MARKHAM_GAS_PROCESSING_PLANT,1,1.0,2019-06_2019-08,1,20.0,2019-12,1,24.9,88.0,-96.057719,29.018003,,0.0,False,0.0,0.0,,Medium likelihood. GFM positive 1% HEFAS negative ?km web: no specific 2019 flood news found
MARTIN_MARIETTA_BRIGHTON_READY_MIX,1,7.0,2019-10,1,25.0,2019-12,1,28.6,100.0,-104.818462,40.014081,,0.0,False,0.0,0.0,,Medium likelihood. GFM positive 7% HEFAS negative ?km web: no specific 2019 flood news found
MARTIN_MARIETTA_GREELEY_35TH_AVE,1,1.0,2019-07,1,31.0,2019-12,1,23.4,49.0,-104.734891,40.448526,,0.0,False,0.0,0.0,,Medium likelihood. GFM positive 1% HEFAS negative ?km web: no specific 2019 flood news found
MASCO_BATH,0,0.0,2019-02_2019-04,1,24.0,2019-12,1,34.1,88.0,-121.754944,42.171016,,0.0,False,0.0,0.0,,Low likelihood. GFM negative 0% HEFAS negative ?km web: no specific 2019 flood news found
MASTERBRAND_CABINETS_INC-GRANTS_PASS_OPERATIONS,0,0.0,,1,74.0,2019-12,1,13.8,49.0,-123.319739,42.433002,,0.0,False,0.0,0.0,,Low likelihood. GFM negative 0% HEFAS negative ?km web: no specific 2019 flood news found
MASTER_HALCO_0,1,3.0,2019-02_2019-03_2019-04_2019-05_2019-06_2019-07_2019-10_2019-11_2019-12,1,24.0,2019-12,1,31.2,100.0,-90.195782,35.106318,,0.0,False,0.0,0.0,,Medium likelihood. GFM positive 3% HEFAS negative ?km web: no specific 2019 flood news found
MASTER_HALCO_1,1,3.0,2019-02_2019-03_2019-04_2019-05_2019-06_2019-07_2019-10_2019-11_2019-12,1,24.0,2019-12,1,31.2,100.0,-90.195782,35.106318,,0.0,False,0.0,0.0,,Medium likelihood. GFM positive 3% HEFAS negative ?km web: no specific 2019 flood news found
MATERIALS_PACKAGING_CORP_0,0,0.0,,1,41.0,2019-12,1,21.0,49.0,-96.495941,41.460005,,0.0,False,0.0,0.0,,Low likelihood. GFM negative 0% HEFAS negative ?km web: no specific 2019 flood news found
MATERIALS_PACKAGING_CORP_1,0,0.0,,1,40.0,2019-12,1,21.1,49.0,-96.497354,41.460919,,0.0,False,0.0,0.0,,Low likelihood. GFM negative 0% HEFAS negative ?km web: no specific 2019 flood news found
MATTHEWS_INTERNATIONAL_CORP,0,0.0,,1,83.0,2019-12,1,4.6,49.0,-79.868642,40.488158,,0.0,False,0.0,0.0,,Low likelihood. GFM negative 0% HEFAS negative ?km web: no specific 2019 flood news found
MAVERICK_TUBE_CORP_0,1,31.0,2019-01_2019-02_2019-03_2019-04_2019-07_2019-09_2019-10_2019-11_2019-12,1,13.0,2019-12,1,49.3,100.0,-89.758373,35.934267,,0.0,False,0.0,0.0,,Medium likelihood. GFM positive 31% HEFAS negative ?km web: no specific 2019 flood news found
MAVERICK_TUBE_CORP_1,1,31.0,2019-01_2019-02_2019-03_2019-04_2019-07_2019-09_2019-10_2019-11_2019-12,1,13.0,2019-12,1,49.3,100.0,-89.758373,35.934267,,0.0,False,0.0,0.0,,Medium likelihood. GFM positive 31% HEFAS negative ?km web: no specific 2019 flood news found
MCCONWAY_TORLEY_LLC_PLT_1801,0,0.0,,1,85.0,2019-12,1,4.4,49.0,-79.961344,40.478364,,0.0,False,0.0,0.0,,Low likelihood. GFM negative 0% HEFAS negative ?km web: no specific 2019 flood news found
MCDERMOTT_INC,0,0.0,,1,74.0,2019-12,1,16.5,49.0,-91.100031,29.650477,,0.0,False,0.0,0.0,,Low likelihood. GFM negative 0% HEFAS negative ?km web: no specific 2019 flood news found
MCNEILUS_TRUCK_MANUFACTURING_INC,0,0.0,,1,61.0,2019-12,1,15.1,49.0,-111.988314,33.41488,,0.0,False,0.0,0.0,,Low likelihood. GFM negative 0% HEFAS negative ?km web: no specific 2019 flood news found
MDU_CORVALLIS_ASPHALT,1,2.0,2019-04,1,4.0,2019-12,1,28.3,96.0,-123.24145,44.563268,,0.0,False,0.0,0.0,,Medium likelihood. GFM positive 2% HEFAS negative ?km web: no specific 2019 flood news found
MDU_RESOURCES_EUGENE_CONCRETE,0,0.0,2019-03_2019-04_2019-05,1,65.0,2019-12,1,21.9,86.0,-123.10825,44.099169,,0.0,False,0.0,0.0,,Low likelihood. GFM negative 0% HEFAS negative ?km web: no specific 2019 flood news found
MDU_RESOURCES_KLAMATH_FALLS_CONCRETE,1,1.0,2019-02_2019-04_2019-12,1,28.0,2019-12,1,29.0,88.0,-121.770949,42.181818,,0.0,False,0.0,0.0,,Medium likelihood. GFM positive 1% HEFAS negative ?km web: no specific 2019 flood news found
MDU_RESOURCES_KNIFE_RIVER_SUNDIAL_ASPHALT,0,0.0,,1,44.0,2019-12,1,17.8,49.0,-122.408769,45.563388,,0.0,False,0.0,0.0,,Low likelihood. GFM negative 0% HEFAS negative ?km web: no specific 2019 flood news found
MERCER_GENERATING_STATION,1,2.0,2019-02_2019-03_2019-04_2019-05_2019-08_2019-09_2019-10_2019-11_2019-12,1,63.0,2019-12,1,16.2,100.0,-74.733892,40.178874,,0.0,False,0.0,0.0,,Medium likelihood. GFM positive 2% HEFAS negative ?km web: no specific 2019 flood news found
METAL_IMPROVEMENT_CO,0,0.0,,1,64.0,2019-12,1,12.8,49.0,-74.918844,40.080704,,0.0,False,0.0,0.0,,Low likelihood. GFM negative 0% HEFAS negative ?km web: no specific 2019 flood news found
MGPI_of_Indiana._LLC,1,4.0,2019-01_2019-02_2019-03_2019-04_2019-05_2019-06_2019-12,1,63.0,2019-12,1,17.0,100.0,-84.861379,39.099968,,0.0,False,0.0,0.0,,Medium likelihood. GFM positive 4% HEFAS negative ?km web: no specific 2019 flood news found
MICHELIN_ESPA_A_PORTUGAL_S.A.,1,2.0,2019-01_2019-02_2019-04_2019-05,1,57.0,2019-12,1,19.5,100.0,-4.712519,41.676685,,4.0,True,-1.3203703703703702,5.0,2.4,High likelihood. GFM positive 2% HEFAS positive 2km web: no specific 2019 flood news found
MIDAMERICAN_ENERGY-RIVERSIDE_GENERATING_STATION,0,0.0,,1,42.0,2019-12,1,11.4,49.0,-90.447777,41.540385,,0.0,False,0.0,0.0,,Low likelihood. GFM negative 0% HEFAS negative ?km web: no specific 2019 flood news found
MIDAMERICAN_ENERGY_CO_GEORGE_NEAL_NORTH,1,1.0,2019-01_2019-06_2019-07_2019-08_2019-09_2019-10_2019-11,1,23.0,2019-12,1,24.4,100.0,-96.367841,42.327436,,0.0,False,0.0,0.0,,Medium likelihood. GFM positive 1% HEFAS negative ?km web: no specific 2019 flood news found
MIDWEST_METAL_COATINGS,1,5.0,2019-03_2019-04_2019-05_2019-06_2019-07_2019-08_2019-09_2019-11_2019-12,1,38.0,2019-12,1,25.6,100.0,-90.143998,38.72743,,0.0,False,0.0,0.0,,Medium likelihood. GFM positive 5% HEFAS negative ?km web: no specific 2019 flood news found
MIRAMICHI_MARINE_TERMINAL,1,3.0,2019-03_2019-04,1,70.0,2019-12,1,15.2,99.0,-65.485725,47.018744,,0.0,False,0.0,0.0,,Medium likelihood. GFM positive 3% HEFAS negative ?km web: no specific 2019 flood news found
MISSISSIPPI_POWER_CO_-_PLANT_DANIEL,0,0.0,,1,78.0,2019-12,1,14.6,49.0,-88.556176,30.530351,,0.0,False,0.0,0.0,,Low likelihood. GFM negative 0% HEFAS negative ?km web: no specific 2019 flood news found
MITCHELL_STEAM_ELECTRIC_GENERATING_PLANT,0,0.0,,1,81.0,2019-12,1,11.8,49.0,-84.134525,31.444496,,0.0,False,0.0,0.0,,Low likelihood. GFM negative 0% HEFAS negative ?km web: no specific 2019 flood news found
MITSUE_11-15,0,0.0,,1,14.0,2019-12,1,28.0,49.0,-114.373906,54.887349,,0.0,False,0.0,0.0,,Low likelihood. GFM negative 0% HEFAS negative ?km web: no specific 2019 flood news found
MITSUE_7-28-71-2W5_CS_06-14,0,0.0,,1,76.0,2019-12,1,18.7,49.0,-114.200308,55.232584,,0.0,False,0.0,0.0,,Low likelihood. GFM negative 0% HEFAS negative ?km web: no specific 2019 flood news found
MM_Frohnleiten_GmbH,0,0.0,,1,85.0,2019-12,1,9.9,49.0,15.328083,47.278013,,2.0,True,-0.6629629629629629,2.0,15.1,Medium likelihood. GFM negative 0% HEFAS positive 15km web: no specific 2019 flood news found
MODINE_MANUFACTURING_CO,0,0.0,,1,81.0,2019-12,1,8.5,49.0,-84.104488,36.101903,,0.0,False,0.0,0.0,,Low likelihood. GFM negative 0% HEFAS negative ?km web: no specific 2019 flood news found
MOL_Magyar_Olaj-_s_G_zipari_Nyrt.Algy__302_CH_termel__k_t,1,4.0,2019-04_2019-05,1,17.0,2019-12,1,36.0,100.0,20.181004,46.300672,,9.0,True,-0.3166666666666666,2.0,23.8,High likelihood. GFM positive 4% HEFAS positive 24km web: no specific 2019 flood news found
MOL_Magyar_Olaj-_s_G_zipari_Nyrt._-_Endr_d-60_sz_nhidrog_n_termel__k_t_telephelye,1,10.0,2019-03_2019-04_2019-05,1,5.0,2019-12,1,42.1,100.0,20.658044,46.978963,,11.0,True,-0.2944444444444444,2.0,10.5,High likelihood. GFM positive 10% HEFAS positive 10km web: no specific 2019 flood news found
MOL_Magyar_Olaj-_s_G_zipari_Nyrt._0,1,1.0,2019-04_2019-05,1,5.0,2019-12,1,37.0,88.0,20.060871,46.247387,,9.0,True,0.0166666666666666,2.0,22.1,High likelihood. GFM positive 1% HEFAS positive 22km web: no specific 2019 flood news found
MOL_Magyar_Olaj-_s_G_zipari_Nyrt._1,1,41.0,2019-03_2019-04_2019-05,1,4.0,2019-12,1,49.1,100.0,20.988735,46.287813,,0.0,False,-0.3333333333333333,0.0,29.2,Medium likelihood. GFM positive 41% HEFAS negative 29km web: Hungary 2019 only moderate Danube highs; possible overflag.
MOL_Magyar_Olaj-_s_G_zipari_Nyrt._10,1,4.0,2019-04_2019-05,1,19.0,2019-12,1,37.7,99.0,20.23178,46.297801,,9.0,True,-0.3166666666666666,2.0,20.2,High likelihood. GFM positive 4% HEFAS positive 20km web: no specific 2019 flood news found
MOL_Magyar_Olaj-_s_G_zipari_Nyrt._11,1,3.0,2019-04_2019-05,1,15.0,2019-12,1,36.3,99.0,20.190814,46.306697,,9.0,True,-0.3166666666666666,2.0,23.4,High likelihood. GFM positive 3% HEFAS positive 23km web: no specific 2019 flood news found
MOL_Magyar_Olaj-_s_G_zipari_Nyrt._12,1,4.0,2019-04_2019-05,1,20.0,2019-12,1,34.6,100.0,20.176231,46.303922,,9.0,True,-0.3166666666666666,2.0,24.2,High likelihood. GFM positive 4% HEFAS positive 24km web: no specific 2019 flood news found
MOL_Magyar_Olaj-_s_G_zipari_Nyrt._13,1,2.0,2019-04_2019-05,1,18.0,2019-12,1,34.9,100.0,20.173084,46.315155,,9.0,True,-0.3166666666666666,2.0,25.1,High likelihood. GFM positive 2% HEFAS positive 25km web: no specific 2019 flood news found
MOL_Magyar_Olaj-_s_G_zipari_Nyrt._14,1,4.0,2019-04_2019-05,1,23.0,2019-12,1,34.1,100.0,20.173949,46.301409,,9.0,True,-0.3166666666666666,2.0,24.3,High likelihood. GFM positive 4% HEFAS positive 24km web: no specific 2019 flood news found
MOL_Magyar_Olaj-_s_G_zipari_Nyrt._15,0,0.0,2019-05,1,30.0,2019-12,1,31.9,78.0,20.091495,46.23618,,9.0,True,0.0166666666666666,2.0,20.8,Medium likelihood. GFM negative 0% HEFAS positive 21km web: no specific 2019 flood news found
MOL_Magyar_Olaj-_s_G_zipari_Nyrt._16,1,1.0,2019-02_2019-04,1,5.0,2019-12,1,38.3,80.0,20.257614,46.257021,,9.0,True,-0.3166666666666666,2.0,16.4,High likelihood. GFM positive 1% HEFAS positive 16km web: no specific 2019 flood news found
MOL_Magyar_Olaj-_s_G_zipari_Nyrt._17,1,3.0,2019-04_2019-05,1,16.0,2019-12,1,35.9,100.0,20.182181,46.302335,,9.0,True,-0.3166666666666666,2.0,23.8,High likelihood. GFM positive 3% HEFAS positive 24km web: no specific 2019 flood news found
MOL_Magyar_Olaj-_s_G_zipari_Nyrt._18,0,0.0,,1,29.0,2019-12,1,32.5,49.0,20.217502,46.27262,,9.0,True,-0.3166666666666666,2.0,19.9,Medium likelihood. GFM negative 0% HEFAS positive 20km web: no specific 2019 flood news found
MOL_Magyar_Olaj-_s_G_zipari_Nyrt._19,0,0.0,,1,24.0,2019-12,1,33.4,49.0,20.224066,46.278707,,9.0,True,-0.3166666666666666,2.0,19.7,Medium likelihood. GFM negative 0% HEFAS positive 20km web: no specific 2019 flood news found
MOL_Magyar_Olaj-_s_G_zipari_Nyrt._2,1,2.0,2019-04_2019-05,1,21.0,2019-12,1,34.0,99.0,20.195459,46.316048,,9.0,True,-0.3166666666666666,2.0,23.6,High likelihood. GFM positive 2% HEFAS positive 24km web: no specific 2019 flood news found
MOL_Magyar_Olaj-_s_G_zipari_Nyrt._20,1,9.0,2019-02_2019-04_2019-05,1,6.0,2019-12,1,40.9,98.0,20.285672,46.215323,,9.0,True,-0.3166666666666666,2.0,13.2,High likelihood. GFM positive 9% HEFAS positive 13km web: no specific 2019 flood news found
MOL_Magyar_Olaj-_s_G_zipari_Nyrt._21,1,2.0,2019-04_2019-05_2019-06,1,9.0,2019-12,1,38.1,90.0,20.071828,46.235905,,9.0,True,0.0166666666666666,2.0,20.8,High likelihood. GFM positive 2% HEFAS positive 21km web: no specific 2019 flood news found
MOL_Magyar_Olaj-_s_G_zipari_Nyrt._22,0,0.0,,1,24.0,2019-12,1,33.3,49.0,20.222321,46.277745,,9.0,True,-0.3166666666666666,2.0,19.8,Medium likelihood. GFM negative 0% HEFAS positive 20km web: no specific 2019 flood news found
MOL_Magyar_Olaj-_s_G_zipari_Nyrt._23,0,0.0,,1,26.0,2019-12,1,33.3,49.0,20.228608,46.265901,,9.0,True,-0.3166666666666666,2.0,18.8,Medium likelihood. GFM negative 0% HEFAS positive 19km web: no specific 2019 flood news found
MOL_Magyar_Olaj-_s_G_zipari_Nyrt._24,1,1.0,2019-04,1,21.0,2019-12,1,35.4,93.0,20.229203,46.284833,,9.0,True,-0.3166666666666666,2.0,19.7,High likelihood. GFM positive 1% HEFAS positive 20km web: no specific 2019 flood news found
MOL_Magyar_Olaj-_s_G_zipari_Nyrt._25,0,0.0,2019-04,1,18.0,2019-12,1,35.8,89.0,20.216827,46.280251,,9.0,True,-0.3166666666666666,2.0,20.3,Medium likelihood. GFM negative 0% HEFAS positive 20km web: no specific 2019 flood news found
MOL_Magyar_Olaj-_s_G_zipari_Nyrt._26,0,0.0,,1,24.0,2019-12,1,32.8,49.0,20.235315,46.271812,,9.0,True,-0.3166666666666666,2.0,18.6,Medium likelihood. GFM negative 0% HEFAS positive 19km web: no specific 2019 flood news found
MOL_Magyar_Olaj-_s_G_zipari_Nyrt._27,1,1.0,2019-04_2019-05,1,35.0,2019-12,1,29.8,74.0,20.245924,46.231845,,9.0,True,-0.3166666666666666,2.0,16.5,High likelihood. GFM positive 1% HEFAS positive 16km web: no specific 2019 flood news found
MOL_Magyar_Olaj-_s_G_zipari_Nyrt._28,1,9.0,2019-04_2019-05,1,8.0,2019-12,1,38.6,98.0,20.268426,46.219401,,9.0,True,-0.3166666666666666,2.0,14.6,High likelihood. GFM positive 9% HEFAS positive 15km web: no specific 2019 flood news found
MOL_Magyar_Olaj-_s_G_zipari_Nyrt._29,1,2.0,2019-04,1,10.0,2019-12,1,39.1,93.0,20.210461,46.284076,,9.0,True,-0.3166666666666666,2.0,20.9,High likelihood. GFM positive 2% HEFAS positive 21km web: no specific 2019 flood news found
MOL_Magyar_Olaj-_s_G_zipari_Nyrt._3,1,18.0,2019-03_2019-04_2019-05,1,1.0,2019-12,1,44.8,100.0,20.465173,46.293572,,9.0,True,-0.3166666666666666,2.0,10.1,High likelihood. GFM positive 18% HEFAS positive 10km web: no specific 2019 flood news found
MOL_Magyar_Olaj-_s_G_zipari_Nyrt._30,0,0.0,2019-04,1,29.0,2019-12,1,32.3,88.0,20.236557,46.236106,,9.0,True,-0.3166666666666666,2.0,17.3,Medium likelihood. GFM negative 0% HEFAS positive 17km web: no specific 2019 flood news found
MOL_Magyar_Olaj-_s_G_zipari_Nyrt._31,1,2.0,2019-04_2019-05,1,19.0,2019-12,1,35.0,100.0,20.17956,46.311696,,9.0,True,-0.3166666666666666,2.0,24.4,High likelihood. GFM positive 2% HEFAS positive 24km web: no specific 2019 flood news found
MOL_Magyar_Olaj-_s_G_zipari_Nyrt._32,1,1.0,2019-04,1,29.0,2019-12,1,32.2,80.0,20.256984,46.243942,,9.0,True,-0.3166666666666666,2.0,16.0,High likelihood. GFM positive 1% HEFAS positive 16km web: no specific 2019 flood news found
MOL_Magyar_Olaj-_s_G_zipari_Nyrt._33,1,6.0,2019-04_2019-05,1,13.0,2019-12,1,39.1,99.0,20.214473,46.307722,,9.0,True,-0.3166666666666666,2.0,21.9,High likelihood. GFM positive 6% HEFAS positive 22km web: no specific 2019 flood news found
MOL_Magyar_Olaj-_s_G_zipari_Nyrt._34,1,10.0,2019-04_2019-05,1,25.0,2019-12,1,37.2,100.0,20.235065,46.313586,,9.0,True,-0.3166666666666666,2.0,20.9,High likelihood. GFM positive 10% HEFAS positive 21km web: no specific 2019 flood news found
MOL_Magyar_Olaj-_s_G_zipari_Nyrt._35,1,54.0,2019-03_2019-04_2019-05,1,4.0,2019-12,1,57.5,100.0,21.058426,46.246196,,8.0,True,-0.317989417989418,2.0,22.3,High likelihood. GFM positive 54% HEFAS positive 22km web: no specific 2019 flood news found
MOL_Magyar_Olaj-_s_G_zipari_Nyrt._36,1,49.0,2019-02_2019-03_2019-04,1,11.0,2019-12,1,53.2,100.0,21.059825,46.262978,,8.0,True,-0.317989417989418,2.0,23.1,High likelihood. GFM positive 49% HEFAS positive 23km web: no specific 2019 flood news found
MOL_Magyar_Olaj-_s_G_zipari_Nyrt._37,1,3.0,2019-04_2019-05,1,15.0,2019-12,1,36.7,99.0,20.188913,46.298884,,9.0,True,-0.3166666666666666,2.0,23.1,High likelihood. GFM positive 3% HEFAS positive 23km web: no specific 2019 flood news found
MOL_Magyar_Olaj-_s_G_zipari_Nyrt._38,1,10.0,2019-04_2019-05,1,3.0,2019-12,1,43.9,100.0,20.650464,46.970265,,11.0,True,-0.6462962962962963,2.0,9.4,High likelihood. GFM positive 10% HEFAS positive 9km web: no specific 2019 flood news found
MOL_Magyar_Olaj-_s_G_zipari_Nyrt._39,1,26.0,2019-02_2019-03_2019-04_2019-05,1,2.0,2019-12,1,50.7,100.0,20.343651,46.97124,,0.0,False,-1.0,-1.0,14.7,Medium likelihood. GFM positive 26% HEFAS negative 15km web: no specific 2019 flood news found
MOL_Magyar_Olaj-_s_G_zipari_Nyrt._4,1,32.0,2019-02_2019-03_2019-04_2019-05,1,4.0,2019-12,1,50.1,100.0,20.441088,46.314378,,9.0,True,-0.3166666666666666,2.0,12.5,High likelihood. GFM positive 32% HEFAS positive 12km web: no specific 2019 flood news found
MOL_Magyar_Olaj-_s_G_zipari_Nyrt._40,0,0.0,,1,16.0,2019-12,1,35.7,49.0,20.241902,46.266642,,9.0,True,-0.3166666666666666,2.0,17.9,Medium likelihood. GFM negative 0% HEFAS positive 18km web: no specific 2019 flood news found
MOL_Magyar_Olaj-_s_G_zipari_Nyrt._41,1,4.0,2019-04_2019-05,1,14.0,2019-12,1,36.8,99.0,20.19302,46.308487,,9.0,True,-0.3166666666666666,2.0,23.4,High likelihood. GFM positive 4% HEFAS positive 23km web: no specific 2019 flood news found
MOL_Magyar_Olaj-_s_G_zipari_Nyrt._42,1,10.0,2019-03_2019-04_2019-05,1,5.0,2019-12,1,42.1,100.0,20.658044,46.978963,,11.0,True,-0.2944444444444444,2.0,10.5,High likelihood. GFM positive 10% HEFAS positive 10km web: no specific 2019 flood news found
MOL_Magyar_Olaj-_s_G_zipari_Nyrt._5,0,0.0,,1,21.0,2019-12,1,35.3,49.0,20.231703,46.257006,,9.0,True,-0.3166666666666666,2.0,18.3,Medium likelihood. GFM negative 0% HEFAS positive 18km web: no specific 2019 flood news found
MOL_Magyar_Olaj-_s_G_zipari_Nyrt._6,1,31.0,2019-02_2019-04_2019-05,1,4.0,2019-12,1,50.6,100.0,20.424451,46.293831,,9.0,True,-0.3166666666666666,2.0,10.4,High likelihood. GFM positive 31% HEFAS positive 10km web: no specific 2019 flood news found
MOL_Magyar_Olaj-_s_G_zipari_Nyrt._7,1,31.0,2019-02_2019-04_2019-05,1,4.0,2019-12,1,50.6,100.0,20.424451,46.293831,,9.0,True,-0.3166666666666666,2.0,10.4,High likelihood. GFM positive 31% HEFAS positive 10km web: no specific 2019 flood news found
MOL_Magyar_Olaj-_s_G_zipari_Nyrt._8,0,0.0,2019-04_2019-05,1,18.0,2019-12,1,34.1,93.0,20.183815,46.31383,,9.0,True,-0.3166666666666666,2.0,24.3,Medium likelihood. GFM negative 0% HEFAS positive 24km web: no specific 2019 flood news found
MOL_Magyar_Olaj-_s_G_zipari_Nyrt._9,1,1.0,2019-04,1,27.0,2019-12,1,33.3,80.0,20.254609,46.24638,,9.0,True,-0.3166666666666666,2.0,16.2,High likelihood. GFM positive 1% HEFAS positive 16km web: no specific 2019 flood news found
MOL_Magyar_Olaj-_s_G_zipari_Nyrt._Algy_-1009H_CH_termel__k_t,1,3.0,2019-04_2019-05,1,19.0,2019-12,1,35.3,100.0,20.181522,46.297088,,9.0,True,-0.3166666666666666,2.0,23.5,High likelihood. GFM positive 3% HEFAS positive 24km web: no specific 2019 flood news found
MOL_Magyar_Olaj-_s_G_zipari_Nyrt._Algy_-1011H_CH_termel__k_t,1,4.0,2019-04_2019-05,1,26.0,2019-12,1,35.3,99.0,20.124803,46.182737,,9.0,True,0.0166666666666666,2.0,15.1,High likelihood. GFM positive 4% HEFAS positive 15km web: no specific 2019 flood news found
MOL_Magyar_Olaj-_s_G_zipari_Nyrt._Algy_-192_CH_termel__k_t,1,2.0,2019-04_2019-05,1,19.0,2019-12,1,34.8,100.0,20.183993,46.293395,,9.0,True,-0.3166666666666666,2.0,23.2,High likelihood. GFM positive 2% HEFAS positive 23km web: no specific 2019 flood news found
MOL_Magyar_Olaj-_s_G_zipari_Nyrt._Algy_-550_CH_termel__k_t,1,3.0,2019-04_2019-05,1,17.0,2019-12,1,36.0,100.0,20.181897,46.300884,,9.0,True,-0.3166666666666666,2.0,23.7,High likelihood. GFM positive 3% HEFAS positive 24km web: no specific 2019 flood news found
MOL_Magyar_Olaj-_s_G_zipari_Nyrt._Algy_-_11_CH_termel__k_t,1,4.0,2019-02_2019-04_2019-05,1,3.0,2019-12,1,42.5,100.0,20.273063,46.273143,,9.0,True,-0.3166666666666666,2.0,16.1,High likelihood. GFM positive 4% HEFAS positive 16km web: no specific 2019 flood news found
MOL_Magyar_Olaj-_s_G_zipari_Nyrt._Batt-K-151_CH_termel__k_t,1,39.0,2019-02_2019-03_2019-04_2019-05,1,8.0,2019-12,1,51.4,100.0,21.079184,46.268912,,8.0,True,-0.317989417989418,2.0,22.2,High likelihood. GFM positive 39% HEFAS positive 22km web: no specific 2019 flood news found
MOL_Magyar_Olaj-_s_G_zipari_Nyrt._Ferencsz_ll_s-66_F-66_CH_termel__k_t,1,40.0,2019-02_2019-03_2019-04_2019-05,0,0.0,2019-12,1,54.6,100.0,20.329301,46.170377,,9.0,True,-0.3166666666666666,2.0,10.4,High likelihood. GFM positive 40% HEFAS positive 10km web: no specific 2019 flood news found
MOL_Magyar_Olaj-_s_G_zipari_Nyrt._H_dmez_v_s_rhely-1_CH_kutat_f_r_s,1,8.0,2019-05_2019-06_2019-10,1,33.0,2019-12,1,37.0,100.0,20.222058,46.401192,,9.0,True,-0.3166666666666666,2.0,28.4,High likelihood. GFM positive 8% HEFAS positive 28km web: no specific 2019 flood news found
MOL_Magyar_Olaj-_s_G_zipari_Rt.-_KTD_GY_ll.,1,9.0,2019-03_2019-04_2019-05,1,1.0,2019-12,1,41.0,100.0,20.504673,46.272548,,9.0,True,-0.3166666666666666,2.0,8.7,High likelihood. GFM positive 9% HEFAS positive 9km web: no specific 2019 flood news found
MOL_Magyar_Olaj-_s_G_zipari_Rt._0,1,18.0,2019-03_2019-04_2019-05,1,1.0,2019-12,1,45.1,100.0,20.460012,46.29322,,9.0,True,-0.3166666666666666,2.0,10.1,High likelihood. GFM positive 18% HEFAS positive 10km web: no specific 2019 flood news found
MOL_Magyar_Olaj-_s_G_zipari_Rt._1,0,0.0,2019-04,1,25.0,2019-12,1,34.3,91.0,20.201545,46.276464,,9.0,True,-0.3166666666666666,2.0,21.2,Medium likelihood. GFM negative 0% HEFAS positive 21km web: no specific 2019 flood news found
MOL_Magyar_Olaj-_s_G_zipari_Rt._SZT2_gy_jt__llom_s,1,2.0,2019-04_2019-05,1,19.0,2019-12,1,36.0,91.0,20.187272,46.28928,,9.0,True,-0.3166666666666666,2.0,22.8,High likelihood. GFM positive 2% HEFAS positive 23km web: no specific 2019 flood news found
MOL_Nyrt.,1,22.0,2019-02_2019-03_2019-05_2019-07_2019-11,1,3.0,2019-12,1,45.2,100.0,20.718215,47.514966,,222.0,True,0.438590203106332,2.0,14.0,High likelihood. GFM positive 22% HEFAS positive 14km web: Hungary 2019 only moderate Danube highs; possible overflag.
MOSAIC_FERTILIZER_LLC_UNCLE_SAM_PLANT,1,1.0,2019-01_2019-02_2019-05_2019-07,1,28.0,2019-12,1,21.6,100.0,-90.769091,30.019608,,0.0,False,0.0,0.0,,Medium likelihood. GFM positive 1% HEFAS negative ?km web: no specific 2019 flood news found
MOSAIC_PHOSPHATES_CO_FAUSTINA_PLANT,0,0.0,,1,50.0,2019-12,1,21.2,49.0,-90.91475,30.084994,,0.0,False,0.0,0.0,,Low likelihood. GFM negative 0% HEFAS negative ?km web: no specific 2019 flood news found
MPC_ALASKA_TERMINAL_CO_LLC-_NORTH_POLE,1,11.0,2019-01_2019-02_2019-03_2019-04_2019-05_2019-06_2019-08_2019-10_2019-11_2019-12,1,36.0,2019-12,1,31.5,100.0,-147.348462,64.737191,,0.0,False,0.0,0.0,,Medium likelihood. GFM positive 11% HEFAS negative ?km web: no specific 2019 flood news found
MPLX_TERMINALS_LLC_-_BAY_CITY_MI_TERMINAL,0,0.0,2019-02,1,46.0,2019-12,1,20.2,89.0,-83.865503,43.618565,,0.0,False,0.0,0.0,,Low likelihood. GFM negative 0% HEFAS negative ?km web: no specific 2019 flood news found
MPLX_TERMINALS_LLC_-_CHARLESTON_WV_TERMINAL,0,0.0,,1,86.0,2019-12,1,6.5,49.0,-81.644696,38.350346,,0.0,False,0.0,0.0,,Low likelihood. GFM negative 0% HEFAS negative ?km web: no specific 2019 flood news found
MPLX_TERMINALS_LLC_-_COVINGTON_KY_TERMINAL,0,0.0,,1,83.0,2019-12,1,10.3,49.0,-84.499718,39.052575,,0.0,False,0.0,0.0,,Low likelihood. GFM negative 0% HEFAS negative ?km web: no specific 2019 flood news found
MPLX_TERMINALS_LLC_-_KENOVA_WV_TERMINAL,0,0.0,,1,79.0,2019-12,1,10.6,49.0,-82.587911,38.405556,,0.0,False,0.0,0.0,,Low likelihood. GFM negative 0% HEFAS negative ?km web: no specific 2019 flood news found
MPLX_TERMINALS_LLC_-_LOUISVILLE_ALGON_KY_TERMINAL,1,1.0,2019-02,1,58.0,2019-12,1,14.2,100.0,-85.829679,38.230723,,0.0,False,0.0,0.0,,Medium likelihood. GFM positive 1% HEFAS negative ?km web: no specific 2019 flood news found
MPLX_TERMINALS_LLC_-_LOUISVILLE_KRAMERS_KY_TERMINAL,0,0.0,2019-02,1,65.0,2019-12,1,15.7,90.0,-85.848931,38.204734,,0.0,False,0.0,0.0,,Low likelihood. GFM negative 0% HEFAS negative ?km web: no specific 2019 flood news found
MPLX_TERMINALS_LLC_-_MARIETTA_OH_TERMINAL,0,0.0,,1,73.0,2019-12,1,6.3,49.0,-81.4946,39.380458,,0.0,False,0.0,0.0,,Low likelihood. GFM negative 0% HEFAS negative ?km web: no specific 2019 flood news found
MPLX_TERMINALS_LLC_-_MIDLAND_PA_TERMINAL,0,0.0,,1,82.0,2019-12,1,6.0,49.0,-80.441699,40.630029,,0.0,False,0.0,0.0,,Low likelihood. GFM negative 0% HEFAS negative ?km web: no specific 2019 flood news found
MPLX_TERMINALS_LLC_-_MONTGOMERY_AL_TERMINAL,0,0.0,,1,75.0,2019-12,1,13.2,49.0,-86.385752,32.352105,,0.0,False,0.0,0.0,,Low likelihood. GFM negative 0% HEFAS negative ?km web: no specific 2019 flood news found
MPLX_TERMINALS_LLC_-_NASHVILLE_BORDEAUX_TN_TERMINAL,0,0.0,2019-01_2019-02_2019-03,1,79.0,2019-12,1,10.4,98.0,-86.833294,36.1844,,0.0,False,0.0,0.0,,Low likelihood. GFM negative 0% HEFAS negative ?km web: no specific 2019 flood news found
MPLX_TERMINALS_LLC_-_NASHVILLE_DOWNTOWN_TN_TERMINAL,0,0.0,,1,79.0,2019-12,1,8.6,49.0,-86.774248,36.169589,,0.0,False,0.0,0.0,,Low likelihood. GFM negative 0% HEFAS negative ?km web: no specific 2019 flood news found
MPLX_TERMINALS_LLC_-_STEUBENVILLE_OH_TERMINAL,0,0.0,,1,81.0,2019-12,1,5.1,49.0,-80.627389,40.399884,,0.0,False,0.0,0.0,,Low likelihood. GFM negative 0% HEFAS negative ?km web: no specific 2019 flood news found
MT._AIRY_TERMINAL_LLC,0,0.0,,1,44.0,2019-12,1,19.3,49.0,-90.643921,30.053953,,0.0,False,0.0,0.0,,Low likelihood. GFM negative 0% HEFAS negative ?km web: no specific 2019 flood news found
MULTI-CHEM_GROUP-GARDEN_CITY,0,0.0,2019-07,1,9.0,2019-12,1,30.1,81.0,-100.926188,37.989395,,0.0,False,0.0,0.0,,Low likelihood. GFM negative 0% HEFAS negative ?km web: no specific 2019 flood news found
MULTI-CHEM_GROUP_GEISMAR_LA_FACILITY,0,0.0,,1,66.0,2019-12,1,17.9,49.0,-91.023648,30.228926,,0.0,False,0.0,0.0,,Low likelihood. GFM negative 0% HEFAS negative ?km web: no specific 2019 flood news found
MULTI-CHEM_GROUP_LLC,0,0.0,,1,74.0,2019-12,1,17.6,49.0,-109.241931,41.57001,,0.0,False,0.0,0.0,,Low likelihood. GFM negative 0% HEFAS negative ?km web: no specific 2019 flood news found
MUSKOGEE_GENERATING_STATION,1,3.0,2019-05_2019-06,1,34.0,2019-12,1,17.0,99.0,-95.287397,35.76059,,0.0,False,0.0,0.0,,Medium likelihood. GFM positive 3% HEFAS negative ?km web: no specific 2019 flood news found
M_L_KAPP_GENERATING_STATION,0,0.0,,1,54.0,2019-12,1,15.8,49.0,-90.234069,41.807699,,0.0,False,0.0,0.0,,Low likelihood. GFM negative 0% HEFAS negative ?km web: no specific 2019 flood news found
MacKenzie_Highway_Station,1,42.0,2019-03_2019-04_2019-05_2019-10_2019-11_2019-12,1,37.0,2019-12,1,53.3,100.0,-121.347661,61.861704,,0.0,False,0.0,0.0,,Medium likelihood. GFM positive 42% HEFAS negative ?km web: No clear 2019 NWT/AB flood news; small thaw/ponding possible.
Magnolia_Landfill,0,0.0,2019-01_2019-09,1,80.0,2019-12,1,13.7,85.0,-91.991866,32.478437,,0.0,False,0.0,0.0,,Low likelihood. GFM negative 0% HEFAS negative ?km web: no specific 2019 flood news found
Magyar_Suzuki_Zrt.,0,0.0,2019-06,1,55.0,2019-12,1,25.4,89.0,18.745859,47.768847,,0.0,False,-1.6666666666666667,-1.0,3.4,Low likelihood. GFM negative 0% HEFAS negative 3km web: no specific 2019 flood news found
Marten_Hills_Sour_Gas_Plant_12-18-076-25W4,0,0.0,,1,79.0,2019-12,1,19.5,49.0,-117.891637,55.585578,,0.0,False,0.0,0.0,,Low likelihood. GFM negative 0% HEFAS negative ?km web: no specific 2019 flood news found
Masson-Angers,1,35.0,2019-03_2019-04_2019-05,1,38.0,2019-12,1,48.2,100.0,-75.38671,45.550293,,0.0,False,0.0,0.0,,Medium likelihood. GFM positive 35% HEFAS negative ?km web: no specific 2019 flood news found
McMeekin,0,0.0,,1,56.0,2019-12,1,6.1,49.0,-81.217784,34.053331,,0.0,False,0.0,0.0,,Low likelihood. GFM negative 0% HEFAS negative ?km web: no specific 2019 flood news found
Mercedes-Benz_Mercedes-Benz._Werk_Hamburg_0,0,0.0,,1,67.0,2019-12,1,19.1,49.0,9.926507,53.475784,,22.0,True,0.0447516641065028,4.0,8.3,Medium likelihood. GFM negative 0% HEFAS positive 8km web: no specific 2019 flood news found
Mercedes-Benz_Mercedes-Benz._Werk_Hamburg_1,0,0.0,,1,67.0,2019-12,1,19.1,49.0,9.926507,53.475784,,22.0,True,0.0447516641065028,4.0,8.3,Medium likelihood. GFM negative 0% HEFAS positive 8km web: no specific 2019 flood news found
Mercedes_Benz_AG_Werk_Bremen_0,0,0.0,,1,61.0,2019-12,1,21.4,49.0,8.907666,53.064017,,4.0,True,0.0170250896057347,3.0,3.6,Medium likelihood. GFM negative 0% HEFAS positive 4km web: no specific 2019 flood news found
Mercedes_Benz_AG_Werk_Bremen_1,0,0.0,,1,61.0,2019-12,1,21.4,49.0,8.907666,53.064017,,4.0,True,0.0170250896057347,3.0,3.6,Medium likelihood. GFM negative 0% HEFAS positive 4km web: no specific 2019 flood news found
Mercedes_Benz_AG_Werk_Rastatt._PKW-Werk_0,0,0.0,2019-04,1,60.0,2019-12,1,18.0,74.0,8.183274,48.859308,,3.0,True,0.007168458781362,2.0,9.5,Medium likelihood. GFM negative 0% HEFAS positive 10km web: no specific 2019 flood news found
Mercedes_Benz_AG_Werk_Rastatt._PKW-Werk_1,0,0.0,2019-04,1,60.0,2019-12,1,18.0,74.0,8.183274,48.859308,,3.0,True,0.007168458781362,2.0,9.5,Medium likelihood. GFM negative 0% HEFAS positive 10km web: no specific 2019 flood news found
Merck_KGaA,1,7.0,2019-02_2019-05_2019-06,1,35.0,2019-12,1,26.5,100.0,8.481847,49.767638,,5.0,True,-0.0215651135005973,3.0,11.7,High likelihood. GFM positive 7% HEFAS positive 12km web: no specific 2019 flood news found
Michelin_Reifenwerke_AG_Co._KGaA,1,5.0,2019-04_2019-05,1,65.0,2019-12,1,21.3,100.0,7.888125,49.857893,,0.0,False,0.0,0.0,1.7,Medium likelihood. GFM positive 5% HEFAS negative 2km web: no specific 2019 flood news found
MidAmerican_Energy_Company,0,0.0,,1,77.0,2019-12,1,16.6,49.0,-93.626079,41.587611,,0.0,False,0.0,0.0,,Low likelihood. GFM negative 0% HEFAS negative ?km web: no specific 2019 flood news found
MidAmerican_Energy_Company_-_Bettendorf_LNG,0,0.0,,1,48.0,2019-12,1,12.1,49.0,-90.450651,41.544469,,0.0,False,0.0,0.0,,Low likelihood. GFM negative 0% HEFAS negative ?km web: no specific 2019 flood news found
MidAmerican_Energy_Company_Local_Natural_Gas_Distribution_Company_-_Illinois,0,0.0,,1,77.0,2019-12,1,16.6,49.0,-93.626079,41.587611,,0.0,False,0.0,0.0,,Low likelihood. GFM negative 0% HEFAS negative ?km web: no specific 2019 flood news found
MidAmerican_Energy_Company_Local_Natural_Gas_Distribution_Company_-_Nebraska,0,0.0,,1,77.0,2019-12,1,16.6,49.0,-93.626079,41.587611,,0.0,False,0.0,0.0,,Low likelihood. GFM negative 0% HEFAS negative ?km web: no specific 2019 flood news found
MidAmerican_Energy_Company_Local_Natural_Gas_Distribution_Company_-_South_Dakota,0,0.0,,1,77.0,2019-12,1,16.6,49.0,-93.626079,41.587611,,0.0,False,0.0,0.0,,Low likelihood. GFM negative 0% HEFAS negative ?km web: no specific 2019 flood news found
MidAmerican_Energy_Local_Gas_Distribution_Company,0,0.0,,1,77.0,2019-12,1,16.6,49.0,-93.626079,41.587611,,0.0,False,0.0,0.0,,Low likelihood. GFM negative 0% HEFAS negative ?km web: no specific 2019 flood news found
Mifa_Aluminium_B.V.,1,1.0,2019-03,1,62.0,2019-12,1,20.0,100.0,6.155225,51.385791,,0.0,False,-2.0,-2.0,2.3,Medium likelihood. GFM positive 1% HEFAS negative 2km web: no specific 2019 flood news found
Milam_Recycling_and_Disposal_Facility,0,0.0,,1,51.0,2019-12,1,17.2,49.0,-90.124955,38.654984,,0.0,False,0.0,0.0,,Low likelihood. GFM negative 0% HEFAS negative ?km web: no specific 2019 flood news found
Mitsue_Compressor_Station_11-30-072-04W5,0,0.0,,1,38.0,2019-12,1,16.1,49.0,-114.607693,55.266803,,0.0,False,0.0,0.0,,Low likelihood. GFM negative 0% HEFAS negative ?km web: no specific 2019 flood news found
Mitsue_FST,0,0.0,2019-12,1,40.0,2019-12,1,14.1,99.0,-114.588284,55.258276,,0.0,False,0.0,0.0,,Low likelihood. GFM negative 0% HEFAS negative ?km web: no specific 2019 flood news found
Mitsue_OB_14-30-72-04W5,0,0.0,,1,37.0,2019-12,1,15.5,49.0,-114.607813,55.26559,,0.0,False,0.0,0.0,,Low likelihood. GFM negative 0% HEFAS negative ?km web: no specific 2019 flood news found
Mitsue_Oil_SWB_02-26-074-06W5,0,0.0,,1,86.0,2019-12,1,12.5,49.0,-114.807112,55.432779,,0.0,False,0.0,0.0,,Low likelihood. GFM negative 0% HEFAS negative ?km web: no specific 2019 flood news found
Mitsue_Sour_GP_10-30-72-4W5,0,0.0,,1,40.0,2019-12,1,15.5,49.0,-114.601366,55.265658,,0.0,False,0.0,0.0,,Low likelihood. GFM negative 0% HEFAS negative ?km web: no specific 2019 flood news found
Mitsue_WPlant_02_10-30-72-4W5,0,0.0,,1,41.0,2019-12,1,16.1,49.0,-114.601208,55.266784,,0.0,False,0.0,0.0,,Low likelihood. GFM negative 0% HEFAS negative ?km web: no specific 2019 flood news found
Mondi_Inncoat_GmbH,0,0.0,2019-04,1,36.0,2019-12,1,27.0,84.0,12.124476,47.795226,,10.0,True,0.0235961768219832,3.0,5.5,Medium likelihood. GFM negative 0% HEFAS positive 6km web: no specific 2019 flood news found
Monroe,0,0.0,2019-04_2019-05,1,75.0,2019-12,1,13.1,86.0,-92.127782,32.527801,,0.0,False,0.0,0.0,,Low likelihood. GFM negative 0% HEFAS negative ?km web: no specific 2019 flood news found
Morrisburg_Plant,0,0.0,,1,58.0,2019-12,1,14.1,49.0,-75.158269,44.913621,,0.0,False,0.0,0.0,,Low likelihood. GFM negative 0% HEFAS negative ?km web: no specific 2019 flood news found
Mosaic_Uncle_Sam_Facility,1,1.0,2019-01_2019-02_2019-05_2019-07,1,27.0,2019-12,1,21.7,100.0,-90.769969,30.020035,,0.0,False,0.0,0.0,,Medium likelihood. GFM positive 1% HEFAS negative ?km web: no specific 2019 flood news found
Muskogee,1,3.0,2019-05_2019-06,1,30.0,2019-12,1,17.9,99.0,-95.284743,35.7617,,0.0,False,0.0,0.0,,Medium likelihood. GFM positive 3% HEFAS negative ?km web: no specific 2019 flood news found
Mustang,0,0.0,,1,50.0,2019-12,1,21.0,49.0,-97.673339,35.471087,,0.0,False,0.0,0.0,,Low likelihood. GFM negative 0% HEFAS negative ?km web: no specific 2019 flood news found
NALCO_COMPANY-ROCK_SPRINGS,0,0.0,,1,58.0,2019-12,1,24.1,49.0,-109.297682,41.55176,,0.0,False,0.0,0.0,,Low likelihood. GFM negative 0% HEFAS negative ?km web: no specific 2019 flood news found
NALCO_CO_0,0,0.0,,1,52.0,2019-12,1,19.6,49.0,-90.630971,30.048633,,0.0,False,0.0,0.0,,Low likelihood. GFM negative 0% HEFAS negative ?km web: no specific 2019 flood news found
NALCO_CO_1,1,5.0,2019-04_2019-05_2019-06_2019-08_2019-11_2019-12,1,59.0,2019-12,1,25.7,100.0,-91.236785,30.418993,,0.0,False,0.0,0.0,,Medium likelihood. GFM positive 5% HEFAS negative ?km web: no specific 2019 flood news found
NATIONAL_PIPE_PLASTICS_INC.,0,0.0,,1,70.0,2019-12,1,8.2,49.0,-76.075128,42.097729,,0.0,False,0.0,0.0,,Low likelihood. GFM negative 0% HEFAS negative ?km web: no specific 2019 flood news found
NELSON_DEWEY_GENERATING_STATIO_N,1,3.0,2019-03_2019-04_2019-05_2019-06_2019-10_2019-11,1,68.0,2019-12,1,16.2,100.0,-91.008356,42.72288,,0.0,False,0.0,0.0,,Medium likelihood. GFM positive 3% HEFAS negative ?km web: no specific 2019 flood news found
NEPTUNE_TECHNOLOGY_GROUP_INC,1,1.0,2019-09_2019-10,1,5.0,2019-12,1,6.9,100.0,-85.894662,32.523582,,0.0,False,0.0,0.0,,Medium likelihood. GFM positive 1% HEFAS negative ?km web: no specific 2019 flood news found
NESTLE_PURINA_PETCARE_0,1,1.0,2019-03,1,84.0,2019-12,1,9.0,49.0,-82.01192,39.940285,,0.0,False,0.0,0.0,,Medium likelihood. GFM positive 1% HEFAS negative ?km web: no specific 2019 flood news found
NESTLE_PURINA_PETCARE_1,1,1.0,2019-03,1,84.0,2019-12,1,9.0,49.0,-82.01192,39.940285,,0.0,False,0.0,0.0,,Medium likelihood. GFM positive 1% HEFAS negative ?km web: no specific 2019 flood news found
NESTLE_PURINA_PETCARE_2,1,1.0,2019-03,1,84.0,2019-12,1,9.0,49.0,-82.01192,39.940285,,0.0,False,0.0,0.0,,Medium likelihood. GFM positive 1% HEFAS negative ?km web: no specific 2019 flood news found
NESTLE_PURINA_PETCARE_CO_0,0,0.0,,1,56.0,2019-12,1,17.5,49.0,-90.240799,41.823626,,0.0,False,0.0,0.0,,Low likelihood. GFM negative 0% HEFAS negative ?km web: no specific 2019 flood news found
NESTLE_PURINA_PETCARE_CO_1,1,5.0,2019-03_2019-04_2019-05_2019-06_2019-10_2019-11_2019-12,1,31.0,2019-12,1,22.4,99.0,-94.890623,39.720055,,0.0,False,0.0,0.0,,Medium likelihood. GFM positive 5% HEFAS negative ?km web: no specific 2019 flood news found
NESTLE_PURINA_PETCARE_CO_2,0,0.0,,1,56.0,2019-12,1,17.5,49.0,-90.240799,41.823626,,0.0,False,0.0,0.0,,Low likelihood. GFM negative 0% HEFAS negative ?km web: no specific 2019 flood news found
NESTLE_PURINA_PETCARE_CO_3,1,5.0,2019-03_2019-04_2019-05_2019-06_2019-10_2019-11_2019-12,1,31.0,2019-12,1,22.4,99.0,-94.890623,39.720055,,0.0,False,0.0,0.0,,Medium likelihood. GFM positive 5% HEFAS negative ?km web: no specific 2019 flood news found
NESTLE_PURINA_PETCARE_CO_4,0,0.0,,1,56.0,2019-12,1,17.5,49.0,-90.240799,41.823626,,0.0,False,0.0,0.0,,Low likelihood. GFM negative 0% HEFAS negative ?km web: no specific 2019 flood news found
NESTLE_PURINA_PETCARE_CO_5,1,5.0,2019-03_2019-04_2019-05_2019-06_2019-10_2019-11_2019-12,1,31.0,2019-12,1,22.4,99.0,-94.890623,39.720055,,0.0,False,0.0,0.0,,Medium likelihood. GFM positive 5% HEFAS negative ?km web: no specific 2019 flood news found
NESTLE_PURINA_PETCARE_CO_DAVENPORT_FACTORY_0,0,0.0,,1,55.0,2019-12,1,13.7,49.0,-90.608182,41.514553,,0.0,False,0.0,0.0,,Low likelihood. GFM negative 0% HEFAS negative ?km web: no specific 2019 flood news found
NESTLE_PURINA_PETCARE_CO_DAVENPORT_FACTORY_1,0,0.0,,1,55.0,2019-12,1,13.7,49.0,-90.608182,41.514553,,0.0,False,0.0,0.0,,Low likelihood. GFM negative 0% HEFAS negative ?km web: no specific 2019 flood news found
NESTLE_PURINA_PETCARE_CO_DAVENPORT_FACTORY_2,0,0.0,,1,55.0,2019-12,1,13.7,49.0,-90.608182,41.514553,,0.0,False,0.0,0.0,,Low likelihood. GFM negative 0% HEFAS negative ?km web: no specific 2019 flood news found
NEVIS_06-22-039-22W4,1,5.0,2019-02_2019-03_2019-07_2019-10_2019-12,1,56.0,2019-12,1,29.6,100.0,-113.06022,52.280195,,0.0,False,0.0,0.0,,Medium likelihood. GFM positive 5% HEFAS negative ?km web: no specific 2019 flood news found
NEW_ORLEANS_SHIPYARD,0,0.0,,1,75.0,2019-12,1,20.2,49.0,-90.230622,29.945669,,0.0,False,0.0,0.0,,Low likelihood. GFM negative 0% HEFAS negative ?km web: no specific 2019 flood news found
NGPL_Station_342_Johnson_s_Bayou._LA,0,0.0,,1,14.0,2019-12,1,21.3,49.0,-93.753751,29.803511,,0.0,False,0.0,0.0,,Low likelihood. GFM negative 0% HEFAS negative ?km web: no specific 2019 flood news found
NORTHEAST_GENERATING_STATION,0,0.0,,1,60.0,2019-12,1,13.7,49.0,-94.559518,39.1235,,0.0,False,0.0,0.0,,Low likelihood. GFM negative 0% HEFAS negative ?km web: no specific 2019 flood news found
NORTHWEST_HARDWOODS,1,5.0,2019-02_2019-07_2019-10,1,32.0,2019-12,1,24.6,100.0,-123.029388,49.140371,,0.0,False,0.0,0.0,,Medium likelihood. GFM positive 5% HEFAS negative ?km web: no specific 2019 flood news found
NORTHWEST_PIPELINE_GP_SUMAS_C_S,1,2.0,2019-02_2019-05,1,8.0,2019-12,1,44.5,82.0,-122.221312,49.001012,,0.0,False,0.0,0.0,,Medium likelihood. GFM positive 2% HEFAS negative ?km web: no specific 2019 flood news found
NORTHWEST_PIPE_CO_0,0,0.0,,1,72.0,2019-12,1,6.7,49.0,-81.684157,39.25237,,0.0,False,0.0,0.0,,Low likelihood. GFM negative 0% HEFAS negative ?km web: no specific 2019 flood news found
NORTHWEST_PIPE_CO_1,0,0.0,,1,52.0,2019-12,1,18.2,49.0,-93.725691,32.519664,,0.0,False,0.0,0.0,,Low likelihood. GFM negative 0% HEFAS negative ?km web: no specific 2019 flood news found
NORTHWEST_PIPE_CO_2,0,0.0,,1,67.0,2019-12,1,15.5,49.0,-122.773194,45.608414,,0.0,False,0.0,0.0,,Low likelihood. GFM negative 0% HEFAS negative ?km web: no specific 2019 flood news found
NORTH_AMERICAN_GALVANIZING_COMPANY_-WHEELING,0,0.0,,1,84.0,2019-12,1,6.4,49.0,-80.734397,40.015422,,0.0,False,0.0,0.0,,Low likelihood. GFM negative 0% HEFAS negative ?km web: no specific 2019 flood news found
NOTUS_PIT,1,1.0,2019-06,1,9.0,2019-12,1,36.8,90.0,-116.787329,43.701455,,0.0,False,0.0,0.0,,Medium likelihood. GFM positive 1% HEFAS negative ?km web: no specific 2019 flood news found
NUCOR-YAMATO_STEEL_CO,1,5.0,2019-02_2019-03_2019-04_2019-10,1,35.0,2019-12,1,24.5,98.0,-89.775574,35.901863,,0.0,False,0.0,0.0,,Medium likelihood. GFM positive 5% HEFAS negative ?km web: no specific 2019 flood news found
NUCOR_COATINGS_CORP,1,22.0,2019-01_2019-02_2019-03_2019-04_2019-05_2019-06_2019-07_2019-10_2019-11_2019-12,1,2.0,2019-12,1,48.4,100.0,-89.775064,35.938338,,0.0,False,0.0,0.0,,Medium likelihood. GFM positive 22% HEFAS negative ?km web: no specific 2019 flood news found
NUCOR_STEEL-ARKANSAS,1,11.0,2019-01_2019-02_2019-03_2019-04_2019-07_2019-09_2019-10_2019-11,1,8.0,2019-12,1,31.0,100.0,-89.727078,35.94102,,0.0,False,0.0,0.0,,Medium likelihood. GFM positive 11% HEFAS negative ?km web: no specific 2019 flood news found
NUCOR_STEEL_GALLATIN_LLC,1,3.0,2019-02,1,36.0,2019-12,1,12.9,100.0,-85.004118,38.766719,,0.0,False,0.0,0.0,,Medium likelihood. GFM positive 3% HEFAS negative ?km web: no specific 2019 flood news found
NUCOR_STEEL_JACKSON_INC,0,0.0,,1,70.0,2019-12,1,12.8,49.0,-90.137264,32.312153,,0.0,False,0.0,0.0,,Low likelihood. GFM negative 0% HEFAS negative ?km web: no specific 2019 flood news found
NUCOR_STEEL_LOUISIANA_LLC,0,0.0,,0,0.0,,0,0.0,0.0,-90.867699,30.101621,,0.0,False,0.0,0.0,,Low likelihood. GFM negative 0% HEFAS negative ?km web: no specific 2019 flood news found
NUCOR_STEEL_MEMPHIS_INC,1,2.0,2019-07,1,24.0,2019-12,1,32.2,82.0,-90.153164,35.04996,,0.0,False,0.0,0.0,,Medium likelihood. GFM positive 2% HEFAS negative ?km web: no specific 2019 flood news found
NUCOR_STEEL_MEMPHIS_PROCESSING,1,6.0,2019-02_2019-03_2019-05_2019-06_2019-07,1,71.0,2019-12,1,20.1,100.0,-90.126429,35.083115,,0.0,False,0.0,0.0,,Medium likelihood. GFM positive 6% HEFAS negative ?km web: no specific 2019 flood news found
NUCOR_STEEL_TUSCALOOSA_INC,0,0.0,,1,90.0,2019-12,1,8.8,49.0,-87.506988,33.233771,,0.0,False,0.0,0.0,,Low likelihood. GFM negative 0% HEFAS negative ?km web: no specific 2019 flood news found
NUCOR_TUBULAR_PRODUCTS_INC.,0,0.0,,0,0.0,,0,0.0,0.0,-88.690185,41.32281,,0.0,False,0.0,0.0,,Low likelihood. GFM negative 0% HEFAS negative ?km web: no specific 2019 flood news found
NW_Belloy_Dunvegan_Sour_Gas_Processing_Plant_16-36-079-03W6,1,37.0,2019-03_2019-04_2019-09_2019-11,1,44.0,2019-12,1,39.6,100.0,-118.317558,55.894989,,0.0,False,0.0,0.0,,Medium likelihood. GFM positive 37% HEFAS negative ?km web: no specific 2019 flood news found
Nagyk_r_-III_gy_jt__llom_s,1,58.0,2019-03_2019-04_2019-05,1,5.0,2019-12,1,55.1,100.0,20.39366,47.239601,,12.0,True,-0.3057945041816009,2.0,17.0,High likelihood. GFM positive 58% HEFAS positive 17km web: no specific 2019 flood news found
Nelson_Dewey,1,4.0,2019-03_2019-04_2019-05_2019-06_2019-10_2019-11,1,68.0,2019-12,1,16.4,100.0,-91.008517,42.722529,,0.0,False,0.0,0.0,,Medium likelihood. GFM positive 4% HEFAS negative ?km web: no specific 2019 flood news found
Nestle_Beverages_Smithtown_0,0,0.0,,1,17.0,2019-12,1,21.0,49.0,152.941319,-31.021173,,0.0,False,0.0,0.0,,Low likelihood. GFM negative 0% HEFAS negative ?km web: no specific 2019 flood news found
Nestle_Beverages_Smithtown_1,0,0.0,,1,17.0,2019-12,1,21.0,49.0,152.941319,-31.021173,,0.0,False,0.0,0.0,,Low likelihood. GFM negative 0% HEFAS negative ?km web: no specific 2019 flood news found
Nestle_Beverages_Smithtown_2,0,0.0,,1,17.0,2019-12,1,21.0,49.0,152.941319,-31.021173,,0.0,False,0.0,0.0,,Low likelihood. GFM negative 0% HEFAS negative ?km web: no specific 2019 flood news found
Nevis_Gas_Plant,1,4.0,2019-05_2019-07_2019-10,1,71.0,2019-12,1,23.5,100.0,-113.076844,52.312859,,0.0,False,0.0,0.0,,Medium likelihood. GFM positive 4% HEFAS negative ?km web: no specific 2019 flood news found
New_Orleans_Power_Station,0,0.0,,1,44.0,2019-12,1,12.4,49.0,-89.940242,29.995447,,0.0,False,0.0,0.0,,Low likelihood. GFM negative 0% HEFAS negative ?km web: no specific 2019 flood news found
New_Westminster_Plant,0,0.0,,1,60.0,2019-12,1,15.5,49.0,-122.875631,49.226719,,0.0,False,0.0,0.0,,Low likelihood. GFM negative 0% HEFAS negative ?km web: no specific 2019 flood news found
Nipisi_Sweet_Gas_Plant_12-30-072-04W5,0,0.0,,1,35.0,2019-12,1,16.3,49.0,-114.612881,55.266817,,0.0,False,0.0,0.0,,Low likelihood. GFM negative 0% HEFAS negative ?km web: no specific 2019 flood news found
Norman_Wells_Central_Processing_Facility,1,34.0,2019-04_2019-05_2019-06_2019-09_2019-11,1,9.0,2019-12,1,48.6,100.0,-126.88125,65.287268,,0.0,False,0.0,0.0,,Medium likelihood. GFM positive 34% HEFAS negative ?km web: no specific 2019 flood news found
North_Tangleflags_Facility,0,0.0,,1,80.0,2019-12,1,21.5,49.0,-109.566959,53.506704,,0.0,False,0.0,0.0,,Low likelihood. GFM negative 0% HEFAS negative ?km web: no specific 2019 flood news found
Nucor_Steel_Louisiana_LLC,0,0.0,2019-07,1,20.0,2019-12,1,24.4,86.0,-90.860529,30.081305,,0.0,False,0.0,0.0,,Low likelihood. GFM negative 0% HEFAS negative ?km web: no specific 2019 flood news found
OCCIDENTAL_CHEMICAL_CORP,0,0.0,,1,79.0,2019-12,1,15.7,49.0,-90.458896,29.973765,,0.0,False,0.0,0.0,,Low likelihood. GFM negative 0% HEFAS negative ?km web: no specific 2019 flood news found
OCCIDENTAL_CHEMICAL_CORP_LULING,0,0.0,,1,58.0,2019-12,1,18.6,49.0,-90.347354,29.930663,,0.0,False,0.0,0.0,,Low likelihood. GFM negative 0% HEFAS negative ?km web: no specific 2019 flood news found
OCCIDENTAL_CHEMICAL_CORP_OXYCHEM,0,0.0,,1,43.0,2019-12,1,7.0,49.0,-87.98396,36.049684,,0.0,False,0.0,0.0,,Low likelihood. GFM negative 0% HEFAS negative ?km web: no specific 2019 flood news found
OCCIDENTAL_CHEMICAL_CORP_SAUGET_PLANT,0,0.0,,1,66.0,2019-12,1,18.9,49.0,-90.17,38.600018,,0.0,False,0.0,0.0,,Low likelihood. GFM negative 0% HEFAS negative ?km web: no specific 2019 flood news found
OCCIDENTAL_CHEMICAL_HOLDING_CORP,0,0.0,,1,43.0,2019-12,1,21.1,49.0,-90.830906,30.055091,,0.0,False,0.0,0.0,,Low likelihood. GFM negative 0% HEFAS negative ?km web: no specific 2019 flood news found
OCCIDENTAL_CHEMICAL_HOLDING_CORP_-_GEISMAR_PLANT,0,0.0,,1,80.0,2019-12,1,15.4,49.0,-90.980396,30.185164,,0.0,False,0.0,0.0,,Low likelihood. GFM negative 0% HEFAS negative ?km web: no specific 2019 flood news found
OFS_CS_Lindsay_Booster,1,9.0,2019-02_2019-03_2019-04_2019-05_2019-09_2019-10,1,5.0,2019-12,1,41.2,100.0,-97.562932,34.847574,,0.0,False,0.0,0.0,,Medium likelihood. GFM positive 9% HEFAS negative ?km web: no specific 2019 flood news found
OHMSTEDE_LTD,0,0.0,,1,87.0,2019-12,1,12.7,49.0,-91.063241,30.245119,,0.0,False,0.0,0.0,,Low likelihood. GFM negative 0% HEFAS negative ?km web: no specific 2019 flood news found
OKC_WASTE_DISPOSAL_OKLAHOMA_CITY_LNDFLL,0,0.0,,1,38.0,2019-12,1,22.5,49.0,-97.645915,35.450854,,0.0,False,0.0,0.0,,Low likelihood. GFM negative 0% HEFAS negative ?km web: no specific 2019 flood news found
OLDCASTLE_LAWN_GARDEN_0,0,0.0,,1,84.0,2019-12,1,13.3,49.0,-88.197923,33.104098,,0.0,False,0.0,0.0,,Low likelihood. GFM negative 0% HEFAS negative ?km web: no specific 2019 flood news found
OLDCASTLE_LAWN_GARDEN_1,1,4.0,2019-04_2019-05_2019-06_2019-07,1,62.0,2019-12,1,24.1,100.0,-90.184831,38.587942,,0.0,False,0.0,0.0,,Medium likelihood. GFM positive 4% HEFAS negative ?km web: no specific 2019 flood news found
OLDCASTLE_LAWN_GARDN,0,0.0,2019-05,1,68.0,2019-12,1,47.6,62.0,-96.739349,32.697755,,0.0,False,0.0,0.0,,Low likelihood. GFM negative 0% HEFAS negative ?km web: no specific 2019 flood news found
OLDCASTLE_MILLER_BONNER_SPRINGS,0,0.0,,1,62.0,2019-12,1,15.1,49.0,-94.853165,39.052818,,0.0,False,0.0,0.0,,Low likelihood. GFM negative 0% HEFAS negative ?km web: no specific 2019 flood news found
OLDCASTLE_PRECAST_INC_0,0,0.0,,1,65.0,2019-12,1,14.1,49.0,-74.89656,40.094228,,0.0,False,0.0,0.0,,Low likelihood. GFM negative 0% HEFAS negative ?km web: no specific 2019 flood news found
OLDCASTLE_PRECAST_INC_1,0,0.0,,1,25.0,2019-12,1,17.7,49.0,-95.743484,39.080158,,0.0,False,0.0,0.0,,Low likelihood. GFM negative 0% HEFAS negative ?km web: no specific 2019 flood news found
OLDCASTLE_PRECAST_INC_2,0,0.0,2019-01,1,53.0,2019-12,1,15.9,100.0,-105.045754,39.560818,,0.0,False,0.0,0.0,,Low likelihood. GFM negative 0% HEFAS negative ?km web: no specific 2019 flood news found
OLDCASTLE_PRECAST_INC_3,1,4.0,2019-04_2019-05_2019-07_2019-08_2019-10_2019-11_2019-12,1,20.0,2019-12,1,37.3,100.0,-123.192793,44.125277,,0.0,False,0.0,0.0,,Medium likelihood. GFM positive 4% HEFAS negative ?km web: no specific 2019 flood news found
OLIN_CORP,0,0.0,,1,29.0,2019-12,1,12.0,49.0,-79.026699,43.081436,,0.0,False,0.0,0.0,,Low likelihood. GFM negative 0% HEFAS negative ?km web: no specific 2019 flood news found
OLIN_CORP_CHARLESTON_PLANT,0,0.0,,1,75.0,2019-12,1,8.6,49.0,-84.781713,35.307474,,0.0,False,0.0,0.0,,Low likelihood. GFM negative 0% HEFAS negative ?km web: no specific 2019 flood news found
OLIN_RUSSELLVILLE_CELL_TECHNOLOGIES_LLC,1,1.0,2019-05,1,63.0,2019-12,1,14.8,100.0,-93.152121,35.236868,,0.0,False,0.0,0.0,,Medium likelihood. GFM positive 1% HEFAS negative ?km web: no specific 2019 flood news found
OLIN_WINCHESTER_LLC_MAIN_PLANT,0,0.0,,1,67.0,2019-12,1,13.7,49.0,-90.112791,38.888415,,0.0,False,0.0,0.0,,Low likelihood. GFM negative 0% HEFAS negative ?km web: no specific 2019 flood news found
OMV_Downstream_GmbH,0,0.0,,1,65.0,2019-12,1,18.0,49.0,16.493895,48.144726,,1.0,True,0.0017921146953405,2.0,23.3,Medium likelihood. GFM negative 0% HEFAS positive 23km web: no specific 2019 flood news found
OXY_VINYLS_LP,1,1.0,2019-02_2019-03,1,53.0,2019-12,1,19.5,96.0,-75.423632,39.763625,,0.0,False,0.0,0.0,,Medium likelihood. GFM positive 1% HEFAS negative ?km web: no specific 2019 flood news found
Oak_2-7,0,0.0,2019-03,1,82.0,2019-12,1,13.6,90.0,-120.672764,56.43733,,0.0,False,0.0,0.0,,Low likelihood. GFM negative 0% HEFAS negative ?km web: no specific 2019 flood news found
Ogden_Point_Quarry,1,1.0,2019-01_2019-03,1,37.0,2019-12,1,14.3,94.0,-77.8693,43.987155,,0.0,False,0.0,0.0,,Medium likelihood. GFM positive 1% HEFAS negative ?km web: no specific 2019 flood news found
Orora_Beverage_Cans,0,0.0,,1,54.0,2019-12,1,17.3,49.0,153.005234,-27.562301,,0.0,False,0.0,0.0,,Low likelihood. GFM negative 0% HEFAS negative ?km web: no specific 2019 flood news found
Ostnor_AB._Norra_Fabriken,0,0.0,,1,75.0,2019-12,1,20.1,49.0,14.495395,61.026673,,0.0,False,-1.0,0.0,79.4,Low likelihood. GFM negative 0% HEFAS negative 79km web: no specific 2019 flood news found
Ouachita_Plant,1,8.0,2019-09,1,53.0,2019-12,1,21.9,96.0,-92.06972,32.705613,,0.0,False,0.0,0.0,,Medium likelihood. GFM positive 8% HEFAS negative ?km web: no specific 2019 flood news found
PACIFICORP_DAVE_JOHNSTON_PLANT,0,0.0,2019-07_2019-09,1,74.0,2019-12,1,27.0,100.0,-105.776227,42.838168,,0.0,False,0.0,0.0,,Low likelihood. GFM negative 0% HEFAS negative ?km web: no specific 2019 flood news found
PACIFIC_ETHANOL_STOCKTON_LLC,1,1.0,2019-01_2019-02_2019-03_2019-04_2019-05,1,33.0,2019-12,1,17.5,92.0,-121.338521,37.941215,,0.0,False,0.0,0.0,,Medium likelihood. GFM positive 1% HEFAS negative ?km web: no specific 2019 flood news found
PACKAGING_CORP_OF_AMERICA,1,8.0,2019-01_2019-03_2019-04,1,65.0,2019-12,1,18.0,100.0,-72.618694,42.292216,,0.0,False,0.0,0.0,,Medium likelihood. GFM positive 8% HEFAS negative ?km web: no specific 2019 flood news found
PACKAGING_CORP_OF_AMERI_CA,1,2.0,2019-03_2019-11,1,51.0,2019-12,1,15.2,93.0,-89.740264,45.450915,,0.0,False,0.0,0.0,,Medium likelihood. GFM positive 2% HEFAS negative ?km web: no specific 2019 flood news found
PARKER_HANNIFIN,0,0.0,,1,52.0,2019-12,1,13.6,49.0,-86.130777,41.671062,,0.0,False,0.0,0.0,,Low likelihood. GFM negative 0% HEFAS negative ?km web: no specific 2019 flood news found
PARKER_HANNIFIN_LIBERTY_LAKE,0,0.0,2019-04,1,62.0,2019-12,1,20.8,80.0,-117.090267,47.677962,,0.0,False,0.0,0.0,,Low likelihood. GFM negative 0% HEFAS negative ?km web: no specific 2019 flood news found
PARKER_HANNIFIN_MANHATTAN_FACILITY,0,0.0,2019-07,1,42.0,2019-12,1,17.0,87.0,-96.557264,39.195915,,0.0,False,0.0,0.0,,Low likelihood. GFM negative 0% HEFAS negative ?km web: no specific 2019 flood news found
PBG_-_WINNIPEG,0,0.0,2019-03,1,48.0,2019-12,1,24.1,94.0,-97.213956,49.893895,,0.0,False,0.0,0.0,,Low likelihood. GFM negative 0% HEFAS negative ?km web: no specific 2019 flood news found
PCAS_0,0,0.0,,1,67.0,2019-12,1,14.1,49.0,2.324847,48.934175,,0.0,False,-1.4954898446833929,-1.0,10.4,Low likelihood. GFM negative 0% HEFAS negative 10km web: no specific 2019 flood news found
PCAS_1,1,2.0,2019-12,1,48.0,2019-12,1,18.1,100.0,4.687739,43.890998,,0.0,False,-1.4836021505376344,-1.0,11.9,Medium likelihood. GFM positive 2% HEFAS negative 12km web: no specific 2019 flood news found
PCP_LINDBERGH_5P-33,0,0.0,2019-01_2019-12,1,72.0,2019-12,1,21.3,98.0,-110.546696,53.793006,,0.0,False,0.0,0.0,,Low likelihood. GFM negative 0% HEFAS negative ?km web: no specific 2019 flood news found
PECO_Gas_Division,0,0.0,,1,85.0,2019-12,1,6.1,49.0,-75.177746,39.95418,,0.0,False,0.0,0.0,,Low likelihood. GFM negative 0% HEFAS negative ?km web: no specific 2019 flood news found
PENTAIR_-_KANSAS_CITY_OPERATION,0,0.0,,1,58.0,2019-12,1,14.5,49.0,-94.671004,39.087842,,0.0,False,0.0,0.0,,Low likelihood. GFM negative 0% HEFAS negative ?km web: no specific 2019 flood news found
PEOC_MANNVILLE_3-33-50-8,1,8.0,2019-03_2019-04_2019-05_2019-12,1,39.0,2019-12,1,34.5,100.0,-111.115796,53.351128,,0.0,False,0.0,0.0,,Medium likelihood. GFM positive 8% HEFAS negative ?km web: no specific 2019 flood news found
PEPSI_BEVERAGES_COMPANY,0,0.0,,1,62.0,2019-12,1,14.9,49.0,-111.990655,33.413147,,0.0,False,0.0,0.0,,Low likelihood. GFM negative 0% HEFAS negative ?km web: no specific 2019 flood news found
PERMALOK_A_NORTHWEST_PIPE_CO,0,0.0,,1,46.0,2019-12,1,16.4,49.0,-111.905379,40.754766,,0.0,False,0.0,0.0,,Low likelihood. GFM negative 0% HEFAS negative ?km web: no specific 2019 flood news found
PGE_BEAVER_PLANT_PORT_WESTWARD_PLANT,0,0.0,2019-05,1,54.0,2019-12,1,19.4,83.0,-123.155192,46.170722,,0.0,False,0.0,0.0,,Low likelihood. GFM negative 0% HEFAS negative ?km web: no specific 2019 flood news found
PGE_T_D_Facility,0,0.0,,1,75.0,2019-12,1,10.2,49.0,-122.670005,45.520029,,0.0,False,0.0,0.0,,Low likelihood. GFM negative 0% HEFAS negative ?km web: no specific 2019 flood news found
PG_E_GATEWAY_GENERATING_STATION,0,0.0,,1,31.0,2019-12,1,18.3,49.0,-121.759198,38.016731,,0.0,False,0.0,0.0,,Low likelihood. GFM negative 0% HEFAS negative ?km web: no specific 2019 flood news found
PHILLIPS_66_-_ALLIANCE_REFINERY,0,0.0,,1,48.0,2019-12,1,22.8,49.0,-89.980782,29.680038,,0.0,False,0.0,0.0,,Low likelihood. GFM negative 0% HEFAS negative ?km web: no specific 2019 flood news found
PHILLIPS_66_CO._JONES_CREEK_TERMINAL,0,0.0,,1,43.0,2019-12,1,18.8,49.0,-95.430277,28.94034,,0.0,False,0.0,0.0,,Low likelihood. GFM negative 0% HEFAS negative ?km web: no specific 2019 flood news found
PHILLIPS_66_CO_EAST_ST_LOUIS_TERMINAL,1,7.0,2019-04_2019-05_2019-06_2019-07,1,58.0,2019-12,1,26.3,100.0,-90.188221,38.582143,,0.0,False,0.0,0.0,,Medium likelihood. GFM positive 7% HEFAS negative ?km web: no specific 2019 flood news found
PHILLIPS_66_CO_OKLAHOMA_CITY_PRODUCTS_TERMINAL,0,0.0,2019-05,1,50.0,2019-12,1,22.1,86.0,-97.431235,35.47735,,0.0,False,0.0,0.0,,Low likelihood. GFM negative 0% HEFAS negative ?km web: no specific 2019 flood news found
PHILLIPS_66_CO_SAN_BERNARD_TER_MINAL,0,0.0,,1,74.0,2019-12,1,12.6,49.0,-95.67269,29.061091,,0.0,False,0.0,0.0,,Low likelihood. GFM negative 0% HEFAS negative ?km web: no specific 2019 flood news found
PHILLIPS_66_PIPELINE-WICHITA_FALLS_PRODUCTS_CRUDE_TERMINAL,0,0.0,,1,43.0,2019-12,1,16.0,49.0,-98.500095,33.930046,,0.0,False,0.0,0.0,,Low likelihood. GFM negative 0% HEFAS negative ?km web: no specific 2019 flood news found
PHILLIPS_66_SAVANNAH_LUBRICANTS_PLANT,1,3.0,2019-01_2019-04_2019-05_2019-06_2019-07_2019-08_2019-11_2019-12,1,55.0,2019-12,1,18.1,100.0,-81.045908,32.077502,,0.0,False,0.0,0.0,,Medium likelihood. GFM positive 3% HEFAS negative ?km web: no specific 2019 flood news found
PHILLIPS_66_SPOKANE-PARKWATER_TERMINAL,0,0.0,,1,56.0,2019-12,1,17.6,49.0,-117.317271,47.669951,,0.0,False,0.0,0.0,,Low likelihood. GFM negative 0% HEFAS negative ?km web: no specific 2019 flood news found
PHILLIPS_66_TERMINAL,1,9.0,2019-03_2019-04_2019-05_2019-06_2019-07_2019-10_2019-11,1,34.0,2019-12,1,29.1,100.0,-90.091606,38.811646,,0.0,False,0.0,0.0,,Medium likelihood. GFM positive 9% HEFAS negative ?km web: no specific 2019 flood news found
PIERCE_MANUFACTURING_INC,0,0.0,,1,25.0,2019-12,1,17.5,49.0,-88.470116,44.243295,,0.0,False,0.0,0.0,,Low likelihood. GFM negative 0% HEFAS negative ?km web: no specific 2019 flood news found
PIONEER_AMERICAS_LLC_DBA_OLIN_CHLOR_ALKALI_PRODUCTS,0,0.0,2019-03_2019-05,1,60.0,2019-12,1,16.6,100.0,-91.105643,30.241434,,0.0,False,0.0,0.0,,Low likelihood. GFM negative 0% HEFAS negative ?km web: no specific 2019 flood news found
PLAQUEMINE_METHOCEL,0,0.0,,1,57.0,2019-12,1,19.0,49.0,-91.241415,30.318848,,0.0,False,0.0,0.0,,Low likelihood. GFM negative 0% HEFAS negative ?km web: no specific 2019 flood news found
PLATTE_CHEMICAL_CO,1,10.0,2019-01_2019-02_2019-03_2019-05_2019-10,1,22.0,2019-12,1,39.0,100.0,-91.000039,33.416679,,0.0,False,0.0,0.0,,Medium likelihood. GFM positive 10% HEFAS negative ?km web: no specific 2019 flood news found
PORTLAND_POWER_PLANT,0,0.0,,1,91.0,2019-12,1,10.6,49.0,-75.079107,40.90951,,0.0,False,0.0,0.0,,Low likelihood. GFM negative 0% HEFAS negative ?km web: no specific 2019 flood news found
POWER_DISTRIBUTION_INC,0,0.0,,1,50.0,2019-12,1,18.6,49.0,-117.92301,33.707507,,0.0,False,0.0,0.0,,Low likelihood. GFM negative 0% HEFAS negative ?km web: no specific 2019 flood news found
PPG_Coatings_B.V.,1,2.0,2019-03_2019-05,1,42.0,2019-12,1,25.4,100.0,5.412605,51.88327,,0.0,False,-1.3333333333333333,0.0,48.1,Medium likelihood. GFM positive 2% HEFAS negative 48km web: no specific 2019 flood news found
PPG_Deco_Polska_Sp._z_o.o.,0,0.0,,1,58.0,2019-12,1,21.7,49.0,17.100855,51.125291,,3.0,True,-1.3279569892473118,2.0,5.8,Medium likelihood. GFM negative 0% HEFAS positive 6km web: no specific 2019 flood news found
PPG_INDUSTRIESINC-SPRINGDALE_COMPLEX,0,0.0,,1,87.0,2019-12,1,3.6,49.0,-79.785727,40.536858,,0.0,False,0.0,0.0,,Low likelihood. GFM negative 0% HEFAS negative ?km web: no specific 2019 flood news found
PRAIRIE_CREEK_GENERATING_STATION,0,0.0,2019-10,1,68.0,2019-12,1,16.9,94.0,-91.639146,41.944119,,0.0,False,0.0,0.0,,Low likelihood. GFM negative 0% HEFAS negative ?km web: no specific 2019 flood news found
PRECISION_PACKAGING_INC,0,0.0,2019-06,1,65.0,2019-12,1,20.1,86.0,-92.222261,34.758076,,0.0,False,0.0,0.0,,Low likelihood. GFM negative 0% HEFAS negative ?km web: no specific 2019 flood news found
PRECOAT_METALS_0,0,0.0,,1,77.0,2019-12,1,10.7,49.0,-90.26282,32.166655,,0.0,False,0.0,0.0,,Low likelihood. GFM negative 0% HEFAS negative ?km web: no specific 2019 flood news found
PRECOAT_METALS_1,1,23.0,2019-01_2019-02_2019-09_2019-10_2019-12,1,43.0,2019-12,1,31.2,100.0,-86.781218,37.929768,,0.0,False,0.0,0.0,,Medium likelihood. GFM positive 23% HEFAS negative ?km web: no specific 2019 flood news found
PRECOAT_METALS_2,1,5.0,2019-03_2019-04_2019-05_2019-06_2019-07,1,33.0,2019-12,1,25.5,100.0,-90.129491,38.746392,,0.0,False,0.0,0.0,,Medium likelihood. GFM positive 5% HEFAS negative ?km web: no specific 2019 flood news found
PREMCOR_HARTFORD_DISTRIBUTION_CENTER,1,1.0,2019-03_2019-04_2019-05_2019-06_2019-07_2019-10_2019-11,1,43.0,2019-12,1,15.7,100.0,-90.08612,38.835623,,0.0,False,0.0,0.0,,Medium likelihood. GFM positive 1% HEFAS negative ?km web: no specific 2019 flood news found
PRINCE_AGRI_PRODUCTS_INC.,1,1.0,2019-01_2019-04_2019-05,1,29.0,2019-12,1,27.5,86.0,-91.413374,39.879532,,0.0,False,0.0,0.0,,Medium likelihood. GFM positive 1% HEFAS negative ?km web: no specific 2019 flood news found
PRYSMIAN,1,9.0,2019-04_2019-05_2019-06_2019-07_2019-08,1,29.0,2019-12,1,30.9,100.0,3.280006,48.160002,,0.0,False,-1.4836021505376344,-1.0,31.5,Medium likelihood. GFM positive 9% HEFAS negative 32km web: no specific 2019 flood news found
PRYSMIAN_CABLES_ET_SYSTEMES_FRANCE,0,0.0,,1,72.0,2019-12,1,13.7,49.0,1.124592,49.395133,,0.0,False,-1.488231780167264,-1.0,19.4,Low likelihood. GFM negative 0% HEFAS negative 19km web: no specific 2019 flood news found
PRYSMIAN_CABLES_SYSTEMS_USA_LLC,0,0.0,,1,41.0,2019-12,1,11.1,49.0,-77.055228,41.231102,,0.0,False,0.0,0.0,,Low likelihood. GFM negative 0% HEFAS negative ?km web: no specific 2019 flood news found
PRYSMIAN_CABLE_SYSTEMS_LLC,0,0.0,,1,78.0,2019-12,1,10.9,49.0,-71.47273,42.99397,,0.0,False,0.0,0.0,,Low likelihood. GFM negative 0% HEFAS negative ?km web: no specific 2019 flood news found
PUBLIC_SERVICE_COMPANY_OF_COLORADO_ARAPAHOE_STATION,0,0.0,,1,70.0,2019-12,1,13.5,49.0,-104.999365,39.669161,,0.0,False,0.0,0.0,,Low likelihood. GFM negative 0% HEFAS negative ?km web: no specific 2019 flood news found
PUBLIC_SERVICE_CO_DENVER_STEAM_PLT,0,0.0,,1,70.0,2019-12,1,12.3,49.0,-105.000219,39.754111,,0.0,False,0.0,0.0,,Low likelihood. GFM negative 0% HEFAS negative ?km web: no specific 2019 flood news found
PUBLIC_SERVICE_CO_OF_COLORADO_CHEROKEE_STATION,0,0.0,,1,67.0,2019-12,1,13.7,49.0,-104.964787,39.80784,,0.0,False,0.0,0.0,,Low likelihood. GFM negative 0% HEFAS negative ?km web: no specific 2019 flood news found
Paddys_Run,1,1.0,2019-02,1,57.0,2019-12,1,16.5,91.0,-85.845341,38.214645,,0.0,False,0.0,0.0,,Medium likelihood. GFM positive 1% HEFAS negative ?km web: no specific 2019 flood news found
Panasonic_Industrial_Devices_Materials_Europe_GmbH_0,0,0.0,2019-04,1,45.0,2019-12,1,22.9,81.0,14.496555,48.231049,,2.0,True,0.003584229390681,2.0,21.6,Medium likelihood. GFM negative 0% HEFAS positive 22km web: no specific 2019 flood news found
Panasonic_Industrial_Devices_Materials_Europe_GmbH_1,0,0.0,2019-04,1,45.0,2019-12,1,22.9,81.0,14.496555,48.231049,,2.0,True,0.003584229390681,2.0,21.6,Medium likelihood. GFM negative 0% HEFAS positive 22km web: no specific 2019 flood news found
Parker_Hannifin_ECD,0,0.0,,1,21.0,2019-12,1,21.8,49.0,-97.165966,49.831907,,0.0,False,0.0,0.0,,Low likelihood. GFM negative 0% HEFAS negative ?km web: no specific 2019 flood news found
Patho_landfill,1,37.0,2019-01_2019-02_2019-03_2019-04_2019-05_2019-08_2019-09_2019-10_2019-11_2019-12,1,44.0,2019-12,1,64.6,100.0,144.431425,-36.068899,,0.0,False,0.0,0.0,,Medium likelihood. GFM positive 37% HEFAS negative ?km web: no specific 2019 flood news found
Pergen_VOF,0,0.0,,1,63.0,2019-12,1,24.9,49.0,4.36739,51.885817,,0.0,False,-2.0,-2.0,81.8,Low likelihood. GFM negative 0% HEFAS negative 82km web: no specific 2019 flood news found
Pinto_Oil_SWB_16-31,0,0.0,,1,68.0,2019-12,1,23.4,49.0,-102.658575,49.085726,,0.0,False,0.0,0.0,,Low likelihood. GFM negative 0% HEFAS negative ?km web: no specific 2019 flood news found
Pipestone_Compressor_Station_08-15-070-08W6,1,2.0,2019-03_2019-04_2019-05_2019-06_2019-07_2019-11_2019-12,1,73.0,2019-12,1,20.1,100.0,-119.122598,55.059729,,0.0,False,0.0,0.0,,Medium likelihood. GFM positive 2% HEFAS negative ?km web: no specific 2019 flood news found
Pipestone_South_Gas_MWB_02-20-070-08W6,1,14.0,2019-02_2019-03_2019-04_2019-05_2019-06_2019-07_2019-11_2019-12,1,56.0,2019-12,1,30.2,100.0,-119.179517,55.070648,,0.0,False,0.0,0.0,,Medium likelihood. GFM positive 14% HEFAS negative ?km web: no specific 2019 flood news found
Pleasant_Hill_Energy_Center,1,5.0,2019-03_2019-06_2019-08_2019-10_2019-11,1,34.0,2019-12,1,23.3,100.0,-93.524181,41.557157,,0.0,False,0.0,0.0,,Medium likelihood. GFM positive 5% HEFAS negative ?km web: no specific 2019 flood news found
Pollard_Banknote_-_Winnipeg_Plant,0,0.0,,1,28.0,2019-12,1,21.8,49.0,-97.172327,49.836601,,0.0,False,0.0,0.0,,Low likelihood. GFM negative 0% HEFAS negative ?km web: no specific 2019 flood news found
Port_Westward,0,0.0,,1,59.0,2019-12,1,15.5,49.0,-123.171719,46.179219,,0.0,False,0.0,0.0,,Low likelihood. GFM negative 0% HEFAS negative ?km web: no specific 2019 flood news found
Prairie_Green_IWMF,0,0.0,2019-04,1,9.0,2019-12,1,40.8,88.0,-97.130729,50.004689,,0.0,False,0.0,0.0,,Low likelihood. GFM negative 0% HEFAS negative ?km web: no specific 2019 flood news found
Procter_Gamble_Manufacturing_GmbH,1,1.0,2019-05,1,48.0,2019-12,1,22.5,82.0,8.494866,49.929913,,5.0,True,-0.0287335722819593,3.0,3.8,High likelihood. GFM positive 1% HEFAS positive 4km web: no specific 2019 flood news found
Prysmian_Netherlands_B.V.,0,0.0,,1,55.0,2019-12,1,20.8,49.0,4.364391,51.995724,,0.0,False,-2.0,-2.0,93.6,Low likelihood. GFM negative 0% HEFAS negative 94km web: no specific 2019 flood news found
QUAD_GRAPHICS_MARKETING_LLC,1,3.0,2019-01_2019-02_2019-03_2019-05_2019-08,1,43.0,2019-12,1,24.1,94.0,-92.057845,41.796102,,0.0,False,0.0,0.0,,Medium likelihood. GFM positive 3% HEFAS negative ?km web: no specific 2019 flood news found
Quaker_Peterborough_Plant,0,0.0,,1,69.0,2019-12,1,13.2,49.0,-78.315383,44.307017,,0.0,False,0.0,0.0,,Low likelihood. GFM negative 0% HEFAS negative ?km web: no specific 2019 flood news found
RAMIREZ_LANE_CONCRETE_BATCH_PLANT,0,0.0,,1,57.0,2019-12,1,13.1,49.0,-97.65328,30.244622,,0.0,False,0.0,0.0,,Low likelihood. GFM negative 0% HEFAS negative ?km web: no specific 2019 flood news found
RBC_TRANSPORT_DYNAMICS_CORP,0,0.0,,1,53.0,2019-12,1,18.3,49.0,-117.912427,33.708766,,0.0,False,0.0,0.0,,Low likelihood. GFM negative 0% HEFAS negative ?km web: no specific 2019 flood news found
READY_MIXED_CONCRETE_CO_COUNCIL_BLUFFS_PLANT,0,0.0,,1,56.0,2019-12,1,21.8,49.0,-95.856052,41.25052,,0.0,False,0.0,0.0,,Low likelihood. GFM negative 0% HEFAS negative ?km web: no specific 2019 flood news found
RECOBAT._S.L.,1,5.0,2019-03_2019-04_2019-05,1,12.0,2019-12,1,33.5,99.0,-0.526829,41.495435,,8.0,True,-0.0023596176821983,2.0,11.6,High likelihood. GFM positive 5% HEFAS positive 12km web: no specific 2019 flood news found
RECTICEL_0,0,0.0,,1,44.0,2019-12,1,20.5,49.0,3.862205,51.010004,,0.0,False,-1.3333333333333333,-1.0,27.6,Low likelihood. GFM negative 0% HEFAS negative 28km web: no specific 2019 flood news found
RECTICEL_1,0,0.0,,1,44.0,2019-12,1,20.4,49.0,3.862634,51.009711,,0.0,False,-1.3333333333333333,-1.0,27.6,Low likelihood. GFM negative 0% HEFAS negative 28km web: no specific 2019 flood news found
REG_GEISMAR_LLC,0,0.0,,1,60.0,2019-12,1,16.3,49.0,-91.009418,30.203512,,0.0,False,0.0,0.0,,Low likelihood. GFM negative 0% HEFAS negative ?km web: no specific 2019 flood news found
REG_GRAYS_HARBOR_LLC,0,0.0,2019-02_2019-03_2019-04,1,40.0,2019-12,1,14.5,97.0,-123.854142,46.968125,,0.0,False,0.0,0.0,,Low likelihood. GFM negative 0% HEFAS negative ?km web: no specific 2019 flood news found
REG_SENECA_LLC,0,0.0,,0,0.0,,0,0.0,0.0,-88.590248,41.306661,,0.0,False,0.0,0.0,,Low likelihood. GFM negative 0% HEFAS negative ?km web: no specific 2019 flood news found
REID_GARDNER_GENERATING_STATION,0,0.0,,1,60.0,2019-12,1,14.1,49.0,-114.632607,36.656506,,0.0,False,0.0,0.0,,Low likelihood. GFM negative 0% HEFAS negative ?km web: no specific 2019 flood news found
REPUBLIC_CONDUIT_MANUFACTURING,0,0.0,2019-02,1,64.0,2019-12,1,13.8,87.0,-85.887507,38.172082,,0.0,False,0.0,0.0,,Low likelihood. GFM negative 0% HEFAS negative ?km web: no specific 2019 flood news found
RESOLUTE_FP_US_INC_-_CALHOUN_OPERATIONS,0,0.0,,1,86.0,2019-12,1,7.1,49.0,-84.756633,35.296263,,0.0,False,0.0,0.0,,Low likelihood. GFM negative 0% HEFAS negative ?km web: no specific 2019 flood news found
RESOLUTE_FP_US_INC_COOSA_PINES_OPERATIONS,0,0.0,,1,72.0,2019-12,1,11.6,49.0,-86.357873,33.326706,,0.0,False,0.0,0.0,,Low likelihood. GFM negative 0% HEFAS negative ?km web: no specific 2019 flood news found
REXAM_BEVERAGE_CAN_CO,0,0.0,,1,64.0,2019-12,1,14.6,49.0,-93.081159,44.940591,,0.0,False,0.0,0.0,,Low likelihood. GFM negative 0% HEFAS negative ?km web: no specific 2019 flood news found
ROADTEC_INC_RIVERSIDE_DRIVE_PLANT,0,0.0,,1,74.0,2019-12,1,11.2,49.0,-85.259233,35.076101,,0.0,False,0.0,0.0,,Low likelihood. GFM negative 0% HEFAS negative ?km web: no specific 2019 flood news found
ROHM_HAAS_-_LOUISVILLE_PLANT,1,1.0,2019-02,1,58.0,2019-12,1,16.4,91.0,-85.848053,38.21225,,0.0,False,0.0,0.0,,Medium likelihood. GFM positive 1% HEFAS negative ?km web: no specific 2019 flood news found
ROHM_HAAS_CHEMICALS_LLC,0,0.0,,1,55.0,2019-12,1,15.5,49.0,-74.87413,40.093804,,0.0,False,0.0,0.0,,Low likelihood. GFM negative 0% HEFAS negative ?km web: no specific 2019 flood news found
ROLL_FORMING_CORP,0,0.0,,1,59.0,2019-12,1,12.1,49.0,-85.669124,38.327023,,0.0,False,0.0,0.0,,Low likelihood. GFM negative 0% HEFAS negative ?km web: no specific 2019 flood news found
ROTEX_GLOBAL_LLC,0,0.0,,1,86.0,2019-12,1,9.1,49.0,-84.530329,39.161556,,0.0,False,0.0,0.0,,Low likelihood. GFM negative 0% HEFAS negative ?km web: no specific 2019 flood news found
RUBIS_TERMINAL,0,0.0,,1,62.0,2019-12,1,18.8,49.0,7.797691,48.591246,,2.0,True,0.0098566308243727,3.0,21.9,Medium likelihood. GFM negative 0% HEFAS positive 22km web: no specific 2019 flood news found
RUST-OLEUM_-_PHOENIX,0,0.0,,1,57.0,2019-12,1,15.1,49.0,-112.067925,33.417081,,0.0,False,0.0,0.0,,Low likelihood. GFM negative 0% HEFAS negative ?km web: no specific 2019 flood news found
RUSTOLEUM_CORP,0,0.0,,1,81.0,2019-12,1,5.6,49.0,-82.283609,38.555575,,0.0,False,0.0,0.0,,Low likelihood. GFM negative 0% HEFAS negative ?km web: no specific 2019 flood news found
Rapids_Energy_Center,0,0.0,,1,61.0,2019-12,1,13.6,49.0,-93.62814,47.263966,,0.0,False,0.0,0.0,,Low likelihood. GFM negative 0% HEFAS negative ?km web: no specific 2019 flood news found
Renewi_Nederland_BV,0,0.0,,1,62.0,2019-12,1,20.7,49.0,4.522858,51.885436,,0.0,False,-2.0,-2.0,79.0,Low likelihood. GFM negative 0% HEFAS negative 79km web: no specific 2019 flood news found
Rio_Bravo_Generating_Station,0,0.0,,1,45.0,2019-12,1,23.7,49.0,-106.669981,35.04421,,0.0,False,0.0,0.0,,Low likelihood. GFM negative 0% HEFAS negative ?km web: no specific 2019 flood news found
Rio_Grande,0,0.0,,1,78.0,2019-12,1,11.9,49.0,-106.547241,31.804708,,0.0,False,0.0,0.0,,Low likelihood. GFM negative 0% HEFAS negative ?km web: no specific 2019 flood news found
Rio_Tinto_Fer_et_Titane_inc.-_Complexe_de_Sorel-Tracy_0,1,1.0,2019-03_2019-04_2019-05_2019-06,1,40.0,2019-12,1,11.0,100.0,-73.139211,46.04465,,0.0,False,0.0,0.0,,Medium likelihood. GFM positive 1% HEFAS negative ?km web: no specific 2019 flood news found
Rio_Tinto_Fer_et_Titane_inc.-_Complexe_de_Sorel-Tracy_1,1,1.0,2019-03_2019-04_2019-05_2019-06,1,40.0,2019-12,1,11.0,100.0,-73.139211,46.04465,,0.0,False,0.0,0.0,,Medium likelihood. GFM positive 1% HEFAS negative ?km web: no specific 2019 flood news found
Rio_Tinto_Fer_et_Titane_inc.-_Complexe_de_Sorel-Tracy_2,1,1.0,2019-03_2019-04_2019-05_2019-06,1,40.0,2019-12,1,11.0,100.0,-73.139211,46.04465,,0.0,False,0.0,0.0,,Medium likelihood. GFM positive 1% HEFAS negative ?km web: no specific 2019 flood news found
Rio_Tinto_Fer_et_Titane_inc._-_HAVRE-SAINT-PIERRE_0,1,8.0,2019-04_2019-11,1,33.0,2019-12,1,16.2,100.0,-63.60647,50.243466,,0.0,False,0.0,0.0,,Medium likelihood. GFM positive 8% HEFAS negative ?km web: no specific 2019 flood news found
Rio_Tinto_Fer_et_Titane_inc._-_HAVRE-SAINT-PIERRE_1,1,8.0,2019-04_2019-11,1,33.0,2019-12,1,16.2,100.0,-63.60647,50.243466,,0.0,False,0.0,0.0,,Medium likelihood. GFM positive 8% HEFAS negative ?km web: no specific 2019 flood news found
Rio_Tinto_Fer_et_Titane_inc._-_HAVRE-SAINT-PIERRE_2,1,8.0,2019-04_2019-11,1,33.0,2019-12,1,16.2,100.0,-63.60647,50.243466,,0.0,False,0.0,0.0,,Medium likelihood. GFM positive 8% HEFAS negative ?km web: no specific 2019 flood news found
Rock_River,1,8.0,2019-02,1,9.0,2019-12,1,30.4,100.0,-89.029278,42.583114,,0.0,False,0.0,0.0,,Medium likelihood. GFM positive 8% HEFAS negative ?km web: no specific 2019 flood news found
Rollingstock_Maintenance_Rockhampton,0,0.0,,1,53.0,2019-12,1,21.2,49.0,150.517193,-23.387135,,0.0,False,0.0,0.0,,Low likelihood. GFM negative 0% HEFAS negative ?km web: no specific 2019 flood news found
Rothschild_Biomass_Cogeneration_Plant,0,0.0,2019-04,1,71.0,2019-12,1,17.2,82.0,-89.625845,44.888333,,0.0,False,0.0,0.0,,Low likelihood. GFM negative 0% HEFAS negative ?km web: no specific 2019 flood news found
SACRAMENTO-_CAMPBELL_SOUP_SUPPLY_CO,0,0.0,,0,0.0,2019-12,1,20.6,49.0,-121.467279,38.510603,,0.0,False,0.0,0.0,,Low likelihood. GFM negative 0% HEFAS negative ?km web: no specific 2019 flood news found
SAF-HOLLAND_INC_DUMAS,1,26.0,2019-01_2019-04_2019-05,1,13.0,2019-12,1,37.8,100.0,-91.486537,33.865369,,0.0,False,0.0,0.0,,Medium likelihood. GFM positive 26% HEFAS negative ?km web: no specific 2019 flood news found
SAFETY-KLEEN_SYSTEMS._INC.,1,1.0,2019-01_2019-03,1,59.0,2019-12,1,14.3,99.0,-90.180944,32.28816,,0.0,False,0.0,0.0,,Medium likelihood. GFM positive 1% HEFAS negative ?km web: no specific 2019 flood news found
SAFETY-KLEEN_SYSTEMS_-_METAIRIE,0,0.0,,1,63.0,2019-12,1,15.5,49.0,-90.152576,29.974255,,0.0,False,0.0,0.0,,Low likelihood. GFM negative 0% HEFAS negative ?km web: no specific 2019 flood news found
SAFETY-KLEEN_SYSTEMS_-_ST_ROSE,0,0.0,,1,60.0,2019-12,1,22.0,49.0,-90.291797,29.969459,,0.0,False,0.0,0.0,,Low likelihood. GFM negative 0% HEFAS negative ?km web: no specific 2019 flood news found
SAFETY-KLEEN_SYSTEMS_KENNER_KEN,0,0.0,,1,58.0,2019-12,1,21.4,49.0,-90.277028,30.000913,,0.0,False,0.0,0.0,,Low likelihood. GFM negative 0% HEFAS negative ?km web: no specific 2019 flood news found
SAFETY-KLEEN_SYSTEMS_MILLINGTON_MIL,1,3.0,2019-02_2019-03_2019-09_2019-10,1,62.0,2019-12,1,23.1,100.0,-89.945711,35.27324,,0.0,False,0.0,0.0,,Medium likelihood. GFM positive 3% HEFAS negative ?km web: no specific 2019 flood news found
SAFETY-KLEEN_SYSTEMS_POCA_POC,0,0.0,,1,83.0,2019-12,1,6.6,49.0,-81.819526,38.451169,,0.0,False,0.0,0.0,,Low likelihood. GFM negative 0% HEFAS negative ?km web: no specific 2019 flood news found
SAFETY-KLEEN_SYSTEMS_WICHITA_WIB,1,1.0,2019-05,1,43.0,2019-12,1,22.3,100.0,-97.398842,37.671614,,0.0,False,0.0,0.0,,Medium likelihood. GFM positive 1% HEFAS negative ?km web: no specific 2019 flood news found
SAFETY-KLEEN_SYS_INC,0,0.0,,1,78.0,2019-12,1,11.7,49.0,-95.733255,36.237914,,0.0,False,0.0,0.0,,Low likelihood. GFM negative 0% HEFAS negative ?km web: no specific 2019 flood news found
SAFRAN_AIRCRAFT_ENGINES_EX_SNECMA__0,1,2.0,2019-04_2019-05,1,56.0,2019-12,1,20.8,99.0,0.546529,46.845632,,0.0,False,-1.4836021505376344,-1.0,3.7,Medium likelihood. GFM positive 2% HEFAS negative 4km web: no specific 2019 flood news found
SAFRAN_AIRCRAFT_ENGINES_EX_SNECMA__1,1,2.0,2019-04_2019-05,1,56.0,2019-12,1,20.8,99.0,0.546529,46.845632,,0.0,False,-1.4836021505376344,-1.0,3.7,Medium likelihood. GFM positive 2% HEFAS negative 4km web: no specific 2019 flood news found
SAFRAN_CABIN_MATERIALS_LLC_0,1,5.0,2019-03_2019-11,1,64.0,2019-12,1,20.3,100.0,-117.039991,48.185368,,0.0,False,0.0,0.0,,Medium likelihood. GFM positive 5% HEFAS negative ?km web: no specific 2019 flood news found
SAFRAN_CABIN_MATERIALS_LLC_1,1,5.0,2019-03_2019-11,1,64.0,2019-12,1,20.3,100.0,-117.039991,48.185368,,0.0,False,0.0,0.0,,Medium likelihood. GFM positive 5% HEFAS negative ?km web: no specific 2019 flood news found
SAFRAN_TRANSMISSION_SYSTEMS_0,0,0.0,,1,74.0,2019-12,1,12.0,49.0,2.248157,48.933495,,0.0,False,-1.4836021505376344,-1.0,13.1,Low likelihood. GFM negative 0% HEFAS negative 13km web: no specific 2019 flood news found
SAFRAN_TRANSMISSION_SYSTEMS_1,0,0.0,,1,74.0,2019-12,1,12.0,49.0,2.248157,48.933495,,0.0,False,-1.4836021505376344,-1.0,13.1,Low likelihood. GFM negative 0% HEFAS negative 13km web: no specific 2019 flood news found
SAGINAW_METAL_CASTING_OPERATIONS,0,0.0,,1,47.0,2019-12,1,22.4,49.0,-83.920435,43.450242,,0.0,False,0.0,0.0,,Low likelihood. GFM negative 0% HEFAS negative ?km web: no specific 2019 flood news found
SALEM_ASPHALT,0,0.0,2019-04_2019-11,1,31.0,2019-12,1,27.6,88.0,-123.005169,45.061727,,0.0,False,0.0,0.0,,Low likelihood. GFM negative 0% HEFAS negative ?km web: no specific 2019 flood news found
SANDVIK_SPECIAL_METALS_LLC,1,1.0,2019-10,1,22.0,2019-12,1,17.3,100.0,-119.011223,46.145238,,0.0,False,0.0,0.0,,Medium likelihood. GFM positive 1% HEFAS negative ?km web: no specific 2019 flood news found
SANOFI_CHIMIE,0,0.0,,1,60.0,2019-12,1,14.6,49.0,2.414106,48.778282,,0.0,False,-1.4954898446833929,-1.0,0.4,Low likelihood. GFM negative 0% HEFAS negative 0km web: no specific 2019 flood news found
SANOFI_PASTEUR,0,0.0,2019-05,1,51.0,2019-12,1,17.0,70.0,1.17519,49.241313,,0.0,False,-1.488231780167264,-1.0,1.9,Low likelihood. GFM negative 0% HEFAS negative 2km web: no specific 2019 flood news found
SANOFI_PASTEUR_NVL,1,2.0,2019-04_2019-05_2019-07,1,77.0,2019-12,1,14.6,100.0,4.827757,45.881139,,0.0,False,-1.3307347670250895,-1.0,11.2,Medium likelihood. GFM positive 2% HEFAS negative 11km web: no specific 2019 flood news found
SARNIA,0,0.0,,1,29.0,2019-12,1,15.2,49.0,-82.494081,42.638514,,0.0,False,0.0,0.0,,Low likelihood. GFM negative 0% HEFAS negative ?km web: no specific 2019 flood news found
SCHLUMBERGER_ROSHARON_CAMPUS,1,10.0,2019-03_2019-05_2019-07_2019-09_2019-10_2019-11_2019-12,1,18.0,2019-12,1,37.6,100.0,-95.441481,29.368315,,0.0,False,0.0,0.0,,Medium likelihood. GFM positive 10% HEFAS negative ?km web: no specific 2019 flood news found
SCHNEIDER_ELECTRIC_ALPES_EX_MGA,1,2.0,2019-04_2019-05,1,41.0,2019-12,1,25.0,97.0,6.029192,45.476236,,0.0,False,-0.9085125448028674,0.0,73.0,Medium likelihood. GFM positive 2% HEFAS negative 73km web: no specific 2019 flood news found
SCHULZ_XTRUDED_PRODUCTS,1,6.0,2019-01_2019-03_2019-05_2019-10_2019-11_2019-12,1,10.0,2019-12,1,36.1,98.0,-90.269006,34.821903,,0.0,False,0.0,0.0,,Medium likelihood. GFM positive 6% HEFAS negative ?km web: no specific 2019 flood news found
SEALED_AIR_CORP,1,4.0,2019-03_2019-04_2019-05_2019-06_2019-09_2019-10_2019-11_2019-12,1,27.0,2019-12,1,22.2,99.0,-94.895295,39.719097,,0.0,False,0.0,0.0,,Medium likelihood. GFM positive 4% HEFAS negative ?km web: no specific 2019 flood news found
SEIBERT_LAKE_15-19-063-08W4,0,0.0,,1,72.0,2019-12,1,20.5,49.0,-111.199893,54.469564,,0.0,False,0.0,0.0,,Low likelihood. GFM negative 0% HEFAS negative ?km web: no specific 2019 flood news found
SEMICONDUCTOR_COMPONENTS_INDUSTRIES_LLC,0,0.0,,1,69.0,2019-12,1,13.4,49.0,-77.628279,43.203582,,0.0,False,0.0,0.0,,Low likelihood. GFM negative 0% HEFAS negative ?km web: no specific 2019 flood news found
SHAW_INDUSTRIES_GROUP_INC_PLANT_8S,0,0.0,,1,92.0,2019-12,1,11.6,49.0,-81.151344,34.047264,,0.0,False,0.0,0.0,,Low likelihood. GFM negative 0% HEFAS negative ?km web: no specific 2019 flood news found
SHENANGO_INC,0,0.0,,1,79.0,2019-12,1,5.7,49.0,-80.078062,40.496115,,0.0,False,0.0,0.0,,Low likelihood. GFM negative 0% HEFAS negative ?km web: no specific 2019 flood news found
SHERWIN-WILLIAMS_CO_0,0,0.0,,1,75.0,2019-12,1,6.2,49.0,-80.042845,40.472268,,0.0,False,0.0,0.0,,Low likelihood. GFM negative 0% HEFAS negative ?km web: no specific 2019 flood news found
SHERWIN-WILLIAMS_CO_1,0,0.0,,1,69.0,2019-12,1,9.6,49.0,-89.095138,42.255432,,0.0,False,0.0,0.0,,Low likelihood. GFM negative 0% HEFAS negative ?km web: no specific 2019 flood news found
SIEMENS_GAMESA_RENEWABLE_ENERGY_INC.,1,2.0,2019-02_2019-03_2019-04_2019-05_2019-06,1,38.0,2019-12,1,27.6,100.0,-91.428774,40.582571,,0.0,False,0.0,0.0,,Medium likelihood. GFM positive 2% HEFAS negative ?km web: no specific 2019 flood news found
SIEMENS_HEALTHINEERS,0,0.0,,1,44.0,2019-12,1,14.2,49.0,-86.14993,41.657896,,0.0,False,0.0,0.0,,Low likelihood. GFM negative 0% HEFAS negative ?km web: no specific 2019 flood news found
SIEMENS_INDUSTRY_INC,0,0.0,,1,86.0,2019-12,1,4.3,49.0,-79.898189,40.413716,,0.0,False,0.0,0.0,,Low likelihood. GFM negative 0% HEFAS negative ?km web: no specific 2019 flood news found
SIKA-FAIRLESS_HILLS_PA,1,1.0,2019-02_2019-08_2019-09_2019-10_2019-11_2019-12,1,43.0,2019-12,1,19.5,100.0,-74.750342,40.162335,,0.0,False,0.0,0.0,,Medium likelihood. GFM positive 1% HEFAS negative ?km web: no specific 2019 flood news found
SIKORSKY_AIRCRAFT_STRATFORD_FACILITY,0,0.0,,1,88.0,2019-12,1,10.7,49.0,-73.097579,41.248392,,0.0,False,0.0,0.0,,Low likelihood. GFM negative 0% HEFAS negative ?km web: no specific 2019 flood news found
SILGAN_CONTAINERS_MANUFACTURING_CORP_0,1,4.0,2019-03_2019-04_2019-05_2019-06_2019-07_2019-09_2019-10_2019-11,1,61.0,2019-12,1,17.4,100.0,-93.336434,44.779644,,0.0,False,0.0,0.0,,Medium likelihood. GFM positive 4% HEFAS negative ?km web: no specific 2019 flood news found
SILGAN_CONTAINERS_MANUFACTURING_CORP_1,1,5.0,2019-03_2019-04_2019-05_2019-06_2019-10_2019-11_2019-12,1,30.0,2019-12,1,22.3,99.0,-94.892728,39.71957,,0.0,False,0.0,0.0,,Medium likelihood. GFM positive 5% HEFAS negative ?km web: no specific 2019 flood news found
SILGAN_CONTAINERS_MFG_CORP,0,0.0,,0,0.0,2019-12,1,20.6,49.0,-121.467279,38.510603,,0.0,False,0.0,0.0,,Low likelihood. GFM negative 0% HEFAS negative ?km web: no specific 2019 flood news found
SIOUXLAND_CONCRETE_CO,0,0.0,2019-11,1,23.0,2019-12,1,24.2,86.0,-96.405339,42.442095,,0.0,False,0.0,0.0,,Low likelihood. GFM negative 0% HEFAS negative ?km web: no specific 2019 flood news found
SIT_SpA_-_stabilimento_di_Rovigo,0,0.0,2019-04,1,12.0,2019-12,1,30.6,86.0,11.748264,45.080781,,42.0,True,0.2148788189110769,5.0,24.1,Medium likelihood. GFM negative 0% HEFAS positive 24km web: Po Valley high water mid-Nov 2019 (Storyful Rovigo cleanup 2019-11-18) https://video.storyful.com/record/467
SKBT0015054_Tank,0,0.0,,1,10.0,2019-12,1,19.7,49.0,-109.888055,52.931157,,0.0,False,0.0,0.0,,Low likelihood. GFM negative 0% HEFAS negative ?km web: no specific 2019 flood news found
SKBTB4L2211_Alameda_East_Oil_Battery_05-13-003-02W2,1,1.0,2019-06_2019-10,1,57.0,2019-12,1,22.1,94.0,-102.160476,49.208154,,0.0,False,0.0,0.0,,Medium likelihood. GFM positive 1% HEFAS negative ?km web: no specific 2019 flood news found
SKBTB4L2215,0,0.0,,1,58.0,2019-12,1,21.0,49.0,-102.059125,49.191426,,0.0,False,0.0,0.0,,Low likelihood. GFM negative 0% HEFAS negative ?km web: no specific 2019 flood news found
SKYLINE_STEEL_LLC-ARMOREL,1,16.0,2019-01_2019-02_2019-03_2019-04_2019-07_2019-10_2019-11_2019-12,1,18.0,2019-12,1,38.9,100.0,-89.776872,35.915979,,0.0,False,0.0,0.0,,Medium likelihood. GFM positive 16% HEFAS negative ?km web: no specific 2019 flood news found
SKYLINE_STEEL_LLC-BELPRE,0,0.0,,1,72.0,2019-12,1,5.9,49.0,-81.562944,39.322076,,0.0,False,0.0,0.0,,Low likelihood. GFM negative 0% HEFAS negative ?km web: no specific 2019 flood news found
SKYLINE_STEEL_LLC-FAIRLESS_HILLS,1,1.0,2019-02_2019-08_2019-09_2019-10_2019-11_2019-12,1,43.0,2019-12,1,19.8,100.0,-74.752037,40.161064,,0.0,False,0.0,0.0,,Medium likelihood. GFM positive 1% HEFAS negative ?km web: no specific 2019 flood news found
SKYLINE_STEEL_LLC-LONGVIEW,0,0.0,2019-09,1,42.0,2019-12,1,18.6,74.0,-122.935543,46.110851,,0.0,False,0.0,0.0,,Low likelihood. GFM negative 0% HEFAS negative ?km web: no specific 2019 flood news found
SMITH_WEST_16-01,1,2.0,2019-12,1,22.0,2019-12,1,29.4,100.0,-114.158714,55.123724,,0.0,False,0.0,0.0,,Medium likelihood. GFM positive 2% HEFAS negative ?km web: no specific 2019 flood news found
SNG_Station_4020_Bear_Creek_Storage._LA,1,7.0,2019-04_2019-05_2019-10,1,27.0,2019-12,1,32.9,100.0,-93.057614,31.728631,,0.0,False,0.0,0.0,,Medium likelihood. GFM positive 7% HEFAS negative ?km web: no specific 2019 flood news found
SNG_Station_5000_Shadyside._LA,0,0.0,,1,63.0,2019-12,1,14.9,49.0,-91.416616,29.728286,,0.0,False,0.0,0.0,,Low likelihood. GFM negative 0% HEFAS negative ?km web: no specific 2019 flood news found
SNG_Station_5010_White_Castle._LA,0,0.0,,1,19.0,2019-12,1,18.5,49.0,-91.102845,30.197144,,0.0,False,0.0,0.0,,Low likelihood. GFM negative 0% HEFAS negative ?km web: no specific 2019 flood news found
SNG_Station_5110_Toca._LA,0,0.0,,1,78.0,2019-12,1,12.6,49.0,-89.830512,29.867397,,0.0,False,0.0,0.0,,Low likelihood. GFM negative 0% HEFAS negative ?km web: no specific 2019 flood news found
SOLUTIA_INC_P2S5_PLANT,0,0.0,,1,63.0,2019-12,1,18.5,49.0,-90.168716,38.597211,,0.0,False,0.0,0.0,,Low likelihood. GFM negative 0% HEFAS negative ?km web: no specific 2019 flood news found
SOLVAY_CHEMICALS_INC,0,0.0,,1,51.0,2019-12,1,18.4,49.0,-122.982613,46.136933,,0.0,False,0.0,0.0,,Low likelihood. GFM negative 0% HEFAS negative ?km web: no specific 2019 flood news found
SOLVAY_Chemicals_GmbH_0,1,5.0,2019-05_2019-07_2019-08,1,66.0,2019-12,1,20.9,100.0,11.750539,51.80108,,0.0,False,-0.0974313022700119,0.0,1.1,Medium likelihood. GFM positive 5% HEFAS negative 1km web: no specific 2019 flood news found
SOLVAY_Chemicals_GmbH_1,1,5.0,2019-05_2019-07_2019-08,1,66.0,2019-12,1,20.9,100.0,11.750539,51.80108,,0.0,False,-0.0974313022700119,0.0,1.1,Medium likelihood. GFM positive 5% HEFAS negative 1km web: no specific 2019 flood news found
SOLVAY_FLUORIDES_LLC,0,0.0,,1,62.0,2019-12,1,17.3,49.0,-90.12692,38.599119,,0.0,False,0.0,0.0,,Low likelihood. GFM negative 0% HEFAS negative ?km web: no specific 2019 flood news found
SOLVAY_SPECIALTY_POLYMERS_USA_LLC_0,1,1.0,2019-02_2019-04_2019-11,1,64.0,2019-12,1,13.3,94.0,-75.209556,39.84545,,0.0,False,0.0,0.0,,Medium likelihood. GFM positive 1% HEFAS negative ?km web: no specific 2019 flood news found
SOLVAY_SPECIALTY_POLYMERS_USA_LLC_1,0,0.0,,1,67.0,2019-12,1,6.3,49.0,-81.515221,39.370512,,0.0,False,0.0,0.0,,Low likelihood. GFM negative 0% HEFAS negative ?km web: no specific 2019 flood news found
SONOCO_FLEXIBLE_PACKAGING,1,1.0,2019-02_2019-05,1,57.0,2019-12,1,18.5,94.0,-84.315628,39.564868,,0.0,False,0.0,0.0,,Medium likelihood. GFM positive 1% HEFAS negative ?km web: no specific 2019 flood news found
SONOCO_PRODUCTS_CO_0,0,0.0,,1,80.0,2019-12,1,12.3,49.0,-72.607982,42.19358,,0.0,False,0.0,0.0,,Low likelihood. GFM negative 0% HEFAS negative ?km web: no specific 2019 flood news found
SONOCO_PRODUCTS_CO_1,0,0.0,,1,74.0,2019-12,1,5.8,49.0,-83.205754,36.017376,,0.0,False,0.0,0.0,,Low likelihood. GFM negative 0% HEFAS negative ?km web: no specific 2019 flood news found
SONOCO_PRODUCTS_CO_2,1,7.0,2019-01_2019-02_2019-03_2019-10,1,71.0,2019-12,1,16.9,100.0,-89.074215,42.450961,,0.0,False,0.0,0.0,,Medium likelihood. GFM positive 7% HEFAS negative ?km web: no specific 2019 flood news found
SOUTH_VALLEY_MATERIALS_INC-HANFORD_RMC,1,14.0,2019-01_2019-03_2019-04_2019-05_2019-06_2019-07_2019-09_2019-10_2019-11,1,14.0,2019-12,1,41.9,100.0,-119.597695,36.313506,,0.0,False,0.0,0.0,,Medium likelihood. GFM positive 14% HEFAS negative ?km web: no specific 2019 flood news found
SPECIALTY_PRODUCTS_US_LLC_-_POLYOX_PLANT,0,0.0,,1,81.0,2019-12,1,7.8,49.0,-81.776196,38.383316,,0.0,False,0.0,0.0,,Low likelihood. GFM negative 0% HEFAS negative ?km web: no specific 2019 flood news found
SPENSALL_A_DIV_OF_FASTENAL_MANUFACTURING,1,1.0,2019-03_2019-04_2019-05_2019-06_2019-07_2019-11,1,50.0,2019-12,1,24.5,100.0,-91.682501,44.061863,,0.0,False,0.0,0.0,,Medium likelihood. GFM positive 1% HEFAS negative ?km web: no specific 2019 flood news found
SPS_TECHNOLOGIES_LLC,0,0.0,,1,50.0,2019-12,1,18.4,49.0,-117.919655,33.711105,,0.0,False,0.0,0.0,,Low likelihood. GFM negative 0% HEFAS negative ?km web: no specific 2019 flood news found
SPURFIELD_07-28,1,2.0,2019-12,1,31.0,2019-12,1,26.6,97.0,-114.241189,55.174726,,0.0,False,0.0,0.0,,Medium likelihood. GFM positive 2% HEFAS negative ?km web: no specific 2019 flood news found
SPUR_11-6-73-1W5,0,0.0,,1,70.0,2019-12,1,17.1,49.0,-114.145777,55.294744,,0.0,False,0.0,0.0,,Low likelihood. GFM negative 0% HEFAS negative ?km web: no specific 2019 flood news found
SPX_TRANSFORMER_SOLUTIONS,1,4.0,2019-05,1,61.0,2019-12,1,18.4,100.0,-96.882499,32.827948,,0.0,False,0.0,0.0,,Medium likelihood. GFM positive 4% HEFAS negative ?km web: no specific 2019 flood news found
ST._ANDRE,1,2.0,2019-03_2019-04,1,81.0,2019-12,1,18.3,100.0,-74.336194,45.565314,,0.0,False,0.0,0.0,,Medium likelihood. GFM positive 2% HEFAS negative ?km web: no specific 2019 flood news found
STABILIMENTO_DI_MAGENTA_0,1,2.0,2019-04_2019-05_2019-06,1,37.0,2019-12,1,28.6,98.0,8.833367,45.450059,,10.0,True,-1.3696236559139787,5.0,12.6,High likelihood. GFM positive 2% HEFAS positive 13km web: no specific 2019 flood news found
STABILIMENTO_DI_MAGENTA_1,1,2.0,2019-04_2019-05_2019-06,1,37.0,2019-12,1,28.6,98.0,8.833367,45.450059,,10.0,True,-1.3696236559139787,5.0,12.6,High likelihood. GFM positive 2% HEFAS positive 13km web: no specific 2019 flood news found
STANDARD_MATERIALS_GROUP_INC_TULSA_W_23RD,0,0.0,,1,50.0,2019-12,1,15.2,49.0,-95.994873,36.130543,,0.0,False,0.0,0.0,,Low likelihood. GFM negative 0% HEFAS negative ?km web: no specific 2019 flood news found
STANDARD_READY_MIX_CONCRETE_CO_SIOUX_CITY_PLANT,0,0.0,,1,68.0,2019-12,1,12.2,44.0,-96.389425,42.503594,,0.0,False,0.0,0.0,,Low likelihood. GFM negative 0% HEFAS negative ?km web: no specific 2019 flood news found
STARMARK_CABINETRY,0,0.0,2019-01,1,54.0,2019-12,1,22.1,100.0,-96.718863,43.589371,,0.0,False,0.0,0.0,,Low likelihood. GFM negative 0% HEFAS negative ?km web: no specific 2019 flood news found
STATE_INDUSTRIES_INC.,0,0.0,2019-10,1,78.0,2019-12,1,9.4,76.0,-87.066629,36.269674,,0.0,False,0.0,0.0,,Low likelihood. GFM negative 0% HEFAS negative ?km web: no specific 2019 flood news found
STEEL_DYNAMICS_INC.,0,0.0,,1,58.0,2019-12,1,13.3,49.0,-85.673177,38.322981,,0.0,False,0.0,0.0,,Low likelihood. GFM negative 0% HEFAS negative ?km web: no specific 2019 flood news found
STEEL_DYNAMICS_INC._-_TECHS_DIV_-_GALVTECH_PLANT,0,0.0,,1,88.0,2019-12,1,3.9,49.0,-79.932889,40.392807,,0.0,False,0.0,0.0,,Low likelihood. GFM negative 0% HEFAS negative ?km web: no specific 2019 flood news found
STEPAN_CO,0,0.0,,1,61.0,2019-12,1,15.6,49.0,-117.915352,33.849292,,0.0,False,0.0,0.0,,Low likelihood. GFM negative 0% HEFAS negative ?km web: no specific 2019 flood news found
STEPAN_CO_-_FIELDSBORO_PLANT,0,0.0,2019-02,1,70.0,2019-12,1,13.6,83.0,-74.734855,40.134015,,0.0,False,0.0,0.0,,Low likelihood. GFM negative 0% HEFAS negative ?km web: no specific 2019 flood news found
STEP_-_ROSNY-SUR-SEINE,1,6.0,2019-04_2019-05_2019-06,1,65.0,2019-12,1,23.0,100.0,1.650166,49.000427,,0.0,False,-1.4836021505376344,-1.0,13.3,Medium likelihood. GFM positive 6% HEFAS negative 13km web: no specific 2019 flood news found
STEP_-_VILLEFRANCHE_SUR_SAONE,0,0.0,,1,63.0,2019-12,1,15.7,49.0,4.739439,45.986076,,0.0,False,-1.3307347670250895,-1.0,14.7,Low likelihood. GFM negative 0% HEFAS negative 15km web: no specific 2019 flood news found
STERLING_STEEL_CO_LLC,0,0.0,2019-03,1,55.0,2019-12,1,16.2,87.0,-89.70985,41.786262,,0.0,False,0.0,0.0,,Low likelihood. GFM negative 0% HEFAS negative ?km web: no specific 2019 flood news found
ST_CHARLES_OPERATIONS_TAFT_STAR_UNION_CARBIDE_CORP,0,0.0,,1,60.0,2019-12,1,15.6,49.0,-90.4437,29.982885,,0.0,False,0.0,0.0,,Low likelihood. GFM negative 0% HEFAS negative ?km web: no specific 2019 flood news found
ST_MICROELECTRONICS,0,0.0,,1,44.0,2019-12,1,17.8,49.0,5.884543,45.267056,,0.0,False,-1.2982974910394265,-1.0,75.6,Low likelihood. GFM negative 0% HEFAS negative 76km web: no specific 2019 flood news found
SUEZ_EAU_INDUSTRIELLE_EX_ONDEO_IS,1,1.0,2019-05,1,78.0,2019-12,1,16.6,88.0,2.507039,49.291358,,0.0,False,-1.4836021505376344,-1.0,46.2,Medium likelihood. GFM positive 1% HEFAS negative 46km web: no specific 2019 flood news found
SUEZ_ORGANIQUE_SAS,1,2.0,2019-04_2019-05_2019-09,1,25.0,2019-12,1,25.5,89.0,4.707346,44.261191,,0.0,False,-1.4836021505376344,-1.0,13.8,Medium likelihood. GFM positive 2% HEFAS negative 14km web: no specific 2019 flood news found
SUEZ_RR_IWS_CHEMICALS_FRANCE,0,0.0,,1,72.0,2019-12,1,13.5,49.0,2.295658,48.948026,,0.0,False,-1.4836021505376344,-1.0,12.6,Low likelihood. GFM negative 0% HEFAS negative 13km web: no specific 2019 flood news found
SUEZ_RR_IWS_CHEMICAL_FRANCE_EX_SITA,0,0.0,2019-05,1,42.0,2019-12,1,24.0,88.0,7.925551,48.747897,,2.0,True,0.0080645161290322,3.0,17.5,Medium likelihood. GFM negative 0% HEFAS positive 18km web: no specific 2019 flood news found
SUEZ_RR_IWS_MINERALS_FRANCE_0,0,0.0,,1,73.0,2019-12,1,12.6,49.0,2.282254,48.946159,,0.0,False,-1.4836021505376344,-1.0,12.8,Low likelihood. GFM negative 0% HEFAS negative 13km web: no specific 2019 flood news found
SUEZ_RR_IWS_MINERALS_FRANCE_1,0,0.0,,1,88.0,2019-12,1,13.0,49.0,4.814064,45.627125,,0.0,False,-1.3307347670250895,-1.0,27.6,Low likelihood. GFM negative 0% HEFAS negative 28km web: no specific 2019 flood news found
SUEZ_RV_CENTRE_EST_-_PONT_DU_CH_TEAU,1,3.0,2019-04_2019-05,1,66.0,2019-12,1,18.1,100.0,3.266919,45.808711,,0.0,False,-1.4836021505376344,-1.0,21.9,Medium likelihood. GFM positive 3% HEFAS negative 22km web: no specific 2019 flood news found
SUEZ_RV_MEDITERRANEE,0,0.0,,1,33.0,2019-12,1,23.1,49.0,4.932447,43.980726,,0.0,False,-1.4836021505376344,-1.0,31.1,Low likelihood. GFM negative 0% HEFAS negative 31km web: no specific 2019 flood news found
SUEZ_RV_YONNE_METAUX,1,5.0,2019-04_2019-05_2019-06,1,68.0,2019-12,1,23.1,100.0,3.384788,47.97343,,0.0,False,-1.1019713261648745,0.0,17.1,Medium likelihood. GFM positive 5% HEFAS negative 17km web: no specific 2019 flood news found
SUEZ_Schiedam,0,0.0,,1,70.0,2019-12,1,24.5,49.0,4.389171,51.902362,,0.0,False,-2.0,-2.0,83.1,Low likelihood. GFM negative 0% HEFAS negative 83km web: no specific 2019 flood news found
SWVA._INC.,0,0.0,,1,63.0,2019-12,1,8.6,49.0,-82.42533,38.426515,,0.0,False,0.0,0.0,,Low likelihood. GFM negative 0% HEFAS negative ?km web: no specific 2019 flood news found
SWVA_INC,0,0.0,,1,64.0,2019-12,1,9.4,49.0,-82.433198,38.425464,,0.0,False,0.0,0.0,,Low likelihood. GFM negative 0% HEFAS negative ?km web: no specific 2019 flood news found
SYPRIS_TECHNOLOGIES_INC,0,0.0,,1,70.0,2019-12,1,14.0,49.0,-85.79863,38.249658,,0.0,False,0.0,0.0,,Low likelihood. GFM negative 0% HEFAS negative ?km web: no specific 2019 flood news found
S_dzucker_AG._Werk_Ochsenfurt,0,0.0,,1,89.0,2019-12,1,14.1,49.0,10.080167,49.666606,,3.0,True,0.0062724014336917,3.0,17.6,Medium likelihood. GFM negative 0% HEFAS positive 18km web: no specific 2019 flood news found
S_dzucker_AG._Werk_Plattling,1,13.0,2019-01_2019-02_2019-03_2019-04_2019-05,1,38.0,2019-12,1,29.8,96.0,12.882629,48.787642,,15.0,True,0.0582437275985663,4.0,1.9,High likelihood. GFM positive 13% HEFAS positive 2km web: no specific 2019 flood news found
S_dzucker_Werk_Regensburg_0,0,0.0,2019-02,1,61.0,2019-12,1,16.5,54.0,12.125977,49.012479,,9.0,True,0.0367383512544802,5.0,1.5,Medium likelihood. GFM negative 0% HEFAS positive 2km web: no specific 2019 flood news found
S_dzucker_Werk_Regensburg_1,1,6.0,2019-02_2019-04_2019-05_2019-06,1,42.0,2019-12,1,23.4,98.0,12.153246,49.003974,,9.0,True,0.0367383512544802,5.0,2.4,High likelihood. GFM positive 6% HEFAS positive 2km web: no specific 2019 flood news found
Salinas_River_Cogeneration_Facility,0,0.0,,1,67.0,2019-12,1,19.0,49.0,-120.867921,35.951487,,0.0,False,0.0,0.0,,Low likelihood. GFM negative 0% HEFAS negative ?km web: no specific 2019 flood news found
Salzgitter_Mannesmann_Grobblech_GmbH,0,0.0,,1,71.0,2019-12,1,13.0,49.0,6.87511,51.438391,,8.0,True,0.0252090800477897,4.0,10.4,Medium likelihood. GFM negative 0% HEFAS positive 10km web: no specific 2019 flood news found
Sandoz_GmbH_0,1,17.0,2019-01_2019-02_2019-03,1,69.0,2019-12,1,27.5,100.0,11.979605,47.46735,,31.0,True,0.105137395459976,4.0,8.9,High likelihood. GFM positive 17% HEFAS positive 9km web: no specific 2019 flood news found
Sandoz_GmbH_1,1,17.0,2019-01_2019-02_2019-03,1,69.0,2019-12,1,27.5,100.0,11.979605,47.46735,,31.0,True,0.105137395459976,4.0,8.9,High likelihood. GFM positive 17% HEFAS positive 9km web: no specific 2019 flood news found
Sandoz_GmbH_2,1,17.0,2019-01_2019-02_2019-03,1,69.0,2019-12,1,27.5,100.0,11.979605,47.46735,,31.0,True,0.105137395459976,4.0,8.9,High likelihood. GFM positive 17% HEFAS positive 9km web: no specific 2019 flood news found
Sandoz_GmbH_3,1,17.0,2019-01_2019-02_2019-03,1,69.0,2019-12,1,27.5,100.0,11.979605,47.46735,,31.0,True,0.105137395459976,4.0,8.9,High likelihood. GFM positive 17% HEFAS positive 9km web: no specific 2019 flood news found
Sandtoft_Roof_Tiles_Ltd,1,30.0,2019-03_2019-04_2019-05_2019-06_2019-10,1,7.0,2019-12,1,48.3,100.0,-0.698808,53.736636,,0.0,False,-2.0,-2.0,5.2,Medium likelihood. GFM positive 30% HEFAS negative 5km web: no specific 2019 flood news found
Sanofi-Aventis_Deutschland_GmbH,1,2.0,2019-05,1,59.0,2019-12,1,19.1,99.0,8.537443,50.09529,,1.0,True,-0.1362007168458781,2.0,10.9,High likelihood. GFM positive 2% HEFAS positive 11km web: no specific 2019 flood news found
Sarnia_Cogen_Plant,0,0.0,,1,53.0,2019-12,1,12.5,49.0,-82.414505,42.958616,,0.0,False,0.0,0.0,,Low likelihood. GFM negative 0% HEFAS negative ?km web: no specific 2019 flood news found
Sceptre_Oil_Battery_06-24,1,4.0,2019-03,1,72.0,2019-12,1,17.8,100.0,-115.038224,53.067234,,0.0,False,0.0,0.0,,Medium likelihood. GFM positive 4% HEFAS negative ?km web: no specific 2019 flood news found
Seven_Hills_Paperboard._LLC,0,0.0,,1,95.0,2019-12,1,3.0,33.0,-79.128067,37.403776,,0.0,False,0.0,0.0,,Low likelihood. GFM negative 0% HEFAS negative ?km web: no specific 2019 flood news found
Shenango_Incorporated,0,0.0,,1,80.0,2019-12,1,5.6,49.0,-80.075615,40.496688,,0.0,False,0.0,0.0,,Low likelihood. GFM negative 0% HEFAS negative ?km web: no specific 2019 flood news found
Siemens_AG._SI_EP_MF_RBG._Ger_tewerk_Regensburg,1,6.0,2019-02_2019-04_2019-05_2019-06,1,51.0,2019-12,1,21.9,98.0,12.144483,49.008117,,9.0,True,0.0367383512544802,5.0,1.8,High likelihood. GFM positive 6% HEFAS positive 2km web: no specific 2019 flood news found
Siemens_Energy.inc,0,0.0,,1,62.0,2019-12,1,13.3,49.0,-90.162185,32.249427,,0.0,False,0.0,0.0,,Low likelihood. GFM negative 0% HEFAS negative ?km web: no specific 2019 flood news found
Siemens_Transformateurs_Canada_Inc.,0,0.0,2019-03_2019-04_2019-07_2019-10_2019-11,1,59.0,2019-12,1,18.2,99.0,-72.561482,46.331854,,0.0,False,0.0,0.0,,Low likelihood. GFM negative 0% HEFAS negative ?km web: no specific 2019 flood news found
Sioux,1,25.0,2019-04_2019-05_2019-06_2019-07_2019-09,1,30.0,2019-12,1,29.9,100.0,-90.291602,38.915846,,0.0,False,0.0,0.0,,Medium likelihood. GFM positive 25% HEFAS negative ?km web: no specific 2019 flood news found
Skeppsdockan,0,0.0,,1,63.0,2019-12,1,19.8,49.0,16.196833,58.595285,,2.0,True,-0.7781447345963475,2.0,16.7,Medium likelihood. GFM negative 0% HEFAS positive 17km web: no specific 2019 flood news found
Skutsk_rs_Bruk,0,0.0,2019-03,1,47.0,2019-12,1,16.9,95.0,17.389785,60.643685,,13.0,True,0.024074074074074,2.0,40.0,Medium likelihood. GFM negative 0% HEFAS positive 40km web: no specific 2019 flood news found
Smith_Compressor_Station_05-17-071-01W5,0,0.0,2019-10,1,48.0,2019-12,1,21.0,99.0,-114.127184,55.146836,,0.0,False,0.0,0.0,,Low likelihood. GFM negative 0% HEFAS negative ?km web: no specific 2019 flood news found
Smith_Compressor_Station_11-34-071-02W5,1,1.0,2019-03_2019-04_2019-05_2019-12,1,33.0,2019-12,1,26.1,100.0,-114.222939,55.194123,,0.0,False,0.0,0.0,,Medium likelihood. GFM positive 1% HEFAS negative ?km web: no specific 2019 flood news found
Smith_West_Sweet_Gas_Plant_09-01-071-02W5,1,2.0,2019-12,1,23.0,2019-12,1,28.9,100.0,-114.159019,55.121385,,0.0,False,0.0,0.0,,Medium likelihood. GFM positive 2% HEFAS negative ?km web: no specific 2019 flood news found
Smurfit_Kappa_Hoya_Papier_und_Karton_GmbH_0,1,27.0,2019-04_2019-05_2019-06_2019-07,1,17.0,2019-12,1,45.5,100.0,9.150123,52.81136,,0.0,False,0.0,0.0,1.2,Medium likelihood. GFM positive 27% HEFAS negative 1km web: no specific 2019 flood news found
Smurfit_Kappa_Hoya_Papier_und_Karton_GmbH_1,1,27.0,2019-04_2019-05_2019-06_2019-07,1,17.0,2019-12,1,45.5,100.0,9.150123,52.81136,,0.0,False,0.0,0.0,1.2,Medium likelihood. GFM positive 27% HEFAS negative 1km web: no specific 2019 flood news found
Smurfit_Kappa_Kraftliner_Pite__0,0,0.0,,1,38.0,2019-12,1,16.4,49.0,21.440234,65.31476,,3.0,True,-0.0853643966547192,2.0,41.5,Medium likelihood. GFM negative 0% HEFAS positive 42km web: no specific 2019 flood news found
Smurfit_Kappa_Kraftliner_Pite__1,0,0.0,,1,38.0,2019-12,1,16.4,49.0,21.440234,65.31476,,3.0,True,-0.0853643966547192,2.0,41.5,Medium likelihood. GFM negative 0% HEFAS positive 42km web: no specific 2019 flood news found
Smurfit_Kappa_Parenco_B.V._0,1,2.0,2019-01_2019-02_2019-03_2019-04_2019-05_2019-06_2019-12,1,51.0,2019-12,1,19.3,100.0,5.728571,51.96996,,0.0,False,-0.6666666666666666,0.0,29.6,Medium likelihood. GFM positive 2% HEFAS negative 30km web: no specific 2019 flood news found
Smurfit_Kappa_Parenco_B.V._1,1,2.0,2019-01_2019-02_2019-03_2019-04_2019-05_2019-06_2019-12,1,51.0,2019-12,1,19.3,100.0,5.728571,51.96996,,0.0,False,-0.6666666666666666,0.0,29.6,Medium likelihood. GFM positive 2% HEFAS negative 30km web: no specific 2019 flood news found
Snatcher,0,0.0,,1,50.0,2019-12,1,16.0,49.0,139.711994,-27.428992,,0.0,False,0.0,0.0,,Low likelihood. GFM negative 0% HEFAS negative ?km web: no specific 2019 flood news found
Solvay_Chemicals_Finland_Oy._Voikkaan_vetyperoksiditehdas,1,9.0,2019-02_2019-03_2019-04,1,75.0,2019-12,1,20.8,100.0,26.604919,60.932327,,0.0,False,-1.2945340501792115,-1.0,67.3,Medium likelihood. GFM positive 9% HEFAS negative 67km web: no specific 2019 flood news found
Solvay_Fluor_GmbH,1,1.0,2019-01_2019-05_2019-06,1,79.0,2019-12,1,17.2,97.0,9.176095,49.22963,,13.0,True,0.0287933094384707,2.0,2.0,High likelihood. GFM positive 1% HEFAS positive 2km web: no specific 2019 flood news found
Sousa_Oil_Battery_2_15-25,0,0.0,,1,49.0,2019-12,1,27.6,49.0,-118.690413,58.761427,,0.0,False,0.0,0.0,,Low likelihood. GFM negative 0% HEFAS negative ?km web: no specific 2019 flood news found
Southwestern,1,1.0,2019-04_2019-05_2019-07_2019-10,1,52.0,2019-12,1,26.1,97.0,-98.35241,35.100916,,0.0,False,0.0,0.0,,Medium likelihood. GFM positive 1% HEFAS negative ?km web: no specific 2019 flood news found
Spurfield_Compressor_Station_07-28-071-02W5,1,1.0,2019-12,1,34.0,2019-12,1,25.2,96.0,-114.244161,55.177171,,0.0,False,0.0,0.0,,Medium likelihood. GFM positive 1% HEFAS negative ?km web: no specific 2019 flood news found
St.Charles,1,4.0,2019-01_2019-02_2019-03_2019-04_2019-05_2019-06_2019-07_2019-08_2019-11_2019-12,1,53.0,2019-12,1,18.3,100.0,-90.464847,30.004597,,0.0,False,0.0,0.0,,Medium likelihood. GFM positive 4% HEFAS negative ?km web: no specific 2019 flood news found
St._Clair,0,0.0,,1,36.0,2019-12,1,15.7,49.0,-82.471843,42.764158,,0.0,False,0.0,0.0,,Low likelihood. GFM negative 0% HEFAS negative ?km web: no specific 2019 flood news found
St_Thomas_-_Valleyfield_Warehouse,1,10.0,2019-03,1,41.0,2019-12,1,24.9,100.0,-74.087118,45.234157,,0.0,False,0.0,0.0,,Medium likelihood. GFM positive 10% HEFAS negative ?km web: no specific 2019 flood news found
Stabilimento_di_Villadose,1,1.0,2019-04_2019-05,1,9.0,2019-12,1,25.7,90.0,11.925996,45.060836,,42.0,True,0.2148788189110769,5.0,20.3,High likelihood. GFM positive 1% HEFAS positive 20km web: Po Valley high water mid-Nov 2019 (Storyful Rovigo cleanup 2019-11-18) https://video.storyful.com/record/467
Stanleys,0,0.0,,1,82.0,2019-12,1,34.5,49.0,139.506039,-27.593071,,0.0,False,0.0,0.0,,Low likelihood. GFM negative 0% HEFAS negative ?km web: no specific 2019 flood news found
Sterlington,1,4.0,2019-09,1,63.0,2019-12,1,17.6,96.0,-92.079228,32.704636,,0.0,False,0.0,0.0,,Medium likelihood. GFM positive 4% HEFAS negative ?km web: no specific 2019 flood news found
Steveville_Compressor_Station_06-07-022-12W4,1,5.0,2019-01_2019-02_2019-03_2019-04_2019-12,1,67.0,2019-12,1,29.0,100.0,-111.657798,50.854075,,0.0,False,0.0,0.0,,Medium likelihood. GFM positive 5% HEFAS negative ?km web: no specific 2019 flood news found
Stora_Cells_Barkdeponi_0,0,0.0,2019-03,1,59.0,2019-12,1,19.8,95.0,17.382737,60.62497,,13.0,True,0.024074074074074,2.0,41.0,Medium likelihood. GFM negative 0% HEFAS positive 41km web: no specific 2019 flood news found
Stora_Cells_Barkdeponi_1,0,0.0,2019-03,1,59.0,2019-12,1,19.8,95.0,17.382737,60.62497,,13.0,True,0.024074074074074,2.0,41.0,Medium likelihood. GFM negative 0% HEFAS positive 41km web: no specific 2019 flood news found
Stora_Enso_Oyj._Heinolan_Flutingtehdas,0,0.0,,1,56.0,2019-12,1,9.5,49.0,26.081458,61.178699,,0.0,False,-1.2945340501792115,-1.0,28.7,Low likelihood. GFM negative 0% HEFAS negative 29km web: no specific 2019 flood news found
Stora_Enso_Oyj._Stora_Enso_Oyj_n_Heinolan_Flutingtehtaan_kaatopaikka,0,0.0,,1,57.0,2019-12,1,9.3,49.0,26.086463,61.181589,,0.0,False,-1.2945340501792115,-1.0,28.8,Low likelihood. GFM negative 0% HEFAS negative 29km web: no specific 2019 flood news found
Stora_Enso_Oyj._Varkauden_tehtaat,0,0.0,,1,40.0,2019-12,1,15.2,49.0,27.898499,62.3164,,0.0,False,-1.3763440860215053,-1.0,27.0,Low likelihood. GFM negative 0% HEFAS negative 27km web: no specific 2019 flood news found
Suncor_Energy_Inc._Oil_Sands,0,0.0,,1,60.0,2019-12,1,15.4,49.0,-111.466134,57.003213,,0.0,False,0.0,0.0,,Low likelihood. GFM negative 0% HEFAS negative ?km web: no specific 2019 flood news found
Sycamore_Combustion_Turbine,0,0.0,2019-02,1,68.0,2019-12,1,20.7,68.0,-93.676865,41.672179,,0.0,False,0.0,0.0,,Low likelihood. GFM negative 0% HEFAS negative ?km web: no specific 2019 flood news found
TAMINCO_US_LLC,0,0.0,,1,60.0,2019-12,1,18.2,49.0,-91.092288,30.250791,,0.0,False,0.0,0.0,,Low likelihood. GFM negative 0% HEFAS negative ?km web: no specific 2019 flood news found
TENNECO_AUTOMOTIVE_OPERATING_CO_INC.,0,0.0,,1,49.0,2019-12,1,15.9,49.0,-94.553734,39.137114,,0.0,False,0.0,0.0,,Low likelihood. GFM negative 0% HEFAS negative ?km web: no specific 2019 flood news found
TERRACE_TERMINAL,1,1.0,2019-12,1,68.0,2019-12,1,21.3,91.0,-128.580077,54.51418,,0.0,False,0.0,0.0,,Medium likelihood. GFM positive 1% HEFAS negative ?km web: no specific 2019 flood news found
TERRA_INTERNATIONAL_OKLAHOMA_LLC.,0,0.0,2019-06,1,34.0,2019-12,1,17.8,86.0,-99.365921,36.443605,,0.0,False,0.0,0.0,,Low likelihood. GFM negative 0% HEFAS negative ?km web: no specific 2019 flood news found
TERRA_NITROGEN_L.P._VERDIGRIS_PLANT,0,0.0,,1,73.0,2019-12,1,12.9,49.0,-95.719083,36.233504,,0.0,False,0.0,0.0,,Low likelihood. GFM negative 0% HEFAS negative ?km web: no specific 2019 flood news found
TESLA_INC,0,0.0,,1,41.0,2019-12,1,22.3,49.0,-121.296677,37.799849,,0.0,False,0.0,0.0,,Low likelihood. GFM negative 0% HEFAS negative ?km web: no specific 2019 flood news found
TESORO_-_STOCKTON_TERMINAL,1,1.0,2019-01_2019-02_2019-03_2019-04_2019-05,1,37.0,2019-12,1,17.4,92.0,-121.334644,37.942195,,0.0,False,0.0,0.0,,Medium likelihood. GFM positive 1% HEFAS negative ?km web: no specific 2019 flood news found
TETRA_CHEMICALS,1,3.0,2019-02_2019-03_2019-04_2019-05_2019-06_2019-07_2019-10_2019-11_2019-12,1,30.0,2019-12,1,27.4,100.0,-90.190205,35.107783,,0.0,False,0.0,0.0,,Medium likelihood. GFM positive 3% HEFAS negative ?km web: no specific 2019 flood news found
TEXAS_BIT_LESTON_ASPHLAT_PLANT,1,3.0,2019-05,1,58.0,2019-12,1,17.8,100.0,-96.89311,32.811878,,0.0,False,0.0,0.0,,Medium likelihood. GFM positive 3% HEFAS negative ?km web: no specific 2019 flood news found
TEXAS_GAS_TRANSMISSION_-_GREENVILLE_STATION,1,1.0,2019-05_2019-10,1,39.0,2019-12,1,28.7,86.0,-91.017608,33.392524,,0.0,False,0.0,0.0,,Medium likelihood. GFM positive 1% HEFAS negative ?km web: no specific 2019 flood news found
TGP_Station_114_Catlettsburg._KY,0,0.0,,1,90.0,2019-12,1,6.5,49.0,-82.574974,38.271645,,0.0,False,0.0,0.0,,Low likelihood. GFM negative 0% HEFAS negative ?km web: no specific 2019 flood news found
TGP_Station_32_Jasper._TX,0,0.0,,1,88.0,2019-12,1,12.9,34.0,-94.13758,30.985005,,0.0,False,0.0,0.0,,Low likelihood. GFM negative 0% HEFAS negative ?km web: no specific 2019 flood news found
TGP_Station_40_Natchitoches._LA,1,7.0,2019-04_2019-05_2019-10,1,27.0,2019-12,1,32.9,100.0,-93.057614,31.728631,,0.0,False,0.0,0.0,,Medium likelihood. GFM positive 7% HEFAS negative ?km web: no specific 2019 flood news found
TGP_Station_827_Alexandria._LA,0,0.0,2019-01,1,26.0,2019-12,1,27.1,87.0,-92.356043,31.190599,,0.0,False,0.0,0.0,,Low likelihood. GFM negative 0% HEFAS negative ?km web: no specific 2019 flood news found
THE_AMES_COS_INC,1,1.0,2019-05_2019-06,1,33.0,2019-12,1,20.8,81.0,-95.599374,40.045276,,0.0,False,0.0,0.0,,Medium likelihood. GFM positive 1% HEFAS negative ?km web: no specific 2019 flood news found
THE_ANDERSONS_INC._-_SERGEANT_BLUFF,1,3.0,2019-01_2019-06_2019-07_2019-09_2019-10_2019-11_2019-12,1,27.0,2019-12,1,24.6,100.0,-96.361399,42.310709,,0.0,False,0.0,0.0,,Medium likelihood. GFM positive 3% HEFAS negative ?km web: no specific 2019 flood news found
THE_ANDERSONS_INC_-_SIOUX_CITY,1,1.0,2019-01_2019-09,1,51.0,2019-12,1,16.7,100.0,-96.39385,42.487166,,0.0,False,0.0,0.0,,Medium likelihood. GFM positive 1% HEFAS negative ?km web: no specific 2019 flood news found
THE_DOW_CHEMICAL_CO_-_LOUISIANA_OPERATIONS,0,0.0,2019-02_2019-03_2019-04_2019-07_2019-08,1,59.0,2019-12,1,18.6,99.0,-91.23902,30.320851,,0.0,False,0.0,0.0,,Low likelihood. GFM negative 0% HEFAS negative ?km web: no specific 2019 flood news found
THE_DOW_CHEMICAL_CO_GRAND_BAYOU_OPERATIONS,0,0.0,,1,61.0,2019-12,1,20.4,49.0,-91.11104,30.008342,,0.0,False,0.0,0.0,,Low likelihood. GFM negative 0% HEFAS negative ?km web: no specific 2019 flood news found
THE_LUBRIZOL_CORP,0,0.0,,1,81.0,2019-12,1,6.0,49.0,-80.215907,40.563971,,0.0,False,0.0,0.0,,Low likelihood. GFM negative 0% HEFAS negative ?km web: no specific 2019 flood news found
TIN_INC_DBA_TEMPLE_INLAND_WEST_MEMPHIS,0,0.0,,1,46.0,2019-12,1,24.0,49.0,-90.179178,35.156086,,0.0,False,0.0,0.0,,Low likelihood. GFM negative 0% HEFAS negative ?km web: no specific 2019 flood news found
TOYOTA_MOTOR_MANUFACTURING_WEST_VIRGINIA_INC_0,1,1.0,2019-10,1,73.0,2019-12,1,10.3,94.0,-82.002338,38.591955,,0.0,False,0.0,0.0,,Medium likelihood. GFM positive 1% HEFAS negative ?km web: no specific 2019 flood news found
TOYOTA_MOTOR_MANUFACTURING_WEST_VIRGINIA_INC_1,1,1.0,2019-10,1,73.0,2019-12,1,10.3,94.0,-82.002338,38.591955,,0.0,False,0.0,0.0,,Medium likelihood. GFM positive 1% HEFAS negative ?km web: no specific 2019 flood news found
TOYOTA_MOTOR_MANUFACTURING_WEST_VIRGINIA_INC_2,1,1.0,2019-10,1,73.0,2019-12,1,10.3,94.0,-82.002338,38.591955,,0.0,False,0.0,0.0,,Medium likelihood. GFM positive 1% HEFAS negative ?km web: no specific 2019 flood news found
TRANSCO_STATION_30,1,3.0,2019-05,1,7.0,2019-12,1,31.8,87.0,-96.288877,29.279187,,0.0,False,0.0,0.0,,Medium likelihood. GFM positive 3% HEFAS negative ?km web: no specific 2019 flood news found
TRINITY_CONTAINERS_LLC_PLANT_NO_1593,0,0.0,,1,35.0,2019-12,1,21.3,49.0,-96.892151,46.876844,,0.0,False,0.0,0.0,,Low likelihood. GFM negative 0% HEFAS negative ?km web: no specific 2019 flood news found
TRINITY_MARINE_PRODUCTS_INC_PLT_48,0,0.0,,1,78.0,2019-12,1,10.6,49.0,-91.312729,30.388335,,0.0,False,0.0,0.0,,Low likelihood. GFM negative 0% HEFAS negative ?km web: no specific 2019 flood news found
TR_FILERIE_ET_UMS_USINE_DE_MAT_RIEL_DE_SOUDURE,1,1.0,2019-03_2019-04_2019-06,1,60.0,2019-12,1,19.0,100.0,-73.464339,45.586726,,0.0,False,0.0,0.0,,Medium likelihood. GFM positive 1% HEFAS negative ?km web: no specific 2019 flood news found
TTM_TECHNOLOGIES_N.A._LLC_0,0,0.0,2019-12,1,63.0,2019-12,1,20.6,100.0,-91.360859,44.941187,,0.0,False,0.0,0.0,,Low likelihood. GFM negative 0% HEFAS negative ?km web: no specific 2019 flood news found
TTM_TECHNOLOGIES_N.A._LLC_1,0,0.0,,1,50.0,2019-12,1,18.6,49.0,-117.921728,33.71147,,0.0,False,0.0,0.0,,Low likelihood. GFM negative 0% HEFAS negative ?km web: no specific 2019 flood news found
TTM_TECHNOLOGIES_N.A._LLC_2,0,0.0,,1,55.0,2019-12,1,16.1,49.0,-117.856127,33.854564,,0.0,False,0.0,0.0,,Low likelihood. GFM negative 0% HEFAS negative ?km web: no specific 2019 flood news found
TUMALO_CONCRETE,0,0.0,2019-03_2019-10,1,27.0,2019-12,1,23.8,100.0,-121.330636,44.142236,,0.0,False,0.0,0.0,,Low likelihood. GFM negative 0% HEFAS negative ?km web: no specific 2019 flood news found
TXI-CORINTH_STREET_READY_MIX,1,1.0,2019-05,1,72.0,2019-12,1,14.1,95.0,-96.793178,32.761213,,0.0,False,0.0,0.0,,Medium likelihood. GFM positive 1% HEFAS negative ?km web: no specific 2019 flood news found
TXI-GREEN_PORTABLE_READY_MIX,0,0.0,2019-05_2019-06_2019-07_2019-08_2019-09_2019-10,1,42.0,2019-12,1,17.7,100.0,-97.612901,30.236653,,0.0,False,0.0,0.0,,Low likelihood. GFM negative 0% HEFAS negative ?km web: no specific 2019 flood news found
TXI-GREEN_READY_MIX,0,0.0,,1,47.0,2019-12,1,16.1,49.0,-97.612077,30.227814,,0.0,False,0.0,0.0,,Low likelihood. GFM negative 0% HEFAS negative ?km web: no specific 2019 flood news found
TXI-SPANGLER_CTM,0,0.0,,1,52.0,2019-12,1,15.7,49.0,-96.913183,32.872602,,0.0,False,0.0,0.0,,Low likelihood. GFM negative 0% HEFAS negative ?km web: no specific 2019 flood news found
TXI-SPANGLER_ROAD_READY_MIX,0,0.0,,1,52.0,2019-12,1,15.7,49.0,-96.913183,32.872602,,0.0,False,0.0,0.0,,Low likelihood. GFM negative 0% HEFAS negative ?km web: no specific 2019 flood news found
TXI-WILMER_READY_MIX,0,0.0,,1,37.0,2019-12,1,45.4,49.0,-96.639251,32.609769,,0.0,False,0.0,0.0,,Low likelihood. GFM negative 0% HEFAS negative ?km web: no specific 2019 flood news found
TXI_-_PORTABLE_FREEPORT_PTF,1,1.0,2019-09,1,37.0,2019-12,1,16.4,89.0,-95.324984,28.976298,,0.0,False,0.0,0.0,,Medium likelihood. GFM positive 1% HEFAS negative ?km web: no specific 2019 flood news found
TYCO_FIRE_PRODUCTS_LP,0,0.0,,1,52.0,2019-12,1,16.5,49.0,-87.614113,45.097132,,0.0,False,0.0,0.0,,Low likelihood. GFM negative 0% HEFAS negative ?km web: no specific 2019 flood news found
TYSON_CHICKEN_INC._FEED_MILL,1,2.0,2019-10,1,68.0,2019-12,1,15.7,83.0,-87.528213,37.62875,,0.0,False,0.0,0.0,,Medium likelihood. GFM positive 2% HEFAS negative ?km web: no specific 2019 flood news found
TYSON_FARMS_INC,1,13.0,2019-01_2019-02_2019-03_2019-04_2019-05_2019-06_2019-07_2019-08_2019-12,1,66.0,2019-12,1,26.4,100.0,-90.883643,32.388863,,0.0,False,0.0,0.0,,Medium likelihood. GFM positive 13% HEFAS negative ?km web: no specific 2019 flood news found
TYSON_FRESH_MEATS_INC-LOUISA_COUNTY,1,7.0,2019-03_2019-05_2019-06,1,52.0,2019-12,1,24.9,100.0,-91.356953,41.29667,,0.0,False,0.0,0.0,,Medium likelihood. GFM positive 7% HEFAS negative ?km web: no specific 2019 flood news found
TYSON_FRESH_MEATS_INC-PERRY_0,1,1.0,2019-01_2019-02_2019-03_2019-05,1,62.0,2019-12,1,20.9,100.0,-94.12615,41.841953,,0.0,False,0.0,0.0,,Medium likelihood. GFM positive 1% HEFAS negative ?km web: no specific 2019 flood news found
TYSON_FRESH_MEATS_INC-PERRY_1,1,1.0,2019-01_2019-02_2019-03_2019-05,1,63.0,2019-12,1,20.7,86.0,-94.125966,41.840955,,0.0,False,0.0,0.0,,Medium likelihood. GFM positive 1% HEFAS negative ?km web: no specific 2019 flood news found
TYSON_FRESH_MEATS_INC.,0,0.0,,1,42.0,2019-12,1,26.6,49.0,-95.886932,41.240212,,0.0,False,0.0,0.0,,Low likelihood. GFM negative 0% HEFAS negative ?km web: no specific 2019 flood news found
TYSON_FRESH_MEATS_INC_-_JOSLIN_IL,1,9.0,2019-01_2019-02_2019-03_2019-05_2019-06_2019-10,1,12.0,2019-12,1,32.5,100.0,-90.22563,41.551506,,0.0,False,0.0,0.0,,Medium likelihood. GFM positive 9% HEFAS negative ?km web: no specific 2019 flood news found
TYSON_FRESH_MEATS_INC_0,0,0.0,2019-11,1,23.0,2019-12,1,23.5,66.0,-96.416954,42.428894,,0.0,False,0.0,0.0,,Low likelihood. GFM negative 0% HEFAS negative ?km web: no specific 2019 flood news found
TYSON_FRESH_MEATS_INC_1,1,9.0,2019-01_2019-02_2019-03_2019-05_2019-06_2019-10,1,12.0,2019-12,1,32.5,100.0,-90.225652,41.551327,,0.0,False,0.0,0.0,,Medium likelihood. GFM positive 9% HEFAS negative ?km web: no specific 2019 flood news found
TYSON_FRESH_MEATS_INC_2,1,7.0,2019-03_2019-05_2019-06,1,52.0,2019-12,1,24.9,100.0,-91.356953,41.29667,,0.0,False,0.0,0.0,,Medium likelihood. GFM positive 7% HEFAS negative ?km web: no specific 2019 flood news found
TYSON_FRESH_MEATS_INC_3,0,0.0,,1,24.0,2019-12,1,28.8,49.0,-101.011656,37.999233,,0.0,False,0.0,0.0,,Low likelihood. GFM negative 0% HEFAS negative ?km web: no specific 2019 flood news found
TYSON_FRESH_MEATS_INC_WWTP,0,0.0,2019-11,1,23.0,2019-12,1,23.5,66.0,-96.416954,42.428894,,0.0,False,0.0,0.0,,Low likelihood. GFM negative 0% HEFAS negative ?km web: no specific 2019 flood news found
TYSON_POULTRY_INC.,1,2.0,2019-05_2019-06,1,49.0,2019-12,1,17.2,100.0,-93.161099,35.217613,,0.0,False,0.0,0.0,,Medium likelihood. GFM positive 2% HEFAS negative ?km web: no specific 2019 flood news found
TYSON_POULTRY_INC._-_PINE_BLUFF_FEED_MILL,1,16.0,2019-05_2019-06_2019-07,1,32.0,2019-12,1,33.2,100.0,-91.93878,34.263918,,0.0,False,0.0,0.0,,Medium likelihood. GFM positive 16% HEFAS negative ?km web: no specific 2019 flood news found
TYSON_POULTRY_INC_0,0,0.0,2019-05,1,70.0,2019-12,1,11.9,88.0,-93.502426,35.426148,,0.0,False,0.0,0.0,,Low likelihood. GFM negative 0% HEFAS negative ?km web: no specific 2019 flood news found
TYSON_POULTRY_INC_1,1,1.0,2019-05,1,51.0,2019-12,1,17.8,83.0,-94.329546,35.425248,,0.0,False,0.0,0.0,,Medium likelihood. GFM positive 1% HEFAS negative ?km web: no specific 2019 flood news found
TYSON_POULTRY_INC_NORTH_LITTLE_ROCK,0,0.0,2019-06,1,65.0,2019-12,1,19.9,86.0,-92.223966,34.758352,,0.0,False,0.0,0.0,,Low likelihood. GFM negative 0% HEFAS negative ?km web: no specific 2019 flood news found
Tampa_Port_Services,0,0.0,2019-10,1,52.0,2019-12,1,21.6,83.0,-90.877052,30.005796,,0.0,False,0.0,0.0,,Low likelihood. GFM negative 0% HEFAS negative ?km web: no specific 2019 flood news found
Teepee_Compressor_Station_11-04-074-05W6,1,1.0,2019-03_2019-12,1,87.0,2019-12,1,14.4,96.0,-119.697222,56.249003,,0.0,False,0.0,0.0,,Medium likelihood. GFM positive 1% HEFAS negative ?km web: no specific 2019 flood news found
Tenaris_Bay_City._Inc._0,1,2.0,2019-06,1,31.0,2019-12,1,19.9,100.0,-95.888044,29.006282,,0.0,False,0.0,0.0,,Medium likelihood. GFM positive 2% HEFAS negative ?km web: no specific 2019 flood news found
Tenaris_Bay_City._Inc._1,1,2.0,2019-06,1,31.0,2019-12,1,19.9,100.0,-95.888044,29.006282,,0.0,False,0.0,0.0,,Medium likelihood. GFM positive 2% HEFAS negative ?km web: no specific 2019 flood news found
Texas_Gas_Transmission_-_Clarksdale_Station,1,9.0,2019-01_2019-05_2019-07_2019-10,1,1.0,2019-12,1,42.7,100.0,-90.639361,34.196021,,0.0,False,0.0,0.0,,Medium likelihood. GFM positive 9% HEFAS negative ?km web: no specific 2019 flood news found
Texas_Gas_Transmission_-_Columbia_Station,1,1.0,2019-01_2019-03_2019-05_2019-06,1,39.0,2019-12,1,19.3,92.0,-92.091275,32.154486,,0.0,False,0.0,0.0,,Medium likelihood. GFM positive 1% HEFAS negative ?km web: no specific 2019 flood news found
Texas_Gas_Transmission_-_Isola_Station,1,8.0,2019-01_2019-02_2019-04_2019-09_2019-10_2019-11_2019-12,1,14.0,2019-12,1,39.6,100.0,-90.620496,33.234847,,0.0,False,0.0,0.0,,Medium likelihood. GFM positive 8% HEFAS negative ?km web: no specific 2019 flood news found
Texas_Gas_Transmission_-_Lake_Cormorant_Station,1,17.0,2019-01_2019-04_2019-05_2019-06_2019-07_2019-09_2019-10_2019-12,1,24.0,2019-12,1,39.9,100.0,-90.166431,34.899176,,0.0,False,0.0,0.0,,Medium likelihood. GFM positive 17% HEFAS negative ?km web: no specific 2019 flood news found
The_Pepsi_Bottling_Group-Delta,0,0.0,,1,60.0,2019-12,1,17.4,49.0,-122.94822,49.173519,,0.0,False,0.0,0.0,,Low likelihood. GFM negative 0% HEFAS negative ?km web: no specific 2019 flood news found
Thunder_Bay_Terminal,0,0.0,,1,50.0,2019-12,1,17.7,49.0,-89.245558,48.371011,,0.0,False,0.0,0.0,,Low likelihood. GFM negative 0% HEFAS negative ?km web: no specific 2019 flood news found
ThyssenKrupp_Rasselstein_GmbH,1,1.0,2019-04_2019-05,1,58.0,2019-12,1,16.6,100.0,7.429472,50.433134,,0.0,False,-0.003584229390681,0.0,2.0,Medium likelihood. GFM positive 1% HEFAS negative 2km web: no specific 2019 flood news found
Trans_Austria_Gasleitung_GmbH_0,0,0.0,,1,44.0,2019-12,1,30.9,49.0,16.875004,48.316233,,0.0,False,-0.6666666666666666,0.0,7.6,Low likelihood. GFM negative 0% HEFAS negative 8km web: no specific 2019 flood news found
Trans_Austria_Gasleitung_GmbH_1,0,0.0,,1,44.0,2019-12,1,30.9,49.0,16.875004,48.316233,,0.0,False,-0.6666666666666666,0.0,7.6,Low likelihood. GFM negative 0% HEFAS negative 8km web: no specific 2019 flood news found
Transcontinental_Vancouver,1,4.0,2019-10,1,51.0,2019-12,1,20.8,100.0,-122.965809,49.163615,,0.0,False,0.0,0.0,,Medium likelihood. GFM positive 4% HEFAS negative ?km web: no specific 2019 flood news found
Tulsa,0,0.0,2019-05,1,50.0,2019-12,1,17.0,100.0,-95.991752,36.112468,,0.0,False,0.0,0.0,,Low likelihood. GFM negative 0% HEFAS negative ?km web: no specific 2019 flood news found
Tyson_Fresh_Meats._Inc.-_Dakota_City._NE,0,0.0,2019-01,1,2.0,2019-12,1,28.0,94.0,-96.514278,42.424838,,0.0,False,0.0,0.0,,Low likelihood. GFM negative 0% HEFAS negative ?km web: no specific 2019 flood news found
U.S._STEEL_GRANITE_CITY_WORKS_0,0,0.0,,1,71.0,2019-12,1,13.0,49.0,-90.136626,38.695435,,0.0,False,0.0,0.0,,Low likelihood. GFM negative 0% HEFAS negative ?km web: no specific 2019 flood news found
U.S._STEEL_GRANITE_CITY_WORKS_1,0,0.0,,1,71.0,2019-12,1,13.0,49.0,-90.136626,38.695435,,0.0,False,0.0,0.0,,Low likelihood. GFM negative 0% HEFAS negative ?km web: no specific 2019 flood news found
UGI_DEVELOPMENT_CO_HUNLOCK_CREEK_ENERGY_CENTER,0,0.0,,1,94.0,2019-12,1,2.7,49.0,-76.070093,41.202063,,0.0,False,0.0,0.0,,Low likelihood. GFM negative 0% HEFAS negative ?km web: no specific 2019 flood news found
UMICORE_ELECTRICAL_MATERIALS_USA_INC,0,0.0,,1,77.0,2019-12,1,13.2,49.0,-73.643109,43.297001,,0.0,False,0.0,0.0,,Low likelihood. GFM negative 0% HEFAS negative ?km web: no specific 2019 flood news found
UNIFIED_BRANDS_GROEN,0,0.0,,1,78.0,2019-12,1,10.6,49.0,-90.2647,32.166623,,0.0,False,0.0,0.0,,Low likelihood. GFM negative 0% HEFAS negative ?km web: no specific 2019 flood news found
UNION_CARBIDE_CORP_SOUTH_CHARLESTON_FACILITY,0,0.0,,1,85.0,2019-12,1,7.4,49.0,-81.683078,38.369257,,0.0,False,0.0,0.0,,Low likelihood. GFM negative 0% HEFAS negative ?km web: no specific 2019 flood news found
UNION_TANK_CAR_-_ALEXANDRIA_MANUFACTURING_FACILITY,1,2.0,2019-01_2019-05,1,54.0,2019-12,1,19.2,90.0,-92.525087,31.345318,,0.0,False,0.0,0.0,,Medium likelihood. GFM positive 2% HEFAS negative ?km web: no specific 2019 flood news found
UPM-Kymmene_Oyj._Kaukaan_Tuosan_teollisuuskaatopaikka,0,0.0,,1,36.0,2019-12,1,10.1,49.0,28.251372,61.094338,,0.0,False,-1.75,-1.0,31.3,Low likelihood. GFM negative 0% HEFAS negative 31km web: no specific 2019 flood news found
UPM-Kymmene_Oyj._Kymi,1,2.0,2019-02_2019-03,1,72.0,2019-12,1,14.8,99.0,26.664278,60.911199,,0.0,False,-1.2945340501792115,-1.0,71.4,Medium likelihood. GFM positive 2% HEFAS negative 71km web: no specific 2019 flood news found
UPPER_ROCK_ISLAND_COUNTY_LANDFILL,1,1.0,2019-02_2019-03_2019-10,1,50.0,2019-12,1,19.8,97.0,-90.379643,41.536678,,0.0,False,0.0,0.0,,Medium likelihood. GFM positive 1% HEFAS negative ?km web: no specific 2019 flood news found
USS-CLAIRTON_PLANT_0,0,0.0,,1,88.0,2019-12,1,5.8,49.0,-79.876852,40.305027,,0.0,False,0.0,0.0,,Low likelihood. GFM negative 0% HEFAS negative ?km web: no specific 2019 flood news found
USS-CLAIRTON_PLANT_1,0,0.0,,1,88.0,2019-12,1,5.8,49.0,-79.876852,40.305027,,0.0,False,0.0,0.0,,Low likelihood. GFM negative 0% HEFAS negative ?km web: no specific 2019 flood news found
USS-UPI_LLC_0,1,1.0,2019-05_2019-06_2019-09,1,42.0,2019-12,1,21.0,96.0,-121.872773,38.027985,,0.0,False,0.0,0.0,,Medium likelihood. GFM positive 1% HEFAS negative ?km web: no specific 2019 flood news found
USS-UPI_LLC_1,1,1.0,2019-05_2019-06_2019-09,1,42.0,2019-12,1,21.0,96.0,-121.872773,38.027985,,0.0,False,0.0,0.0,,Medium likelihood. GFM positive 1% HEFAS negative ?km web: no specific 2019 flood news found
USS_MON_VALLEY_WORKS_-_EDGAR_THOMSON_PLANT_0,0,0.0,,1,90.0,2019-12,1,4.2,49.0,-79.863362,40.395912,,0.0,False,0.0,0.0,,Low likelihood. GFM negative 0% HEFAS negative ?km web: no specific 2019 flood news found
USS_MON_VALLEY_WORKS_-_EDGAR_THOMSON_PLANT_1,0,0.0,,1,90.0,2019-12,1,4.2,49.0,-79.863362,40.395912,,0.0,False,0.0,0.0,,Low likelihood. GFM negative 0% HEFAS negative ?km web: no specific 2019 flood news found
US_STEEL_CORP_GREAT_LAKES_WORKS_0,0,0.0,,1,53.0,2019-12,1,14.0,49.0,-83.110289,42.277422,,0.0,False,0.0,0.0,,Low likelihood. GFM negative 0% HEFAS negative ?km web: no specific 2019 flood news found
US_STEEL_CORP_GREAT_LAKES_WORKS_1,0,0.0,,1,53.0,2019-12,1,14.0,49.0,-83.110289,42.277422,,0.0,False,0.0,0.0,,Low likelihood. GFM negative 0% HEFAS negative ?km web: no specific 2019 flood news found
US_Steel_-_Great_Lakes_Works_0,0,0.0,,1,68.0,2019-12,1,16.3,49.0,-83.138588,42.258125,,0.0,False,0.0,0.0,,Low likelihood. GFM negative 0% HEFAS negative ?km web: no specific 2019 flood news found
US_Steel_-_Great_Lakes_Works_1,0,0.0,,1,68.0,2019-12,1,16.3,49.0,-83.138588,42.258125,,0.0,False,0.0,0.0,,Low likelihood. GFM negative 0% HEFAS negative ?km web: no specific 2019 flood news found
U_S_SMOKELESS_TOBACCO_CO,0,0.0,,1,81.0,2019-12,1,7.6,49.0,-86.788356,36.168554,,0.0,False,0.0,0.0,,Low likelihood. GFM negative 0% HEFAS negative ?km web: no specific 2019 flood news found
Uncle_Tobys_0,1,41.0,2019-01_2019-02_2019-03_2019-04_2019-05_2019-08_2019-09_2019-10_2019-11_2019-12,1,35.0,2019-12,1,50.1,100.0,146.408707,-36.012608,,0.0,False,0.0,0.0,,Medium likelihood. GFM positive 41% HEFAS negative ?km web: NE Victoria/Wahgunyah flash floods May 2019 (AU disaster assist) https://www.disasterassist.gov.au/Pages/disasters/current-disasters/Victoria/victoria-storms-floods-08082019.aspx
Uncle_Tobys_1,1,41.0,2019-01_2019-02_2019-03_2019-04_2019-05_2019-08_2019-09_2019-10_2019-11_2019-12,1,35.0,2019-12,1,50.1,100.0,146.408707,-36.012608,,0.0,False,0.0,0.0,,Medium likelihood. GFM positive 41% HEFAS negative ?km web: NE Victoria/Wahgunyah flash floods May 2019 (AU disaster assist) https://www.disasterassist.gov.au/Pages/disasters/current-disasters/Victoria/victoria-storms-floods-08082019.aspx
Uncle_Tobys_2,1,41.0,2019-01_2019-02_2019-03_2019-04_2019-05_2019-08_2019-09_2019-10_2019-11_2019-12,1,35.0,2019-12,1,50.1,100.0,146.408707,-36.012608,,0.0,False,0.0,0.0,,Medium likelihood. GFM positive 41% HEFAS negative ?km web: NE Victoria/Wahgunyah flash floods May 2019 (AU disaster assist) https://www.disasterassist.gov.au/Pages/disasters/current-disasters/Victoria/victoria-storms-floods-08082019.aspx
Unilever_Deutschland_Produktions_GmbH_Co_OHG,1,1.0,2019-05,1,69.0,2019-12,1,16.8,100.0,8.511215,49.441,,2.0,True,0.003584229390681,2.0,13.8,High likelihood. GFM positive 1% HEFAS positive 14km web: no specific 2019 flood news found
Unilever_Italia_Manufacturing_S.r.l.,1,4.0,2019-04_2019-05,1,8.0,2019-12,1,34.0,100.0,11.154966,45.174641,,53.0,True,-0.2284732889571599,4.0,38.3,High likelihood. GFM positive 4% HEFAS positive 38km web: Po Valley high water mid-Nov 2019 (Storyful Rovigo cleanup 2019-11-18) https://video.storyful.com/record/467
Urquhart,0,0.0,,1,82.0,2019-12,1,7.6,49.0,-81.911072,33.434995,,0.0,False,0.0,0.0,,Low likelihood. GFM negative 0% HEFAS negative ?km web: no specific 2019 flood news found
Usine_Alma_0,0,0.0,,1,79.0,2019-12,1,11.1,49.0,-71.688876,48.58375,,0.0,False,0.0,0.0,,Low likelihood. GFM negative 0% HEFAS negative ?km web: no specific 2019 flood news found
Usine_Alma_1,0,0.0,,1,79.0,2019-12,1,11.1,49.0,-71.688876,48.58375,,0.0,False,0.0,0.0,,Low likelihood. GFM negative 0% HEFAS negative ?km web: no specific 2019 flood news found
Usine_Alma_2,0,0.0,,1,79.0,2019-12,1,11.1,49.0,-71.688876,48.58375,,0.0,False,0.0,0.0,,Low likelihood. GFM negative 0% HEFAS negative ?km web: no specific 2019 flood news found
Usine_de_B_cancour,1,6.0,2019-01_2019-03_2019-04_2019-06_2019-07_2019-10_2019-11_2019-12,1,63.0,2019-12,1,28.6,100.0,-72.373508,46.384094,,0.0,False,0.0,0.0,,Medium likelihood. GFM positive 6% HEFAS negative ?km web: no specific 2019 flood news found
Usine_de_Beauharnois_0,1,4.0,2019-01_2019-03,1,44.0,2019-12,1,17.1,100.0,-73.892197,45.308662,,0.0,False,0.0,0.0,,Medium likelihood. GFM positive 4% HEFAS negative ?km web: no specific 2019 flood news found
Usine_de_Beauharnois_1,1,4.0,2019-01_2019-03,1,44.0,2019-12,1,17.1,100.0,-73.892197,45.308662,,0.0,False,0.0,0.0,,Medium likelihood. GFM positive 4% HEFAS negative ?km web: no specific 2019 flood news found
Usine_de_Beauharnois_2,1,4.0,2019-01_2019-03,1,44.0,2019-12,1,17.1,100.0,-73.892197,45.308662,,0.0,False,0.0,0.0,,Medium likelihood. GFM positive 4% HEFAS negative ?km web: no specific 2019 flood news found
Usine_de_Tracy,0,0.0,,1,64.0,2019-12,1,14.3,49.0,-73.134549,46.028757,,0.0,False,0.0,0.0,,Low likelihood. GFM negative 0% HEFAS negative ?km web: no specific 2019 flood news found
VALERO_DONALDSONVILLE_ASPHALT_TERMINAL,0,0.0,,1,44.0,2019-12,1,23.0,49.0,-90.918167,30.100424,,0.0,False,0.0,0.0,,Low likelihood. GFM negative 0% HEFAS negative ?km web: no specific 2019 flood news found
VALERO_ENERGY_PARTNERS_THREE_RIVERS,0,0.0,,1,54.0,2019-12,1,18.9,49.0,-98.19029,28.456665,,0.0,False,0.0,0.0,,Low likelihood. GFM negative 0% HEFAS negative ?km web: no specific 2019 flood news found
VALERO_LOUISVILLE_TERMINAL,1,1.0,2019-02,1,58.0,2019-12,1,15.3,100.0,-85.833724,38.223408,,0.0,False,0.0,0.0,,Medium likelihood. GFM positive 1% HEFAS negative ?km web: no specific 2019 flood news found
VALERO_PARTNERS_LA_LLC-_TERMINAL,0,0.0,2019-03,1,61.0,2019-12,1,18.2,100.0,-90.392814,29.98125,,0.0,False,0.0,0.0,,Low likelihood. GFM negative 0% HEFAS negative ?km web: no specific 2019 flood news found
VALERO_PARTNERS_LLC,0,0.0,,1,68.0,2019-12,1,16.9,49.0,-89.940599,29.930561,,0.0,False,0.0,0.0,,Low likelihood. GFM negative 0% HEFAS negative ?km web: no specific 2019 flood news found
VALERO_REFINING_-_MERAUX_LLC_MERAUX_REFINERY,0,0.0,,1,68.0,2019-12,1,16.9,49.0,-89.940599,29.930561,,0.0,False,0.0,0.0,,Low likelihood. GFM negative 0% HEFAS negative ?km web: no specific 2019 flood news found
VALERO_REFINING_-_NEW_ORLEANS_LLC,0,0.0,2019-03,1,60.0,2019-12,1,18.0,100.0,-90.392771,29.985224,,0.0,False,0.0,0.0,,Low likelihood. GFM negative 0% HEFAS negative ?km web: no specific 2019 flood news found
VALERO_REFINING_CO_-_TENNESSEE_L.L.C.,0,0.0,,1,71.0,2019-12,1,16.2,49.0,-90.083388,35.085883,,0.0,False,0.0,0.0,,Low likelihood. GFM negative 0% HEFAS negative ?km web: no specific 2019 flood news found
VALERO_THREE_RIVERS_REFINERY,0,0.0,,1,54.0,2019-12,1,18.9,49.0,-98.19029,28.456665,,0.0,False,0.0,0.0,,Low likelihood. GFM negative 0% HEFAS negative ?km web: no specific 2019 flood news found
VALLOUREC_STAR_LP,1,6.0,2019-05_2019-06_2019-07,1,31.0,2019-12,1,21.2,100.0,-95.302104,35.793024,,0.0,False,0.0,0.0,,Medium likelihood. GFM positive 6% HEFAS negative ?km web: no specific 2019 flood news found
VALMONT_COATINGS_GATEWAY_GALVANIZING,0,0.0,,1,59.0,2019-12,1,12.0,49.0,-85.668291,38.327829,,0.0,False,0.0,0.0,,Low likelihood. GFM negative 0% HEFAS negative ?km web: no specific 2019 flood news found
VALMONT_COATINGS_INC_DBA_SIOUXLAND_GALVANIZING_CORP.,0,0.0,2019-01_2019-09_2019-11,1,32.0,2019-12,1,21.6,95.0,-96.380744,42.431025,,0.0,False,0.0,0.0,,Low likelihood. GFM negative 0% HEFAS negative ?km web: no specific 2019 flood news found
VALMONT_NEWMARK,1,7.0,2019-01_2019-02_2019-03,1,67.0,2019-12,1,17.4,100.0,-85.644117,35.046481,,0.0,False,0.0,0.0,,Medium likelihood. GFM positive 7% HEFAS negative ?km web: no specific 2019 flood news found
VALMONT_NEWMARK_INC,0,0.0,,1,19.0,2019-12,1,28.8,49.0,-97.291127,41.430387,,0.0,False,0.0,0.0,,Low likelihood. GFM negative 0% HEFAS negative ?km web: no specific 2019 flood news found
VALMONT_PITTSBURGH_GALVANIZING,0,0.0,,1,82.0,2019-12,1,5.6,49.0,-80.446485,40.632689,,0.0,False,0.0,0.0,,Low likelihood. GFM negative 0% HEFAS negative ?km web: no specific 2019 flood news found
VANCOUVER_INTERNATIONAL_AIRPORT,1,1.0,2019-01_2019-02_2019-03_2019-07_2019-10_2019-11_2019-12,1,35.0,2019-12,1,24.9,100.0,-123.168938,49.184948,,0.0,False,0.0,0.0,,Medium likelihood. GFM positive 1% HEFAS negative ?km web: no specific 2019 flood news found
VANCOUVER_PAINT_SHOP,0,0.0,2019-07_2019-12,1,34.0,2019-12,1,26.3,92.0,-123.166613,49.192862,,0.0,False,0.0,0.0,,Low likelihood. GFM negative 0% HEFAS negative ?km web: no specific 2019 flood news found
VANCOUVER_SILVERTREE_DIVISION,0,0.0,,1,68.0,2019-12,1,15.2,49.0,-123.12221,49.204934,,0.0,False,0.0,0.0,,Low likelihood. GFM negative 0% HEFAS negative ?km web: no specific 2019 flood news found
VEOLIA_BURNSIDE_PLANT,0,0.0,,1,47.0,2019-12,1,22.3,49.0,-90.912689,30.125327,,0.0,False,0.0,0.0,,Low likelihood. GFM negative 0% HEFAS negative ?km web: no specific 2019 flood news found
VEOLIA_ES_TECHNICAL_SOLUTIONS_LLC,0,0.0,2019-05_2019-06,1,69.0,2019-12,1,21.5,88.0,-90.185469,38.594494,,0.0,False,0.0,0.0,,Low likelihood. GFM negative 0% HEFAS negative ?km web: no specific 2019 flood news found
VEOLIA_FORT_HILL_PLANT,0,0.0,2019-01_2019-02_2019-05,1,76.0,2019-12,1,8.8,100.0,-84.796104,39.115292,,0.0,False,0.0,0.0,,Low likelihood. GFM negative 0% HEFAS negative ?km web: no specific 2019 flood news found
VEOLIA_JAMES_RIVER_PLANT,0,0.0,,1,79.0,2019-12,1,9.3,49.0,-77.408885,37.416945,,0.0,False,0.0,0.0,,Low likelihood. GFM negative 0% HEFAS negative ?km web: no specific 2019 flood news found
VEOLIA_WURTLAND_PLANT,0,0.0,,1,21.0,2019-12,1,11.4,49.0,-82.789154,38.555551,,0.0,False,0.0,0.0,,Low likelihood. GFM negative 0% HEFAS negative ?km web: no specific 2019 flood news found
VERBUND_Thermal_Power_GmbH_Co_KG_0,1,1.0,2019-03_2019-04,1,14.0,2019-12,1,33.6,96.0,15.923339,48.326097,,1.0,True,0.0017921146953405,2.0,28.9,High likelihood. GFM positive 1% HEFAS positive 29km web: no specific 2019 flood news found
VERBUND_Thermal_Power_GmbH_Co_KG_1,0,0.0,2019-04_2019-05,1,56.0,2019-12,1,16.8,87.0,15.488391,46.911683,,2.0,True,-0.3296296296296296,2.0,1.1,Medium likelihood. GFM negative 0% HEFAS positive 1km web: no specific 2019 flood news found
VERBUND_Thermal_Power_GmbH_Co_KG_2,0,0.0,,1,53.0,2019-12,1,20.9,49.0,16.339237,48.331378,,1.0,True,-0.6648745519713262,2.0,0.6,Medium likelihood. GFM negative 0% HEFAS positive 1km web: no specific 2019 flood news found
VERBUND_Thermal_Power_GmbH_Co_KG_in_Liqu._0,0,0.0,2019-04_2019-05,1,48.0,2019-12,1,18.6,87.0,15.48358,46.908859,,2.0,True,-0.3296296296296296,2.0,1.0,Medium likelihood. GFM negative 0% HEFAS positive 1km web: no specific 2019 flood news found
VERBUND_Thermal_Power_GmbH_Co_KG_in_Liqu._1,1,1.0,2019-03_2019-04,1,14.0,2019-12,1,33.6,96.0,15.923339,48.326097,,1.0,True,0.0017921146953405,2.0,28.9,High likelihood. GFM positive 1% HEFAS positive 29km web: no specific 2019 flood news found
VERO_ROSEVEAR_03-19_06-18_-054-15W5,1,6.0,2019-03,1,56.0,2019-12,1,25.7,100.0,-116.203259,53.67421,,0.0,False,0.0,0.0,,Medium likelihood. GFM positive 6% HEFAS negative ?km web: no specific 2019 flood news found
VERSAFLEX,0,0.0,,1,63.0,2019-12,1,14.1,49.0,-94.613832,39.08663,,0.0,False,0.0,0.0,,Low likelihood. GFM negative 0% HEFAS negative ?km web: no specific 2019 flood news found
VERTEX_CHEMICAL_CORP,0,0.0,,1,51.0,2019-12,1,15.8,49.0,-90.234697,41.804493,,0.0,False,0.0,0.0,,Low likelihood. GFM negative 0% HEFAS negative ?km web: no specific 2019 flood news found
VERTEX_REFINING_LA_LLC,0,0.0,,1,49.0,2019-12,1,20.3,49.0,-90.102032,29.905314,,0.0,False,0.0,0.0,,Low likelihood. GFM negative 0% HEFAS negative ?km web: no specific 2019 flood news found
VIRGINIA_CONCRETE-SOUTHWEST_DC_PLANT,0,0.0,,1,52.0,2019-12,1,8.8,49.0,-77.00914,38.868178,,0.0,False,0.0,0.0,,Low likelihood. GFM negative 0% HEFAS negative ?km web: no specific 2019 flood news found
VULCAN_MATERIALS_CO_0,1,1.0,2019-03_2019-04_2019-05_2019-08_2019-09_2019-10,1,52.0,2019-12,1,26.8,100.0,-111.857895,33.455663,,0.0,False,0.0,0.0,,Medium likelihood. GFM positive 1% HEFAS negative ?km web: no specific 2019 flood news found
VULCAN_MATERIALS_CO_1,1,4.0,2019-03_2019-04_2019-07,1,20.0,2019-12,1,34.3,99.0,-112.340525,33.398356,,0.0,False,0.0,0.0,,Medium likelihood. GFM positive 4% HEFAS negative ?km web: no specific 2019 flood news found
V_sterbyholm._kolaskeupplag,1,1.0,2019-01_2019-02,1,46.0,2019-12,1,22.7,87.0,16.198354,58.620647,,2.0,True,-0.7781447345963475,2.0,18.9,High likelihood. GFM positive 1% HEFAS positive 19km web: no specific 2019 flood news found
Vancouver_acetylene_plant,0,0.0,,1,70.0,2019-12,1,14.0,49.0,-123.10999,49.207648,,0.0,False,0.0,0.0,,Low likelihood. GFM negative 0% HEFAS negative ?km web: no specific 2019 flood news found
Vectren_Energy_Delivery_of_Ohio,1,7.0,2019-02_2019-09,1,43.0,2019-12,1,16.8,100.0,-87.57541,37.973396,,0.0,False,0.0,0.0,,Medium likelihood. GFM positive 7% HEFAS negative ?km web: no specific 2019 flood news found
Venice,0,0.0,,1,52.0,2019-12,1,22.1,49.0,-90.176278,38.66427,,0.0,False,0.0,0.0,,Low likelihood. GFM negative 0% HEFAS negative ?km web: no specific 2019 flood news found
Veolia_ES_Canada_Industrial_Services_Inc.,0,0.0,,1,7.0,2019-12,1,21.2,49.0,-82.189557,42.341776,,0.0,False,0.0,0.0,,Low likelihood. GFM negative 0% HEFAS negative ?km web: no specific 2019 flood news found
Veolia_Environmental_Services_BE,0,0.0,,1,70.0,2019-12,1,22.5,49.0,4.395811,51.270403,,0.0,False,-1.6666666666666667,-1.0,25.9,Low likelihood. GFM negative 0% HEFAS negative 26km web: no specific 2019 flood news found
Veolia_Keskkonnateenused_AS._T_he_108_j_tmejaam,0,0.0,2019-03,1,46.0,2019-12,1,22.2,100.0,26.732677,58.349959,,0.0,False,-1.67921146953405,0.0,3.4,Low likelihood. GFM negative 0% HEFAS negative 3km web: no specific 2019 flood news found
Victor_Sweet_Gas_Plant_06-17-071-01W5,0,0.0,,1,53.0,2019-12,1,20.0,49.0,-114.118951,55.145653,,0.0,False,0.0,0.0,,Low likelihood. GFM negative 0% HEFAS negative ?km web: no specific 2019 flood news found
Villeroy_Boch_Magyarorsz_g_Kft.,1,3.0,2019-04_2019-05,1,24.0,2019-12,1,33.1,86.0,20.366398,46.412339,,9.0,True,-0.3166666666666666,2.0,24.3,High likelihood. GFM positive 3% HEFAS positive 24km web: no specific 2019 flood news found
Volvo_Lastvagnar_AB._Ume,1,18.0,2019-03_2019-04,1,48.0,2019-12,1,33.4,100.0,20.218649,63.823014,,6.0,True,0.0111111111111111,2.0,33.5,High likelihood. GFM positive 18% HEFAS positive 34km web: no specific 2019 flood news found
W.A._PARISH_ELECTRIC_GENERATING_STATION,0,0.0,,1,24.0,2019-12,1,15.6,49.0,-95.635735,29.478287,,0.0,False,0.0,0.0,,Low likelihood. GFM negative 0% HEFAS negative ?km web: no specific 2019 flood news found
WABASH_NATIONAL,0,0.0,,1,45.0,2019-12,1,20.1,49.0,-94.368582,45.981358,,0.0,False,0.0,0.0,,Low likelihood. GFM negative 0% HEFAS negative ?km web: no specific 2019 flood news found
WACKER_CHEMICAL_CORP_POLYMERS_DIV,1,2.0,2019-02_2019-03_2019-10,1,67.0,2019-12,1,18.6,96.0,-88.349241,37.044715,,0.0,False,0.0,0.0,,Medium likelihood. GFM positive 2% HEFAS negative ?km web: no specific 2019 flood news found
WACO_HOT_MIX_PLANT,1,1.0,2019-01_2019-06,1,43.0,2019-12,1,22.6,100.0,-97.079362,31.530547,,0.0,False,0.0,0.0,,Medium likelihood. GFM positive 1% HEFAS negative ?km web: no specific 2019 flood news found
WASTE_MANAGEMENT_OF_LA_LLC_RELIABLE_LANDFILL,1,1.0,2019-09_2019-10,1,47.0,2019-12,1,22.9,89.0,-91.530605,30.576542,,0.0,False,0.0,0.0,,Medium likelihood. GFM positive 1% HEFAS negative ?km web: no specific 2019 flood news found
WASTE_MANAGEMENT_OF_TUNICA_LANDFILL_INC,1,9.0,2019-01_2019-02_2019-03_2019-07_2019-08_2019-10_2019-11_2019-12,1,15.0,2019-12,1,34.5,100.0,-90.248237,34.787682,,0.0,False,0.0,0.0,,Medium likelihood. GFM positive 9% HEFAS negative ?km web: no specific 2019 flood news found
WASTE_MGMT_OF_OK_EAST_OAK_LNDFLL,0,0.0,,1,50.0,2019-12,1,20.8,49.0,-97.418811,35.508525,,0.0,False,0.0,0.0,,Low likelihood. GFM negative 0% HEFAS negative ?km web: no specific 2019 flood news found
WATERFORD_1-3_COMPLEX,0,0.0,,1,55.0,2019-12,1,17.4,49.0,-90.476874,30.00047,,0.0,False,0.0,0.0,,Low likelihood. GFM negative 0% HEFAS negative ?km web: no specific 2019 flood news found
WENATCHEE_SAND_GRAVEL,0,0.0,,1,79.0,2019-12,1,14.0,49.0,-120.299692,47.406284,,0.0,False,0.0,0.0,,Low likelihood. GFM negative 0% HEFAS negative ?km web: no specific 2019 flood news found
WESTLAKE_PVC_CORP,1,2.0,2019-02_2019-03_2019-10,1,67.0,2019-12,1,18.2,96.0,-88.350654,37.045845,,0.0,False,0.0,0.0,,Medium likelihood. GFM positive 2% HEFAS negative ?km web: no specific 2019 flood news found
WESTLAKE_VINYLS_CO,0,0.0,,1,57.0,2019-12,1,18.2,49.0,-91.011043,30.208598,,0.0,False,0.0,0.0,,Low likelihood. GFM negative 0% HEFAS negative ?km web: no specific 2019 flood news found
WESTLAKE_VINYLS_INC_0,1,9.0,2019-01_2019-02_2019-03_2019-04_2019-05_2019-06_2019-10_2019-12,1,62.0,2019-12,1,22.2,100.0,-88.334068,37.051047,,0.0,False,0.0,0.0,,Medium likelihood. GFM positive 9% HEFAS negative ?km web: no specific 2019 flood news found
WESTLAKE_VINYLS_INC_1,1,9.0,2019-01_2019-02_2019-03_2019-04_2019-05_2019-06_2019-10_2019-12,1,59.0,2019-12,1,22.8,100.0,-88.327065,37.046577,,0.0,False,0.0,0.0,,Medium likelihood. GFM positive 9% HEFAS negative ?km web: no specific 2019 flood news found
WESTROCK_CHATTANOOGA_TN_MILL,0,0.0,,1,75.0,2019-12,1,9.6,49.0,-85.323294,35.061291,,0.0,False,0.0,0.0,,Low likelihood. GFM negative 0% HEFAS negative ?km web: no specific 2019 flood news found
WESTROCK_CONVERTING_CO_LLC_STROUDSBURG_MILL,0,0.0,,1,92.0,2019-12,1,10.0,49.0,-75.146472,40.999317,,0.0,False,0.0,0.0,,Low likelihood. GFM negative 0% HEFAS negative ?km web: no specific 2019 flood news found
WESTROCK_CP_LLC,0,0.0,,1,61.0,2019-12,1,12.2,49.0,-81.862996,40.279836,,0.0,False,0.0,0.0,,Low likelihood. GFM negative 0% HEFAS negative ?km web: no specific 2019 flood news found
WESTROCK_KRAFT_PAPER_LLC,0,0.0,,1,72.0,2019-12,1,11.4,49.0,-77.643155,36.47608,,0.0,False,0.0,0.0,,Low likelihood. GFM negative 0% HEFAS negative ?km web: no specific 2019 flood news found
WESTROCK_LONGVIEW_LLC_0,0,0.0,,1,37.0,2019-12,1,17.8,49.0,-122.921787,46.10362,,0.0,False,0.0,0.0,,Low likelihood. GFM negative 0% HEFAS negative ?km web: no specific 2019 flood news found
WESTROCK_LONGVIEW_LLC_1,0,0.0,,1,37.0,2019-12,1,18.0,49.0,-122.92661,46.107507,,0.0,False,0.0,0.0,,Low likelihood. GFM negative 0% HEFAS negative ?km web: no specific 2019 flood news found
WESTROCK_MILL_CO_LLC,0,0.0,,1,74.0,2019-12,1,10.9,49.0,-87.977089,32.453803,,0.0,False,0.0,0.0,,Low likelihood. GFM negative 0% HEFAS negative ?km web: no specific 2019 flood news found
WESTROCK_SEVEN_HILLS_LLC,0,0.0,,1,95.0,2019-12,1,3.0,33.0,-79.127619,37.403322,,0.0,False,0.0,0.0,,Low likelihood. GFM negative 0% HEFAS negative ?km web: no specific 2019 flood news found
WESTSIDE_GALVANIZING_SERVICES_INC,1,1.0,2019-04_2019-05,1,28.0,2019-12,1,25.4,93.0,-91.226851,30.499256,,0.0,False,0.0,0.0,,Medium likelihood. GFM positive 1% HEFAS negative ?km web: no specific 2019 flood news found
WEYERHAEUSER_NR,1,4.0,2019-03,1,2.0,2019-12,1,21.9,80.0,-114.287486,48.23015,,0.0,False,0.0,0.0,,Medium likelihood. GFM positive 4% HEFAS negative ?km web: no specific 2019 flood news found
WEYERHAEUSER_NR_-_LONGVIEW_LUMBER,0,0.0,2019-09,1,48.0,2019-12,1,17.0,74.0,-122.970986,46.125796,,0.0,False,0.0,0.0,,Low likelihood. GFM negative 0% HEFAS negative ?km web: no specific 2019 flood news found
WEYERHAEUSER_NR_CO_-_LUMBER_TECHNOLOGIES,0,0.0,,1,70.0,2019-12,1,12.0,49.0,-76.79055,35.85881,,0.0,False,0.0,0.0,,Low likelihood. GFM negative 0% HEFAS negative ?km web: no specific 2019 flood news found
WHEATLAND_CONCRETE,1,4.0,2019-04_2019-07_2019-09,1,18.0,2019-12,1,28.6,100.0,-123.028824,45.093649,,0.0,False,0.0,0.0,,Medium likelihood. GFM positive 4% HEFAS negative ?km web: no specific 2019 flood news found
WIENERBERGER_0,1,1.0,2019-02_2019-03_2019-06,1,32.0,2019-12,1,23.1,86.0,5.793835,51.10186,,0.0,False,-2.0,-2.0,6.4,Medium likelihood. GFM positive 1% HEFAS negative 6km web: no specific 2019 flood news found
WIENERBERGER_1,0,0.0,,1,61.0,2019-12,1,21.7,49.0,4.411678,51.08123,,0.0,False,-1.3333333333333333,-1.0,13.8,Low likelihood. GFM negative 0% HEFAS negative 14km web: no specific 2019 flood news found
WIENERBERGER_2,1,1.0,2019-02_2019-03_2019-06,1,33.0,2019-12,1,22.7,86.0,5.7957,51.102347,,0.0,False,-2.0,-2.0,6.3,Medium likelihood. GFM positive 1% HEFAS negative 6km web: no specific 2019 flood news found
WIENERBERGER_SAS_0,1,1.0,2019-11_2019-12,1,38.0,2019-12,1,24.2,99.0,4.930432,44.01011,,0.0,False,-1.4836021505376344,-1.0,33.3,Medium likelihood. GFM positive 1% HEFAS negative 33km web: no specific 2019 flood news found
WIENERBERGER_SAS_1,1,1.0,2019-04,1,63.0,2019-12,1,21.2,86.0,-0.246994,47.671294,,0.0,False,-1.6268817204301076,-1.0,0.2,Medium likelihood. GFM positive 1% HEFAS negative 0km web: no specific 2019 flood news found
WIENERBERGER_Zrt._0,0,0.0,2019-04,1,22.0,2019-12,1,26.5,98.0,17.239682,47.608094,,1.0,True,0.0018518518518518,2.0,35.3,Medium likelihood. GFM negative 0% HEFAS positive 35km web: no specific 2019 flood news found
WIENERBERGER_Zrt._1,1,5.0,2019-04_2019-05_2019-06_2019-11,1,10.0,2019-12,1,31.3,99.0,21.387437,47.930812,,11.0,True,0.0382915173237753,2.0,25.0,High likelihood. GFM positive 5% HEFAS positive 25km web: no specific 2019 flood news found
WOODENHOUSE_01-29-086-23W4,0,0.0,,1,44.0,2019-12,1,26.1,49.0,-113.591011,56.480924,,0.0,False,0.0,0.0,,Low likelihood. GFM negative 0% HEFAS negative ?km web: no specific 2019 flood news found
WOODENHOUSE_04-29-086-23W4,0,0.0,,1,21.0,2019-12,1,28.8,49.0,-113.610487,56.480921,,0.0,False,0.0,0.0,,Low likelihood. GFM negative 0% HEFAS negative ?km web: no specific 2019 flood news found
WOODENHOUSE_100_06-20-086-23W400,0,0.0,,1,36.0,2019-12,1,27.1,49.0,-113.604129,56.469891,,0.0,False,0.0,0.0,,Low likelihood. GFM negative 0% HEFAS negative ?km web: no specific 2019 flood news found
WOODENHOUSE_102_06-29-086-23W4_00,0,0.0,,1,25.0,2019-12,1,28.3,49.0,-113.604019,56.4845,,0.0,False,0.0,0.0,,Low likelihood. GFM negative 0% HEFAS negative ?km web: no specific 2019 flood news found
WOODENHOUSE_11-17-086-23W4,0,0.0,,1,47.0,2019-12,1,25.5,49.0,-113.604022,56.459073,,0.0,False,0.0,0.0,,Low likelihood. GFM negative 0% HEFAS negative ?km web: no specific 2019 flood news found
WOODENHOUSE_13-29-86-23W4,0,0.0,,1,11.0,2019-12,1,29.0,49.0,-113.610597,56.491739,,0.0,False,0.0,0.0,,Low likelihood. GFM negative 0% HEFAS negative ?km web: no specific 2019 flood news found
WOODENHOUSE_2-17-086-23W4,0,0.0,,1,55.0,2019-12,1,23.7,49.0,-113.597451,56.451833,,0.0,False,0.0,0.0,,Low likelihood. GFM negative 0% HEFAS negative ?km web: no specific 2019 flood news found
WOODENHOUSE_2-5-87-23W4,0,0.0,,1,7.0,2019-12,1,29.5,49.0,-113.627935,56.507796,,0.0,False,0.0,0.0,,Low likelihood. GFM negative 0% HEFAS negative ?km web: no specific 2019 flood news found
WOODENHOUSE_9-20-086-23W4,0,0.0,,1,47.0,2019-12,1,25.4,49.0,-113.591013,56.473489,,0.0,False,0.0,0.0,,Low likelihood. GFM negative 0% HEFAS negative ?km web: no specific 2019 flood news found
WOODENHOUSE_P30_16-29-086-23W4,0,0.0,,1,35.0,2019-12,1,26.9,49.0,-113.591115,56.491742,,0.0,False,0.0,0.0,,Low likelihood. GFM negative 0% HEFAS negative ?km web: no specific 2019 flood news found
WOODENHOUSE_P32_09-32-086-23W4,0,0.0,,1,36.0,2019-12,1,27.1,49.0,-113.591062,56.50258,,0.0,False,0.0,0.0,,Low likelihood. GFM negative 0% HEFAS negative ?km web: no specific 2019 flood news found
WOODENHOUSE_PAD_17_12-29-86-23W4,0,0.0,,1,13.0,2019-12,1,29.4,49.0,-113.610573,56.488162,,0.0,False,0.0,0.0,,Low likelihood. GFM negative 0% HEFAS negative ?km web: no specific 2019 flood news found
WOODWARD_INC,0,0.0,,1,74.0,2019-12,1,10.7,49.0,-89.055548,42.304221,,0.0,False,0.0,0.0,,Low likelihood. GFM negative 0% HEFAS negative ?km web: no specific 2019 flood news found
WORTHINGTON_CYLINDERS_KANSAS_LLC,1,7.0,2019-02_2019-03_2019-07_2019-10,1,12.0,2019-12,1,34.7,100.0,-97.481372,37.783926,,0.0,False,0.0,0.0,,Medium likelihood. GFM positive 7% HEFAS negative ?km web: no specific 2019 flood news found
WORTHINGTON_INDUSTRIES_PADUCAH,0,0.0,,1,70.0,2019-12,1,19.0,49.0,-88.568759,37.048317,,0.0,False,0.0,0.0,,Low likelihood. GFM negative 0% HEFAS negative ?km web: no specific 2019 flood news found
W_A_Parish,0,0.0,,1,24.0,2019-12,1,15.6,49.0,-95.635735,29.478287,,0.0,False,0.0,0.0,,Low likelihood. GFM negative 0% HEFAS negative ?km web: no specific 2019 flood news found
Wacker_Chemie_AG,0,0.0,,1,65.0,2019-12,1,19.8,49.0,6.951635,51.021397,,8.0,True,0.014336917562724,2.0,9.4,Medium likelihood. GFM negative 0% HEFAS positive 9km web: no specific 2019 flood news found
Wapiti_Compressor_Station_06-10-069-10W6,0,0.0,,1,89.0,2019-12,1,13.6,49.0,-119.43878,54.958823,,0.0,False,0.0,0.0,,Low likelihood. GFM negative 0% HEFAS negative ?km web: no specific 2019 flood news found
Waterford_1_2,0,0.0,,1,55.0,2019-12,1,17.4,49.0,-90.475843,29.999486,,0.0,False,0.0,0.0,,Low likelihood. GFM negative 0% HEFAS negative ?km web: no specific 2019 flood news found
Weleetka_Power_Station,0,0.0,,1,75.0,2019-12,1,15.4,49.0,-96.13602,35.324601,,0.0,False,0.0,0.0,,Low likelihood. GFM negative 0% HEFAS negative ?km web: no specific 2019 flood news found
West_Windsor_Power,0,0.0,,1,29.0,2019-12,1,14.6,49.0,-83.087642,42.280657,,0.0,False,0.0,0.0,,Low likelihood. GFM negative 0% HEFAS negative ?km web: no specific 2019 flood news found
Whitecap_Grouard_02-13-075-15W5M,1,38.0,2019-02_2019-03_2019-04_2019-05_2019-07_2019-09_2019-10_2019-11_2019-12,1,38.0,2019-12,1,48.7,100.0,-116.186433,55.491185,,0.0,False,0.0,0.0,,Medium likelihood. GFM positive 38% HEFAS negative ?km web: No clear 2019 Grouard AB flood article; local/ice-jam possible.
Whitecap_Grouard_07-18-075-15W5M,1,72.0,2019-02_2019-03_2019-04_2019-05_2019-07_2019-09_2019-10_2019-11_2019-12,1,11.0,2019-12,1,65.2,100.0,-116.320018,55.494684,,0.0,False,0.0,0.0,,Medium likelihood. GFM positive 72% HEFAS negative ?km web: No clear 2019 Grouard AB flood article; local/ice-jam possible.
Whitehorse_International_Airport,1,1.0,2019-03,1,68.0,2019-12,1,18.0,95.0,-135.070454,60.712609,,0.0,False,0.0,0.0,,Medium likelihood. GFM positive 1% HEFAS negative ?km web: no specific 2019 flood news found
Wienerberger_Ltd,1,30.0,2019-03_2019-04_2019-05_2019-06_2019-10,1,7.0,2019-12,1,48.3,100.0,-0.698808,53.736636,,0.0,False,-2.0,-2.0,5.2,Medium likelihood. GFM positive 30% HEFAS negative 5km web: no specific 2019 flood news found
Wienerberger_T_glaipari_Zrt.,1,6.0,2019-03_2019-04_2019-05_2019-07,1,12.0,2019-12,1,36.4,100.0,20.588292,47.01521,,11.0,True,-0.6462962962962963,2.0,11.6,High likelihood. GFM positive 6% HEFAS positive 12km web: no specific 2019 flood news found
Wilga_Park_Power_Station,1,17.0,2019-03_2019-04_2019-05_2019-08_2019-12,1,8.0,2019-12,1,40.7,100.0,149.403043,-30.213964,,0.0,False,0.0,0.0,,Medium likelihood. GFM positive 17% HEFAS negative ?km web: no specific 2019 flood news found
Windmill_Oilfield,0,0.0,,1,52.0,2019-12,1,20.0,49.0,139.38164,-27.934761,,0.0,False,0.0,0.0,,Low likelihood. GFM negative 0% HEFAS negative ?km web: no specific 2019 flood news found
Winnipeg_North,0,0.0,,1,51.0,2019-12,1,21.6,49.0,-97.198854,49.905723,,0.0,False,0.0,0.0,,Low likelihood. GFM negative 0% HEFAS negative ?km web: no specific 2019 flood news found
Winnipeg_South,0,0.0,,1,14.0,2019-12,1,22.2,49.0,-97.174053,49.827975,,0.0,False,0.0,0.0,,Low likelihood. GFM negative 0% HEFAS negative ?km web: no specific 2019 flood news found
Winnipeg_Terminal,1,1.0,2019-03,1,43.0,2019-12,1,25.6,96.0,-97.046433,49.981458,,0.0,False,0.0,0.0,,Medium likelihood. GFM positive 1% HEFAS negative ?km web: no specific 2019 flood news found
Wisconsin_Public_Service_Corporation,0,0.0,,1,77.0,2019-12,1,16.7,49.0,-88.011582,44.518415,,0.0,False,0.0,0.0,,Low likelihood. GFM negative 0% HEFAS negative ?km web: no specific 2019 flood news found
Woodenhouse_11-29-86-23w4,0,0.0,,1,21.0,2019-12,1,28.6,49.0,-113.60408,56.488163,,0.0,False,0.0,0.0,,Low likelihood. GFM negative 0% HEFAS negative ?km web: no specific 2019 flood news found
Woodenhouse_Bitumen_Battery_03-29-086-23W4,0,0.0,,1,28.0,2019-12,1,28.1,49.0,-113.604153,56.480903,,0.0,False,0.0,0.0,,Low likelihood. GFM negative 0% HEFAS negative ?km web: no specific 2019 flood news found
Woodenhouse_Bitumen_Battery_11-20-086-23W4,0,0.0,,1,33.0,2019-12,1,27.4,49.0,-113.603995,56.473488,,0.0,False,0.0,0.0,,Low likelihood. GFM negative 0% HEFAS negative ?km web: no specific 2019 flood news found
Wrigley_Station,1,15.0,2019-04_2019-05,1,46.0,2019-12,1,24.8,100.0,-123.385863,63.193869,,0.0,False,0.0,0.0,,Medium likelihood. GFM positive 15% HEFAS negative ?km web: no specific 2019 flood news found
XCEL_ENERGY_BLACK_DOG_GENERATING_PLANT,1,6.0,2019-03_2019-04_2019-05_2019-06,1,52.0,2019-12,1,14.7,100.0,-93.250257,44.810701,,0.0,False,0.0,0.0,,Medium likelihood. GFM positive 6% HEFAS negative ?km web: no specific 2019 flood news found
XCEL_ENERGY_RIVERSIDE_GENERATING_PLANT,0,0.0,,1,58.0,2019-12,1,12.1,49.0,-93.274437,45.020135,,0.0,False,0.0,0.0,,Low likelihood. GFM negative 0% HEFAS negative ?km web: no specific 2019 flood news found
YALE_SECURITY_INC._-_YALE_COMMERCIAL_FACILITY,0,0.0,,1,77.0,2019-12,1,8.2,49.0,-84.265671,35.787531,,0.0,False,0.0,0.0,,Low likelihood. GFM negative 0% HEFAS negative ?km web: no specific 2019 flood news found
YARA_ITALIA_SPA_-_STABILIMENTO_DI_FERRARA_0,0,0.0,,1,44.0,2019-12,1,19.0,49.0,11.592112,44.856041,,42.0,True,0.2148788189110769,5.0,3.8,Medium likelihood. GFM negative 0% HEFAS positive 4km web: Po Valley high water mid-Nov 2019 (Storyful Rovigo cleanup 2019-11-18) https://video.storyful.com/record/467
YARA_ITALIA_SPA_-_STABILIMENTO_DI_FERRARA_1,0,0.0,,1,44.0,2019-12,1,19.0,49.0,11.592112,44.856041,,42.0,True,0.2148788189110769,5.0,3.8,Medium likelihood. GFM negative 0% HEFAS positive 4km web: Po Valley high water mid-Nov 2019 (Storyful Rovigo cleanup 2019-11-18) https://video.storyful.com/record/467
Yara_Vlaardingen_BV_0,0,0.0,,1,65.0,2019-12,1,26.6,49.0,4.325612,51.898786,,0.0,False,-2.0,-2.0,84.2,Low likelihood. GFM negative 0% HEFAS negative 84km web: no specific 2019 flood news found
Yara_Vlaardingen_BV_1,0,0.0,,1,65.0,2019-12,1,26.6,49.0,4.325612,51.898786,,0.0,False,-2.0,-2.0,84.2,Low likelihood. GFM negative 0% HEFAS negative 84km web: no specific 2019 flood news found
ZOETIS_LLC,0,0.0,,1,81.0,2019-12,1,5.8,49.0,-81.313378,39.353301,,0.0,False,0.0,0.0,,Low likelihood. GFM negative 0% HEFAS negative ?km web: no specific 2019 flood news found
iLevel_by_Weyerhaeuser_Vancouver_Plant,0,0.0,,1,62.0,2019-12,1,16.6,49.0,-122.946368,49.163774,,0.0,False,0.0,0.0,,Low likelihood. GFM negative 0% HEFAS negative ?km web: no specific 2019 flood news found
in_p_ship_with_Vacuum_Oil_Co._t_a_CSR_Emoleum_0,1,2.0,2019-02_2019-04,1,41.0,2019-12,1,25.8,98.0,146.890109,-36.107008,,0.0,False,0.0,0.0,,Medium likelihood. GFM positive 2% HEFAS negative ?km web: no specific 2019 flood news found
in_p_ship_with_Vacuum_Oil_Co._t_a_CSR_Emoleum_1,1,13.0,2019-01_2019-02_2019-10_2019-11_2019-12,1,9.0,2019-12,1,40.1,100.0,145.307132,-36.356476,,0.0,False,0.0,0.0,,Medium likelihood. GFM positive 13% HEFAS negative ?km web: no specific 2019 flood news found
,0,0.0,,1,63.0,2019-12,1,15.1,49.0,-105.547724,50.391298,,,False,,,,Low likelihood. GFM negative 0% HEFAS negative ?km web: no specific 2019 flood news found
thyssenkrupp_Steel_Europe_AG_Werk_H_ttenheim,1,1.0,2019-04_2019-05,1,55.0,2019-12,1,21.4,86.0,6.713008,51.364117,,2.0,True,0.003584229390681,2.0,10.2,High likelihood. GFM positive 1% HEFAS positive 10km web: no specific 2019 flood news found
thyssenkrupp_Steel_Europe_AG_Werk_Kokerei_Schwelgern,1,2.0,2019-03_2019-05,1,63.0,2019-12,1,20.1,100.0,6.72879,51.500999,,8.0,True,0.0252090800477897,4.0,5.1,High likelihood. GFM positive 2% HEFAS positive 5km web: no specific 2019 flood news found
thyssenkrupp_Steel_Europe_AG_Werk_Ruhrort,1,2.0,2019-03_2019-07_2019-12,1,64.0,2019-12,1,22.4,100.0,6.731026,51.460316,,8.0,True,0.0252090800477897,4.0,0.6,High likelihood. GFM positive 2% HEFAS positive 1km web: no specific 2019 flood news found
voestalpine_Automotive_Components_Bunschoten_B.V.,1,1.0,2019-05,1,13.0,2019-12,1,36.7,93.0,5.372502,52.227953,,0.0,False,-0.6666666666666666,0.0,66.1,Medium likelihood. GFM positive 1% HEFAS negative 66km web: no specific 2019 flood news found
voestalpine_Giesserei_Linz_GmbH,0,0.0,,1,70.0,2019-12,1,14.8,49.0,14.343467,48.275071,,3.0,True,0.007168458781362,2.0,26.5,Medium likelihood. GFM negative 0% HEFAS positive 26km web: no specific 2019 flood news found
voestalpine_Stahl_GmbH_0,0,0.0,,1,72.0,2019-12,1,14.2,49.0,14.343085,48.281917,,3.0,True,0.007168458781362,2.0,27.2,Medium likelihood. GFM negative 0% HEFAS positive 27km web: no specific 2019 flood news found
voestalpine_Stahl_GmbH_1,0,0.0,,1,71.0,2019-12,1,14.4,49.0,14.339966,48.283995,,3.0,True,0.007168458781362,2.0,27.5,Medium likelihood. GFM negative 0% HEFAS positive 28km web: no specific 2019 flood news found
voestalpine_Wire_Austria_GmbH,0,0.0,,1,89.0,2019-12,1,7.1,49.0,15.277795,47.410843,,3.0,True,-0.6592592592592592,4.0,0.3,Medium likelihood. GFM negative 0% HEFAS positive 0km web: no specific 2019 flood news found
