facility,flood_present,flood_pct,flood_months,exclusion_present,exclusion_pct,exclusion_suffix,likelihood_present,likelihood_mean,likelihood_max,lon,lat,HEFAS_months,HEFAS_flood_days_any,HEFAS_any_flood_any,HEFAS_level_mean,HEFAS_level_max,HEFAS_min_dist_km,AI observation
3M_CO-VALLEY,0,0.0,,1,16.0,2021-12,1,19.6,49.0,-96.33793,41.30694,,0.0,False,0.0,0.0,,Low likelihood. GFM negative 0% HEFAS negative ?km web: no specific flood news found for this year
3M_CO_-_WAUSAU_DOWNTOWN,0,0.0,,1,66.0,2019-12,1,15.8,49.0,-89.637722,44.950111,,0.0,False,0.0,0.0,,Low likelihood. GFM negative 0% HEFAS negative ?km web: no specific flood news found for this year
3M_CO_DBA_3M_CLINTON,0,0.0,,1,81.0,2021-12,1,9.1,49.0,-84.106209,36.095328,,0.0,False,0.0,0.0,,Low likelihood. GFM negative 0% HEFAS negative ?km web: no specific flood news found for this year
3M_Wroc_aw_IATD,0,0.0,,1,35.0,2021-12,1,31.3,49.0,17.124996,51.125028,,2.0,True,-1.329689366786141,2.0,5.0,Medium likelihood. GFM negative 0% HEFAS positive 5km web: no specific flood news found for this year
3P_PROCESSING_LLC,0,0.0,,1,48.0,2021-12,1,19.3,34.0,-97.383264,37.663307,,0.0,False,0.0,0.0,,Low likelihood. GFM negative 0% HEFAS negative ?km web: no specific flood news found for this year
409_-_RED_WING_OILSEEDS_PLANT,1,1.0,2021-03,1,70.0,2021-12,1,11.2,100.0,-92.533275,44.568294,,0.0,False,0.0,0.0,,Medium likelihood. GFM positive 1% HEFAS negative ?km web: no specific flood news found for this year
AAON_INC,0,0.0,,1,48.0,2021-12,1,16.4,49.0,-96.015918,36.126186,,0.0,False,0.0,0.0,,Low likelihood. GFM negative 0% HEFAS negative ?km web: no specific flood news found for this year
AAR_LANDING_GEAR_SERVICES,0,0.0,,1,62.0,2021-12,1,12.0,49.0,-80.349156,25.863938,,0.0,False,0.0,0.0,,Low likelihood. GFM negative 0% HEFAS negative ?km web: no specific flood news found for this year
ABBOTT_LABORATORIES,0,0.0,,1,87.0,2021-12,1,7.3,49.0,-79.267851,37.130587,,0.0,False,0.0,0.0,,Low likelihood. GFM negative 0% HEFAS negative ?km web: no specific flood news found for this year
ABB_MOTORS_MECHANICAL_INC.,0,0.0,,1,74.0,2021-12,1,11.8,49.0,-88.440838,33.478323,,0.0,False,0.0,0.0,,Low likelihood. GFM negative 0% HEFAS negative ?km web: no specific flood news found for this year
ABB_SI_Beloeil,0,0.0,,0,0.0,2021-12,1,36.0,49.0,-73.227402,45.594875,,0.0,False,0.0,0.0,,Low likelihood. GFM negative 0% HEFAS negative ?km web: no specific flood news found for this year
ABGS0154260_Pipestone_South_Gas_Battery_14-17,1,31.0,2021-04_2021-05_2021-06_2021-10_2021-11,1,25.0,2021-12,1,46.5,100.0,-119.186002,55.066964,,0.0,False,0.0,0.0,,Medium likelihood. GFM positive 31% HEFAS negative ?km web: no specific flood news found for this year
ACME_BRICK_CO-BENNETT_PLANT,0,0.0,,1,68.0,2021-12,1,13.3,49.0,-98.049354,32.718728,,0.0,False,0.0,0.0,,Low likelihood. GFM negative 0% HEFAS negative ?km web: no specific flood news found for this year
ACRA_AEROSPACE,0,0.0,,1,54.0,2021-12,1,15.5,49.0,-117.887122,33.856405,,0.0,False,0.0,0.0,,Low likelihood. GFM negative 0% HEFAS negative ?km web: no specific flood news found for this year
ACTAGRO_LLC,1,2.0,2021-05,1,19.0,2021-12,1,32.2,80.0,-89.989111,35.689991,,0.0,False,0.0,0.0,,Medium likelihood. GFM positive 2% HEFAS negative ?km web: no specific flood news found for this year
ADM,0,0.0,,1,60.0,2021-12,1,17.6,49.0,-96.498687,41.430588,,0.0,False,0.0,0.0,,Low likelihood. GFM negative 0% HEFAS negative ?km web: no specific flood news found for this year
ADM_ALLIANCE_NUTRITION_INC,0,0.0,,1,30.0,2021-12,1,22.7,49.0,-99.987942,40.854605,,0.0,False,0.0,0.0,,Low likelihood. GFM negative 0% HEFAS negative ?km web: no specific flood news found for this year
ADM_ANIMAL_NUTRITION_INC,0,0.0,,1,10.0,2021-12,1,33.2,49.0,-97.252439,41.436602,,0.0,False,0.0,0.0,,Low likelihood. GFM negative 0% HEFAS negative ?km web: no specific flood news found for this year
ADM_PROCESSING,1,5.0,2021-03,1,52.0,2021-12,1,23.8,98.0,-100.924677,48.06205,,0.0,False,0.0,0.0,,Medium likelihood. GFM positive 5% HEFAS negative ?km web: no specific flood news found for this year
ADM_QUINCY,0,0.0,,1,61.0,2021-12,1,14.8,49.0,-91.410563,39.903906,,0.0,False,0.0,0.0,,Low likelihood. GFM negative 0% HEFAS negative ?km web: no specific flood news found for this year
AES_BEAVER_VALLEY_LLC,0,0.0,,1,88.0,2021-12,1,7.2,49.0,-80.34948,40.655489,,0.0,False,0.0,0.0,,Low likelihood. GFM negative 0% HEFAS negative ?km web: no specific flood news found for this year
AES_Huntington_Beach,0,0.0,,1,45.0,2021-12,1,20.5,49.0,-117.978804,33.643655,,0.0,False,0.0,0.0,,Low likelihood. GFM negative 0% HEFAS negative ?km web: no specific flood news found for this year
AFTON_CHEMICAL_CORP_0,0,0.0,,1,52.0,2021-12,1,18.7,49.0,-90.167537,38.602633,,0.0,False,0.0,0.0,,Low likelihood. GFM negative 0% HEFAS negative ?km web: no specific flood news found for this year
AFTON_CHEMICAL_CORP_1,0,0.0,,1,64.0,2021-12,1,14.2,49.0,-90.172916,38.600508,,0.0,False,0.0,0.0,,Low likelihood. GFM negative 0% HEFAS negative ?km web: no specific flood news found for this year
AGILENT_TECHNOLOGIES_INC,0,0.0,,1,66.0,2021-12,1,13.9,49.0,-121.186965,38.652906,,0.0,False,0.0,0.0,,Low likelihood. GFM negative 0% HEFAS negative ?km web: no specific flood news found for this year
AGRANA_St_rke_GmbH,0,0.0,,1,55.0,2021-12,1,17.7,49.0,14.014991,48.362391,,3.0,True,-0.003584229390681,2.0,24.6,Medium likelihood. GFM negative 0% HEFAS positive 25km web: no specific flood news found for this year
AGRANA_Zucker_GmbH_0,1,1.0,2021-05,1,21.0,2021-12,1,27.6,83.0,16.702782,48.243038,,3.0,True,-0.3673835125448028,2.0,16.1,High likelihood. GFM positive 1% HEFAS positive 16km web: no specific flood news found for this year
AGRANA_Zucker_GmbH_1,0,0.0,,1,38.0,2021-12,1,23.3,49.0,16.038455,48.324787,,11.0,True,0.0450716845878136,5.0,21.8,Medium likelihood. GFM negative 0% HEFAS positive 22km web: no specific flood news found for this year
AGRANA_Zucker_GmbH_2,1,1.0,2021-05,1,21.0,2021-12,1,27.6,83.0,16.702782,48.243038,,3.0,True,-0.3673835125448028,2.0,16.1,High likelihood. GFM positive 1% HEFAS positive 16km web: no specific flood news found for this year
AGRANA_Zucker_GmbH_3,0,0.0,,1,38.0,2021-12,1,23.3,49.0,16.038455,48.324787,,11.0,True,0.0450716845878136,5.0,21.8,Medium likelihood. GFM negative 0% HEFAS positive 22km web: no specific flood news found for this year
AGRIUM_US_INC,0,0.0,,1,49.0,2021-12,1,19.0,49.0,-89.569141,36.531375,,0.0,False,0.0,0.0,,Low likelihood. GFM negative 0% HEFAS negative ?km web: no specific flood news found for this year
AGRIUM_US_INC_KENNEWICK_FERTILIZER_OPERATION,1,2.0,2021-10,1,19.0,2021-12,1,15.7,81.0,-119.017208,46.165999,,0.0,False,0.0,0.0,,Medium likelihood. GFM positive 2% HEFAS negative ?km web: no specific flood news found for this year
AIR_LIQUIDE_FRANCE_INDUSTRIE_0,0,0.0,,1,69.0,2021-12,1,22.1,49.0,4.770005,45.344286,,0.0,False,-1.0,-1.0,51.1,Low likelihood. GFM negative 0% HEFAS negative 51km web: no specific flood news found for this year
AIR_LIQUIDE_FRANCE_INDUSTRIE_1,0,0.0,,1,67.0,2021-12,1,17.3,49.0,4.845003,45.689235,,0.0,False,-1.0,-1.0,22.5,Low likelihood. GFM negative 0% HEFAS negative 22km web: no specific flood news found for this year
AIR_PRODUCTS_AND_CHEMICALS_INCORPORATED,0,0.0,,1,39.0,2021-12,1,17.4,49.0,-121.398877,38.529727,,0.0,False,0.0,0.0,,Low likelihood. GFM negative 0% HEFAS negative ?km web: no specific flood news found for this year
AIR_PRODUCTS_AND_CHEMICALS_INC_-_GARYVILLE,0,0.0,,1,100.0,2021-12,1,14.9,33.0,-90.648793,30.0996,,0.0,False,0.0,0.0,,Low likelihood. GFM negative 0% HEFAS negative ?km web: no specific flood news found for this year
AIR_PRODUCTS_CHEMCIALS_INC_NORCO_SMR,0,0.0,,1,58.0,2021-12,1,17.8,49.0,-90.408769,30.01694,,0.0,False,0.0,0.0,,Low likelihood. GFM negative 0% HEFAS negative ?km web: no specific flood news found for this year
AIR_PRODUCTS_CHEMICALS_INC,0,0.0,,1,81.0,2021-12,1,14.0,49.0,-90.993879,30.205831,,0.0,False,0.0,0.0,,Low likelihood. GFM negative 0% HEFAS negative ?km web: no specific flood news found for this year
AIR_PRODUCTS_CHEMICALS_INC.,0,0.0,,1,68.0,2021-12,1,10.6,49.0,-74.783222,40.191674,,0.0,False,0.0,0.0,,Low likelihood. GFM negative 0% HEFAS negative ?km web: no specific flood news found for this year
AIR_PRODUCTS_CHEMICALS_INC_-_CONVENT_SMR,0,0.0,,1,33.0,2021-12,1,23.9,49.0,-90.884017,30.108236,,0.0,False,0.0,0.0,,Low likelihood. GFM negative 0% HEFAS negative ?km web: no specific flood news found for this year
AIR_PRODUCTS_CHEMICALS_INC_-_GARYVILLE_SMR,0,0.0,,1,41.0,2021-12,1,18.2,49.0,-90.58815,30.062725,,0.0,False,0.0,0.0,,Low likelihood. GFM negative 0% HEFAS negative ?km web: no specific flood news found for this year
AIR_PRODUCTS_CHEMICALS_INC_-_Geismar_SMR,0,0.0,,1,75.0,2021-12,1,16.1,49.0,-90.988337,30.183747,,0.0,False,0.0,0.0,,Low likelihood. GFM negative 0% HEFAS negative ?km web: no specific flood news found for this year
AIR_PRODUCTS_CHEMICALS_INC_-_INDUSTRIAL_GAS_PRODUCTION_FACILITY,0,0.0,,1,47.0,2021-12,1,14.7,49.0,-89.900981,30.022264,,0.0,False,0.0,0.0,,Low likelihood. GFM negative 0% HEFAS negative ?km web: no specific flood news found for this year
AIR_PRODUCTS_CHEMICALS_INC_LULING_SMR,0,0.0,,1,56.0,2021-12,1,19.2,49.0,-90.350777,29.921714,,0.0,False,0.0,0.0,,Low likelihood. GFM negative 0% HEFAS negative ?km web: no specific flood news found for this year
AIR_PRODUCTS_CHEMICALS_INC_NEW_ORLEANS_LA_FACILITY,0,0.0,,1,54.0,2021-12,1,14.5,49.0,-89.900451,30.029001,,0.0,False,0.0,0.0,,Low likelihood. GFM negative 0% HEFAS negative ?km web: no specific flood news found for this year
AJF_Northern_Processing,0,0.0,,1,70.0,2021-12,1,14.5,49.0,-122.746895,53.88455,,0.0,False,0.0,0.0,,Low likelihood. GFM negative 0% HEFAS negative ?km web: no specific flood news found for this year
AJF_Vancouver,0,0.0,,1,63.0,2021-12,1,18.7,49.0,-122.946539,49.175235,,0.0,False,0.0,0.0,,Low likelihood. GFM negative 0% HEFAS negative ?km web: no specific flood news found for this year
ALCOA_USA_CORP.,0,0.0,,1,56.0,2021-12,1,17.3,49.0,-74.893531,44.965841,,0.0,False,0.0,0.0,,Low likelihood. GFM negative 0% HEFAS negative ?km web: no specific flood news found for this year
ALEXANDER_BOOSTER,0,0.0,,1,40.0,2021-12,1,24.2,49.0,-110.333573,54.407849,,0.0,False,0.0,0.0,,Low likelihood. GFM negative 0% HEFAS negative ?km web: no specific flood news found for this year
ALLEGHENY_ENERGY_INC_ARMSTRONG_POWER_STATION,0,0.0,,1,82.0,2021-12,1,4.1,49.0,-79.467114,40.92942,,0.0,False,0.0,0.0,,Low likelihood. GFM negative 0% HEFAS negative ?km web: no specific flood news found for this year
ALLEGHENY_ENERGY_INC_R._PAUL_SMITH_POWER_STATION,0,0.0,,1,74.0,2021-12,1,7.5,49.0,-77.827152,39.595292,,0.0,False,0.0,0.0,,Low likelihood. GFM negative 0% HEFAS negative ?km web: no specific flood news found for this year
ALLEGHENY_LUDLUM_LLC,0,0.0,,1,90.0,2021-12,1,6.9,49.0,-79.611174,40.640126,,0.0,False,0.0,0.0,,Low likelihood. GFM negative 0% HEFAS negative ?km web: no specific flood news found for this year
ALON_REFINING_KROTZ_SPRINGS_INC,0,0.0,,1,63.0,2021-12,1,11.1,49.0,-91.748373,30.526543,,0.0,False,0.0,0.0,,Low likelihood. GFM negative 0% HEFAS negative ?km web: no specific flood news found for this year
AMCOR_MASONRY_PRODUCTS,0,0.0,,1,16.0,2021-12,1,22.4,49.0,-111.933327,40.837451,,0.0,False,0.0,0.0,,Low likelihood. GFM negative 0% HEFAS negative ?km web: no specific flood news found for this year
AMEREN_CORP_GRAND_TOWER_POWER_STATION,0,0.0,,1,53.0,2021-12,1,9.9,49.0,-89.511461,37.658355,,0.0,False,0.0,0.0,,Low likelihood. GFM negative 0% HEFAS negative ?km web: no specific flood news found for this year
AMEREN_MISSOURI_MERAMEC_ENERGY_CENTER,0,0.0,,1,71.0,2021-12,1,12.1,49.0,-90.335929,38.402148,,0.0,False,0.0,0.0,,Low likelihood. GFM negative 0% HEFAS negative ?km web: no specific flood news found for this year
AMEREN_MISSOURI_RUSH_ISLAND_ENERGY_CENTER,1,1.0,2021-02_2021-04_2021-09,1,61.0,2021-12,1,15.1,85.0,-90.262515,38.130584,,0.0,False,0.0,0.0,,Medium likelihood. GFM positive 1% HEFAS negative ?km web: no specific flood news found for this year
AMEREN_MISSOURI_SIOUX_ENERGY_CENTER,0,0.0,,1,74.0,2021-12,1,15.1,49.0,-90.288825,38.915009,,0.0,False,0.0,0.0,,Low likelihood. GFM negative 0% HEFAS negative ?km web: no specific flood news found for this year
AMERICAN_ELECTRIC_POWER_VICTORIA_POWER_STATION,1,5.0,2021-10,1,57.0,2021-12,1,24.4,88.0,-97.010622,28.789038,,0.0,False,0.0,0.0,,Medium likelihood. GFM positive 5% HEFAS negative ?km web: no specific flood news found for this year
AMERICAN_ROCK_PRODUCTS_HANFORD,1,1.0,2021-02,1,43.0,2021-12,1,23.2,80.0,-119.293491,46.317088,,0.0,False,0.0,0.0,,Medium likelihood. GFM positive 1% HEFAS negative ?km web: no specific flood news found for this year
AMERICAN_ROCK_PRODUCTS_PASCO,0,0.0,,1,46.0,2021-12,1,23.1,49.0,-119.24382,46.274675,,0.0,False,0.0,0.0,,Low likelihood. GFM negative 0% HEFAS negative ?km web: no specific flood news found for this year
AMERICAN_SYNTHETIC_RUBBER_CO,0,0.0,,1,57.0,2021-12,1,15.0,49.0,-85.847423,38.209361,,0.0,False,0.0,0.0,,Low likelihood. GFM negative 0% HEFAS negative ?km web: no specific flood news found for this year
AMPHENOL_ANTENNA_SOLUTIONS,0,0.0,,1,39.0,2021-12,1,21.9,49.0,-89.07662,42.215023,,0.0,False,0.0,0.0,,Low likelihood. GFM negative 0% HEFAS negative ?km web: no specific flood news found for this year
AMVAC_CHEMICAL_CORP,0,0.0,,1,42.0,2021-12,1,21.4,49.0,-91.432363,39.831964,,0.0,False,0.0,0.0,,Low likelihood. GFM negative 0% HEFAS negative ?km web: no specific flood news found for this year
ANDREWS_LASER_WORKS,0,0.0,,1,80.0,2021-12,1,12.9,49.0,-84.491328,39.052728,,0.0,False,0.0,0.0,,Low likelihood. GFM negative 0% HEFAS negative ?km web: no specific flood news found for this year
ANDRITZ_INC.,1,6.0,2021-02,1,64.0,2021-12,1,16.7,82.0,-76.79178,41.203598,,0.0,False,0.0,0.0,,Medium likelihood. GFM positive 6% HEFAS negative ?km web: no specific flood news found for this year
APAC-MISSISSIPPI_INC_COLUMBUS_ASPHALT_PLANT,0,0.0,,1,44.0,2021-12,1,7.8,49.0,-88.413882,33.476955,,0.0,False,0.0,0.0,,Low likelihood. GFM negative 0% HEFAS negative ?km web: no specific flood news found for this year
APAC-MISSISSIPPI_PRECISION_PACKAGING,0,0.0,,1,75.0,2021-12,1,9.2,49.0,-90.207561,32.263158,,0.0,False,0.0,0.0,,Low likelihood. GFM negative 0% HEFAS negative ?km web: no specific flood news found for this year
AQUILA._INC._-_PUEBLO_POWER_PLANT,0,0.0,,1,56.0,2021-12,1,16.5,49.0,-104.615071,38.266637,,0.0,False,0.0,0.0,,Low likelihood. GFM negative 0% HEFAS negative ?km web: no specific flood news found for this year
ARCELORMITTAL_ATLANTIQUE_-_LORRAINE,0,0.0,,1,68.0,2021-12,1,14.0,49.0,2.427506,49.253749,,0.0,False,-1.0,-1.0,45.7,Low likelihood. GFM negative 0% HEFAS negative 46km web: no specific flood news found for this year
ARCELORMITTAL_FRANCE,0,0.0,,1,62.0,2021-12,1,18.5,49.0,-1.653996,47.199074,,0.0,False,-1.388410991636798,-1.0,26.8,Low likelihood. GFM negative 0% HEFAS negative 27km web: no specific flood news found for this year
ARCELORMITTAL_LIEGE_sa_COKE-FONTE,0,0.0,,1,82.0,2021-12,1,10.3,49.0,5.54941,50.604472,,9.0,True,-0.9707501280081924,5.0,3.1,Medium likelihood. GFM negative 0% HEFAS positive 3km web: no specific flood news found for this year
ARCELORMITTAL_WINDSOR_A_DIVISION_OF_ARCELORMITTAL_DOFASCO_G.P.,0,0.0,,1,58.0,2021-12,1,18.6,49.0,-83.100191,42.260576,,0.0,False,0.0,0.0,,Low likelihood. GFM negative 0% HEFAS negative ?km web: no specific flood news found for this year
ARCONIC_INC,0,0.0,,1,88.0,2021-12,1,11.4,49.0,-74.893625,44.950418,,0.0,False,0.0,0.0,,Low likelihood. GFM negative 0% HEFAS negative ?km web: no specific flood news found for this year
ARCOSA_LW_BR_LLC_GRAVELITE,0,0.0,,1,6.0,2021-12,1,16.7,49.0,-91.418798,30.534893,,0.0,False,0.0,0.0,,Low likelihood. GFM negative 0% HEFAS negative ?km web: no specific flood news found for this year
ARCOSA_MARINE_COMPONENTS_LLC_PLANT_-_1080_DBA_WINTECH,0,0.0,,1,59.0,2021-12,1,16.8,49.0,-93.653681,32.550891,,0.0,False,0.0,0.0,,Low likelihood. GFM negative 0% HEFAS negative ?km web: no specific flood news found for this year
ARCOSA_MARINE_PRODUCTS_INC._PLT_75,0,0.0,,1,34.0,2021-12,1,22.4,49.0,-89.686627,36.212221,,0.0,False,0.0,0.0,,Low likelihood. GFM negative 0% HEFAS negative ?km web: no specific flood news found for this year
ARCOSA_MARINE_PRODUCTS_INC_PLT_1038,0,0.0,,1,84.0,2021-12,1,13.8,49.0,-90.157643,30.415273,,0.0,False,0.0,0.0,,Low likelihood. GFM negative 0% HEFAS negative ?km web: no specific flood news found for this year
ARCOSA_MARINE_PRODUCTS_INC_PLT_1245,0,0.0,,1,61.0,2021-12,1,10.8,49.0,-88.49485,37.018693,,0.0,False,0.0,0.0,,Low likelihood. GFM negative 0% HEFAS negative ?km web: no specific flood news found for this year
ARCOSA_MARINE_PRODUCTS_INC_PLT_296,0,0.0,,1,89.0,2021-12,1,11.1,49.0,-87.00194,36.220596,,0.0,False,0.0,0.0,,Low likelihood. GFM negative 0% HEFAS negative ?km web: no specific flood news found for this year
ARCOSA_MARINE_PRODUCTS_INC_PLT_73,0,0.0,,1,35.0,2021-12,1,24.7,49.0,-89.701136,36.228416,,0.0,False,0.0,0.0,,Low likelihood. GFM negative 0% HEFAS negative ?km web: no specific flood news found for this year
ARKEMA,0,0.0,,1,70.0,2021-12,1,18.3,49.0,2.500061,49.280015,,0.0,False,-1.0,-1.0,47.4,Low likelihood. GFM negative 0% HEFAS negative 47km web: no specific flood news found for this year
ARKEMA_COATING_RESINS_0,0,0.0,,1,50.0,2021-12,1,15.7,49.0,-94.569448,39.132267,,0.0,False,0.0,0.0,,Low likelihood. GFM negative 0% HEFAS negative ?km web: no specific flood news found for this year
ARKEMA_COATING_RESINS_1,0,0.0,,1,58.0,2021-12,1,15.6,49.0,-90.447226,29.98551,,0.0,False,0.0,0.0,,Low likelihood. GFM negative 0% HEFAS negative ?km web: no specific flood news found for this year
ARKEMA_FRANCE,0,0.0,,1,60.0,2021-12,1,21.0,49.0,4.829996,45.704898,,0.0,False,-1.0,-1.0,20.4,Low likelihood. GFM negative 0% HEFAS negative 20km web: no specific flood news found for this year
ARKEMA_INC_0,0,0.0,,1,61.0,2021-12,1,17.9,49.0,-88.365749,37.056696,,0.0,False,0.0,0.0,,Low likelihood. GFM negative 0% HEFAS negative ?km web: no specific flood news found for this year
ARKEMA_INC_1,0,0.0,,1,52.0,2021-12,1,12.8,49.0,-94.058969,30.060218,,0.0,False,0.0,0.0,,Low likelihood. GFM negative 0% HEFAS negative ?km web: no specific flood news found for this year
ARKEMA_INC_FRANKLIN_PLANT,0,0.0,,1,79.0,2021-12,1,12.8,49.0,-77.001317,36.652015,,0.0,False,0.0,0.0,,Low likelihood. GFM negative 0% HEFAS negative ?km web: no specific flood news found for this year
ARKEMA_Srl_ex-Cray_Valley_Italia,0,0.0,,1,12.0,2021-12,1,25.9,49.0,10.562044,44.896094,,8.0,True,0.018484383000512,4.0,1.2,Medium likelihood. GFM negative 0% HEFAS positive 1km web: no specific flood news found for this year
ARKEMA_Usine_de_Villers_saint_Paul,0,0.0,2021-05,1,60.0,2021-12,1,19.1,60.0,2.509928,49.290071,,0.0,False,-1.0,-1.0,46.1,Low likelihood. GFM negative 0% HEFAS negative 46km web: no specific flood news found for this year
ARMSTRONG_WORLD_INDUSTRIES_INC,1,1.0,2021-01_2021-03,1,65.0,2021-12,1,22.0,100.0,-122.819347,45.839821,,0.0,False,0.0,0.0,,Medium likelihood. GFM positive 1% HEFAS negative ?km web: no specific flood news found for this year
ARMSTRONG_WORLD_INDUSTRIES_INC_MILLWOOD_WV,0,0.0,,1,62.0,2021-12,1,9.7,49.0,-81.837347,38.908456,,0.0,False,0.0,0.0,,Low likelihood. GFM negative 0% HEFAS negative ?km web: no specific flood news found for this year
ASH_GROVE_CEMENT_CO,0,0.0,,1,51.0,2021-12,1,16.8,49.0,-122.780879,45.623516,,0.0,False,0.0,0.0,,Low likelihood. GFM negative 0% HEFAS negative ?km web: no specific flood news found for this year
ASSA_ABLOY_Australia,0,0.0,,1,47.0,2021-12,1,20.2,49.0,152.991085,-27.534493,,0.0,False,0.0,0.0,,Low likelihood. GFM negative 0% HEFAS negative ?km web: no specific flood news found for this year
ASTEC,0,0.0,,1,71.0,2021-12,1,9.8,49.0,-85.288269,34.984113,,0.0,False,0.0,0.0,,Low likelihood. GFM negative 0% HEFAS negative ?km web: no specific flood news found for this year
ASTEC_-_MANUFACTURERS_ROAD,0,0.0,,1,79.0,2021-12,1,15.4,49.0,-85.329045,35.054503,,0.0,False,0.0,0.0,,Low likelihood. GFM negative 0% HEFAS negative ?km web: no specific flood news found for this year
ASTEC_INC,0,0.0,,1,75.0,2021-12,1,11.8,49.0,-85.300578,34.996338,,0.0,False,0.0,0.0,,Low likelihood. GFM negative 0% HEFAS negative ?km web: no specific flood news found for this year
ASTRONICS_PECO_GROUP,0,0.0,,1,57.0,2021-12,1,15.0,49.0,-122.648412,45.488448,,0.0,False,0.0,0.0,,Low likelihood. GFM negative 0% HEFAS negative ?km web: no specific flood news found for this year
ATI_FLAT_ROLLED_PRODUCTS_HOLDINGS_LLC,0,0.0,,1,73.0,2021-12,1,6.3,49.0,-79.729044,40.608133,,0.0,False,0.0,0.0,,Low likelihood. GFM negative 0% HEFAS negative ?km web: no specific flood news found for this year
ATMORE_01-29,1,41.0,2021-03_2021-04_2021-11_2021-12,1,13.0,2021-12,1,46.4,100.0,-112.554543,54.821777,,0.0,False,0.0,0.0,,Medium likelihood. GFM positive 41% HEFAS negative ?km web: no specific flood news found for this year
AUSTIN_SOUTH_PLANT,0,0.0,,1,55.0,2021-12,1,13.0,49.0,-97.682094,30.248177,,0.0,False,0.0,0.0,,Low likelihood. GFM negative 0% HEFAS negative ?km web: no specific flood news found for this year
AUTO_WAX_CO,0,0.0,,1,58.0,2021-12,1,16.6,49.0,-96.883711,32.833637,,0.0,False,0.0,0.0,,Low likelihood. GFM negative 0% HEFAS negative ?km web: no specific flood news found for this year
AXIALL_LLC,0,0.0,,1,54.0,2021-12,1,19.3,49.0,-91.185889,30.262237,,0.0,False,0.0,0.0,,Low likelihood. GFM negative 0% HEFAS negative ?km web: no specific flood news found for this year
AZZ_GALVANIZING-TULSA,0,0.0,,1,38.0,2021-12,1,16.6,49.0,-96.014559,36.133376,,0.0,False,0.0,0.0,,Low likelihood. GFM negative 0% HEFAS negative ?km web: no specific flood news found for this year
AZZ_GALVANIZING_-_CHATTANOOGA_LLC,0,0.0,,1,88.0,2021-12,1,8.6,49.0,-85.63825,35.04828,,0.0,False,0.0,0.0,,Low likelihood. GFM negative 0% HEFAS negative ?km web: no specific flood news found for this year
AZZ_GALVANIZING_-_MORGAN_CITY,0,0.0,,1,73.0,2021-12,1,11.4,49.0,-91.269796,29.691084,,0.0,False,0.0,0.0,,Low likelihood. GFM negative 0% HEFAS negative ?km web: no specific flood news found for this year
AZZ_GALVANIZING_SERVICES-MOSS_POINT,0,0.0,,1,61.0,2021-12,1,16.4,49.0,-88.541656,30.433357,,0.0,False,0.0,0.0,,Low likelihood. GFM negative 0% HEFAS negative ?km web: no specific flood news found for this year
A_B_Paterson,0,0.0,,1,55.0,2021-12,1,16.8,49.0,-90.025762,30.015845,,0.0,False,0.0,0.0,,Low likelihood. GFM negative 0% HEFAS negative ?km web: no specific flood news found for this year
Aerostructures_Division,0,0.0,,1,53.0,2021-12,1,19.5,49.0,-122.945265,49.150082,,0.0,False,0.0,0.0,,Low likelihood. GFM negative 0% HEFAS negative ?km web: no specific flood news found for this year
Air_Products_-_Geismar_3_HYCO,0,0.0,,1,62.0,2021-12,1,14.1,49.0,-91.017403,30.196493,,0.0,False,0.0,0.0,,Low likelihood. GFM negative 0% HEFAS negative ?km web: no specific flood news found for this year
Air_Products_Nederland_BV_Botlek,0,0.0,,1,53.0,2021-12,1,17.7,49.0,4.259337,51.878949,,0.0,False,-2.0,-2.0,83.8,Low likelihood. GFM negative 0% HEFAS negative 84km web: no specific flood news found for this year
Air_Products_Nederland_BV_Pernis__0,0,0.0,,1,21.0,2021-12,1,23.8,49.0,4.330147,51.888454,,0.0,False,-2.0,-2.0,83.0,Low likelihood. GFM negative 0% HEFAS negative 83km web: no specific flood news found for this year
Air_Products_Nederland_BV_Pernis__1,0,0.0,,1,21.0,2021-12,1,23.8,49.0,4.330147,51.888454,,0.0,False,-2.0,-2.0,83.0,Low likelihood. GFM negative 0% HEFAS negative 83km web: no specific flood news found for this year
Air_Products_and_Chemicals._Inc.,0,0.0,,1,72.0,2021-12,1,12.3,49.0,-84.503992,39.182958,,0.0,False,0.0,0.0,,Low likelihood. GFM negative 0% HEFAS negative ?km web: no specific flood news found for this year
Air_Products_and_Chemicals_Inc._Luling_SMR_Facility,0,0.0,,1,38.0,2021-12,1,16.9,49.0,-90.346951,29.930631,,0.0,False,0.0,0.0,,Low likelihood. GFM negative 0% HEFAS negative ?km web: no specific flood news found for this year
Airbus_Helicopters_Deutschland_GmbH,0,0.0,,1,49.0,2021-12,1,21.8,49.0,10.771068,48.710931,,15.0,True,0.0458589349718382,5.0,2.2,Medium likelihood. GFM negative 0% HEFAS positive 2km web: no specific flood news found for this year
Airbus_Operations_GmbH_0,0,0.0,,1,58.0,2021-12,1,19.8,49.0,9.837118,53.541647,,6.0,True,0.0185185185185185,5.0,8.8,Medium likelihood. GFM negative 0% HEFAS positive 9km web: no specific flood news found for this year
Airbus_Operations_GmbH_1,0,0.0,,1,58.0,2021-12,1,19.8,49.0,9.837118,53.541647,,6.0,True,0.0185185185185185,5.0,8.8,Medium likelihood. GFM negative 0% HEFAS positive 9km web: no specific flood news found for this year
Akuinu_04-06,0,0.0,,1,62.0,2021-12,1,18.9,49.0,-114.302735,54.763601,,0.0,False,0.0,0.0,,Low likelihood. GFM negative 0% HEFAS negative ?km web: no specific flood news found for this year
AkzoNobel_Wood_Coatings_Winnipeg,0,0.0,,1,42.0,2021-12,1,24.3,49.0,-97.173262,49.842088,,0.0,False,0.0,0.0,,Low likelihood. GFM negative 0% HEFAS negative ?km web: no specific flood news found for this year
Akzo_Nobel_Pty_Limited,0,0.0,,1,60.0,2021-12,1,14.0,49.0,153.012705,-27.510253,,0.0,False,0.0,0.0,,Low likelihood. GFM negative 0% HEFAS negative ?km web: no specific flood news found for this year
Antero_Midstream_LLC-_160A_Basin,0,0.0,,1,84.0,2021-12,1,5.8,49.0,-105.000667,39.751999,,0.0,False,0.0,0.0,,Low likelihood. GFM negative 0% HEFAS negative ?km web: no specific flood news found for this year
Antero_Midstream_LLC-_160_Basin,0,0.0,,1,84.0,2021-12,1,5.8,49.0,-105.000667,39.751999,,0.0,False,0.0,0.0,,Low likelihood. GFM negative 0% HEFAS negative ?km web: no specific flood news found for this year
Antero_Resources_-_160_-_Appalachian_Basin_Utica,0,0.0,,1,77.0,2021-12,1,7.2,49.0,-105.000219,39.754111,,0.0,False,0.0,0.0,,Low likelihood. GFM negative 0% HEFAS negative ?km web: no specific flood news found for this year
Appalachian_Facility,0,0.0,,1,80.0,2021-12,1,8.0,46.0,-81.633248,38.350834,,0.0,False,0.0,0.0,,Low likelihood. GFM negative 0% HEFAS negative ?km web: no specific flood news found for this year
ArcelorMittal_Bremen_GmbH,0,0.0,,1,57.0,2021-12,1,14.6,49.0,8.686765,53.125005,,3.0,True,0.0053763440860215,2.0,1.8,Medium likelihood. GFM negative 0% HEFAS positive 2km web: no specific flood news found for this year
ArcelorMittal_Bremen_GmbH_BREMA_Walzwerk_GmbH,0,0.0,,1,57.0,2021-12,1,14.6,49.0,8.686765,53.125005,,3.0,True,0.0053763440860215,2.0,1.8,Medium likelihood. GFM negative 0% HEFAS positive 2km web: no specific flood news found for this year
ArcelorMittal_Contrecoeur_Est,0,0.0,,1,70.0,2021-12,1,16.8,49.0,-73.261026,45.83366,,0.0,False,0.0,0.0,,Low likelihood. GFM negative 0% HEFAS negative ?km web: no specific flood news found for this year
ArcelorMittal_Hamburg_GmbH,0,0.0,,1,70.0,2021-12,1,22.4,49.0,9.898327,53.523012,,5.0,True,0.0138888888888888,3.0,5.4,Medium likelihood. GFM negative 0% HEFAS positive 5km web: no specific flood news found for this year
ArcelorMittal_Hochfeld_GmbH,0,0.0,,1,61.0,2021-12,1,21.7,49.0,6.748578,51.413321,,19.0,True,0.0797491039426523,5.0,4.9,Medium likelihood. GFM negative 0% HEFAS positive 5km web: no specific flood news found for this year
Archer_Daniels_Midland_Europoort_BV_ADM,0,0.0,,1,75.0,2021-12,1,35.4,49.0,4.122492,51.955936,,0.0,False,-2.0,-2.0,95.6,Low likelihood. GFM negative 0% HEFAS negative 96km web: no specific flood news found for this year
Ardmore_05-21,1,8.0,2021-04_2021-10_2021-11_2021-12,1,49.0,2021-12,1,44.1,100.0,-110.402163,54.375208,,0.0,False,0.0,0.0,,Medium likelihood. GFM positive 8% HEFAS negative ?km web: no specific flood news found for this year
Ardmore_Compressor_Station_03-01-063-03W4,0,0.0,,1,71.0,2021-12,1,18.5,49.0,-110.326195,54.414269,,0.0,False,0.0,0.0,,Low likelihood. GFM negative 0% HEFAS negative ?km web: no specific flood news found for this year
Arkema_B.V._Location_Brummen,0,0.0,,1,31.0,2021-12,1,24.2,49.0,6.15402,52.103065,,7.0,True,0.0120967741935483,2.0,29.0,Medium likelihood. GFM negative 0% HEFAS positive 29km web: no specific flood news found for this year
Arkema_B.V._location_Rotterdam_0,0,0.0,,1,49.0,2021-12,1,28.4,49.0,4.335866,51.889814,,0.0,False,-2.0,-2.0,83.0,Low likelihood. GFM negative 0% HEFAS negative 83km web: no specific flood news found for this year
Arkema_B.V._location_Rotterdam_1,0,0.0,,1,49.0,2021-12,1,28.4,49.0,4.335866,51.889814,,0.0,False,-2.0,-2.0,83.0,Low likelihood. GFM negative 0% HEFAS negative 83km web: no specific flood news found for this year
Arsenal_Hill_Power_Plant,0,0.0,,1,72.0,2021-12,1,14.7,49.0,-93.761089,32.518126,,0.0,False,0.0,0.0,,Low likelihood. GFM negative 0% HEFAS negative ?km web: no specific flood news found for this year
Aufwind_Schmack_Els__Biog_z_Szolg_ltat_Kft.,1,27.0,2021-04_2021-05,1,4.0,2021-12,1,47.3,99.0,20.623781,46.857621,,12.0,True,-0.6430491551459293,2.0,7.8,High likelihood. GFM positive 27% HEFAS positive 8km web: no specific flood news found for this year
Aurubis_AG,0,0.0,,1,65.0,2021-12,1,17.6,49.0,10.034982,53.518009,,5.0,True,0.0011051373954599,3.0,5.3,Medium likelihood. GFM negative 0% HEFAS positive 5km web: no specific flood news found for this year
Avista_Corporation,0,0.0,,1,53.0,2021-12,1,17.8,49.0,-117.390075,47.659969,,0.0,False,0.0,0.0,,Low likelihood. GFM negative 0% HEFAS negative ?km web: no specific flood news found for this year
Avista_Corporation-OR,0,0.0,,1,53.0,2021-12,1,17.8,49.0,-117.390075,47.659969,,0.0,False,0.0,0.0,,Low likelihood. GFM negative 0% HEFAS negative ?km web: no specific flood news found for this year
Avista_Corporation-WA,0,0.0,,1,53.0,2021-12,1,17.8,49.0,-117.390075,47.659969,,0.0,False,0.0,0.0,,Low likelihood. GFM negative 0% HEFAS negative ?km web: no specific flood news found for this year
Axiall._LLC,0,0.0,,1,46.0,2021-12,1,22.9,49.0,-91.18422,30.265373,,0.0,False,0.0,0.0,,Low likelihood. GFM negative 0% HEFAS negative ?km web: no specific flood news found for this year
BALDWIN_FILTERS_INC,0,0.0,2021-02_2021-04,1,25.0,2021-12,1,32.2,90.0,-97.345945,42.887143,,0.0,False,0.0,0.0,,Low likelihood. GFM negative 0% HEFAS negative ?km web: no specific flood news found for this year
BALL_METAL_FOOD_CONTAINER_LLC,0,0.0,,1,70.0,2021-12,1,6.0,49.0,-80.623071,40.388617,,0.0,False,0.0,0.0,,Low likelihood. GFM negative 0% HEFAS negative ?km web: no specific flood news found for this year
BALL_PACKAGING_PRODUCTS_CANADA_CORP._RICHMOND,1,1.0,2021-10,1,49.0,2021-12,1,20.1,100.0,-123.070503,49.19853,,0.0,False,0.0,0.0,,Medium likelihood. GFM positive 1% HEFAS negative ?km web: no specific flood news found for this year
BANTA_TERMINAL_CHEVRON_PRODUCTS_CO,0,0.0,,1,13.0,2021-12,1,31.0,49.0,-121.348048,37.750819,,0.0,False,0.0,0.0,,Low likelihood. GFM negative 0% HEFAS negative ?km web: no specific flood news found for this year
BARRY_STEAM_PLANT,0,0.0,,1,57.0,2021-12,1,12.2,49.0,-88.014127,31.0043,,0.0,False,0.0,0.0,,Low likelihood. GFM negative 0% HEFAS negative ?km web: no specific flood news found for this year
BASF_AGRI-PRODUCTION_SAS,0,0.0,,1,57.0,2021-12,1,15.4,49.0,1.003135,49.307961,,0.0,False,-1.0,-1.0,15.7,Low likelihood. GFM negative 0% HEFAS negative 16km web: no specific flood news found for this year
BASF_CORP_-_FREEPORT_SITE,0,0.0,,1,68.0,2021-12,1,12.1,49.0,-95.399766,29.002078,,0.0,False,0.0,0.0,,Low likelihood. GFM negative 0% HEFAS negative ?km web: no specific flood news found for this year
BASF_CORP_-_HANNIBAL_SITE,0,0.0,,1,40.0,2021-12,1,22.8,49.0,-91.436807,39.834132,,0.0,False,0.0,0.0,,Low likelihood. GFM negative 0% HEFAS negative ?km web: no specific flood news found for this year
BASF_CORP_-_HARBOR_TERM_INAL,0,0.0,,1,49.0,2021-12,1,18.9,49.0,-95.338408,28.936285,,0.0,False,0.0,0.0,,Low likelihood. GFM negative 0% HEFAS negative ?km web: no specific flood news found for this year
BASF_CORP_-_PORT_ALLEN_WO_RKS,0,0.0,,1,39.0,2021-12,1,20.4,49.0,-91.226879,30.498897,,0.0,False,0.0,0.0,,Low likelihood. GFM negative 0% HEFAS negative ?km web: no specific flood news found for this year
BASF_CORP_-_VIDALIA_WORKS,1,4.0,2021-01,1,31.0,2021-12,1,28.5,93.0,-91.447055,31.551009,,0.0,False,0.0,0.0,,Medium likelihood. GFM positive 4% HEFAS negative ?km web: no specific flood news found for this year
BASF_CORP_0,0,0.0,,1,74.0,2021-12,1,17.4,49.0,-75.085759,40.832312,,0.0,False,0.0,0.0,,Low likelihood. GFM negative 0% HEFAS negative ?km web: no specific flood news found for this year
BASF_CORP_1,0,0.0,,1,83.0,2021-12,1,6.5,49.0,-80.347567,40.660559,,0.0,False,0.0,0.0,,Low likelihood. GFM negative 0% HEFAS negative ?km web: no specific flood news found for this year
BASF_CORP_10,0,0.0,,1,53.0,2021-12,1,15.6,49.0,-117.851542,33.822957,,0.0,False,0.0,0.0,,Low likelihood. GFM negative 0% HEFAS negative ?km web: no specific flood news found for this year
BASF_CORP_2,0,0.0,,1,84.0,2021-12,1,9.2,49.0,-75.277271,39.889033,,0.0,False,0.0,0.0,,Low likelihood. GFM negative 0% HEFAS negative ?km web: no specific flood news found for this year
BASF_CORP_3,0,0.0,,1,63.0,2021-12,1,8.5,49.0,-87.981944,31.26402,,0.0,False,0.0,0.0,,Low likelihood. GFM negative 0% HEFAS negative ?km web: no specific flood news found for this year
BASF_CORP_4,0,0.0,,1,56.0,2021-12,1,11.5,49.0,-85.258936,35.093039,,0.0,False,0.0,0.0,,Low likelihood. GFM negative 0% HEFAS negative ?km web: no specific flood news found for this year
BASF_CORP_5,0,0.0,,1,60.0,2021-12,1,12.0,49.0,-85.803285,38.272271,,0.0,False,0.0,0.0,,Low likelihood. GFM negative 0% HEFAS negative ?km web: no specific flood news found for this year
BASF_CORP_6,0,0.0,,1,66.0,2021-12,1,13.3,49.0,-84.504024,39.178235,,0.0,False,0.0,0.0,,Low likelihood. GFM negative 0% HEFAS negative ?km web: no specific flood news found for this year
BASF_CORP_7,0,0.0,,1,71.0,2021-12,1,12.5,49.0,-90.457936,38.560805,,0.0,False,0.0,0.0,,Low likelihood. GFM negative 0% HEFAS negative ?km web: no specific flood news found for this year
BASF_CORP_8,0,0.0,,1,78.0,2021-12,1,14.5,49.0,-91.003468,30.197845,,0.0,False,0.0,0.0,,Low likelihood. GFM negative 0% HEFAS negative ?km web: no specific flood news found for this year
BASF_CORP_9,1,10.0,2021-03_2021-04,1,41.0,2021-12,1,32.1,98.0,-90.096862,35.136014,,0.0,False,0.0,0.0,,Medium likelihood. GFM positive 10% HEFAS negative ?km web: 2019 Midwestern U.S. floods (Mississippi/Missouri) https://en.wikipedia.org/wiki/2019_Midwestern_U.S._floods
BASF_Catalysts_Germany_GmbH_Adsorbentien,0,0.0,,1,62.0,2021-12,1,16.3,49.0,9.205465,52.656178,,0.0,False,-0.0238351254480286,0.0,1.3,Low likelihood. GFM negative 0% HEFAS negative 1km web: no specific flood news found for this year
BASF_ESPA_OLA_CASTELLBISBAL,0,0.0,,1,72.0,2021-12,1,11.9,38.0,1.990026,41.444975,,12.0,True,0.0399044205495818,4.0,6.3,Medium likelihood. GFM negative 0% HEFAS positive 6km web: no specific flood news found for this year
BASF_EX_COGNIS_FRANCE_SIDOBRE_SINNOVA,1,11.0,2021-02_2021-05,1,66.0,2021-12,1,26.5,100.0,2.927473,48.948533,,0.0,False,-1.0,-1.0,41.7,Medium likelihood. GFM positive 11% HEFAS negative 42km web: no specific flood news found for this year
BASF_Lampertheim_GmbH,1,4.0,2021-05,1,40.0,2021-12,1,22.7,82.0,8.440084,49.618332,,13.0,True,0.0260112647209421,3.0,4.8,High likelihood. GFM positive 4% HEFAS positive 5km web: no specific flood news found for this year
BASF_NORTH_GEISMAR_SITE,0,0.0,,1,49.0,2021-12,1,20.9,49.0,-91.009575,30.18762,,0.0,False,0.0,0.0,,Low likelihood. GFM negative 0% HEFAS negative ?km web: no specific flood news found for this year
BASF_Nederland_B.V._De_Meern,0,0.0,,1,52.0,2021-12,1,19.5,49.0,5.053981,52.074737,,0.0,False,-1.3333333333333333,0.0,76.9,Low likelihood. GFM negative 0% HEFAS negative 77km web: no specific flood news found for this year
BASF_SE,0,0.0,,1,57.0,2021-12,1,17.8,49.0,8.446078,49.524715,,19.0,True,0.0442908346134152,3.0,7.8,Medium likelihood. GFM negative 0% HEFAS positive 8km web: no specific flood news found for this year
BATH_IRON_WORKS,0,0.0,,1,60.0,2021-12,1,11.1,49.0,-69.815048,43.910017,,0.0,False,0.0,0.0,,Low likelihood. GFM negative 0% HEFAS negative ?km web: no specific flood news found for this year
BAXTER_HEALTHCARE_CORP.,0,0.0,,1,32.0,2021-12,1,24.4,49.0,-90.716978,33.764424,,0.0,False,0.0,0.0,,Low likelihood. GFM negative 0% HEFAS negative ?km web: no specific flood news found for this year
BAYER_CROPSCIENCE,0,0.0,,1,50.0,2021-12,1,16.0,49.0,-94.473436,39.121427,,0.0,False,0.0,0.0,,Low likelihood. GFM negative 0% HEFAS negative ?km web: no specific flood news found for this year
BAYER_CROPSCIENCE_LP_0,1,5.0,2021-02,1,72.0,2021-12,1,19.7,96.0,-91.081684,41.350415,,0.0,False,0.0,0.0,,Medium likelihood. GFM positive 5% HEFAS negative ?km web: no specific flood news found for this year
BAYER_CROPSCIENCE_LP_1,0,0.0,,1,58.0,2021-12,1,17.9,49.0,-90.352159,29.924445,,0.0,False,0.0,0.0,,Low likelihood. GFM negative 0% HEFAS negative ?km web: no specific flood news found for this year
BCP_INGREDIENTS_INC,0,0.0,,1,76.0,2021-12,1,17.8,49.0,-91.088862,30.249103,,0.0,False,0.0,0.0,,Low likelihood. GFM negative 0% HEFAS negative ?km web: no specific flood news found for this year
BC_COBB_GENERATING_PLANT,0,0.0,,1,50.0,2019-12,1,12.7,49.0,-86.241823,43.254966,,0.0,False,0.0,0.0,,Low likelihood. GFM negative 0% HEFAS negative ?km web: no specific flood news found for this year
BEACON_COLONY_01-13,1,9.0,2021-02_2021-03,1,58.0,2021-12,1,28.4,100.0,-109.613916,54.356479,,0.0,False,0.0,0.0,,Medium likelihood. GFM positive 9% HEFAS negative ?km web: no specific flood news found for this year
BEACON_HILL_NORTH_13-23,1,2.0,2021-03,1,55.0,2021-12,1,27.1,74.0,-109.808182,54.294464,,0.0,False,0.0,0.0,,Medium likelihood. GFM positive 2% HEFAS negative ?km web: no specific flood news found for this year
BECTON_DICKINSON_CO,0,0.0,,1,26.0,2021-12,1,24.0,49.0,-97.319424,41.436024,,0.0,False,0.0,0.0,,Low likelihood. GFM negative 0% HEFAS negative ?km web: no specific flood news found for this year
BEHR_PROCESS_CORP_-_ALTON,0,0.0,,1,52.0,2021-12,1,16.7,49.0,-117.890413,33.703655,,0.0,False,0.0,0.0,,Low likelihood. GFM negative 0% HEFAS negative ?km web: no specific flood news found for this year
BEHR_PROCESS_CORP_-_GARRY_YALE,0,0.0,,1,51.0,2021-12,1,16.6,49.0,-117.915675,33.70556,,0.0,False,0.0,0.0,,Low likelihood. GFM negative 0% HEFAS negative ?km web: no specific flood news found for this year
BELLEMEADE_POWER_STATION,0,0.0,,1,77.0,2021-12,1,9.5,49.0,-77.432213,37.496706,,0.0,False,0.0,0.0,,Low likelihood. GFM negative 0% HEFAS negative ?km web: no specific flood news found for this year
BELTON_READY_MIX,0,0.0,,1,57.0,2021-12,1,17.6,49.0,-97.441623,31.053024,,0.0,False,0.0,0.0,,Low likelihood. GFM negative 0% HEFAS negative ?km web: no specific flood news found for this year
BENTONITE_PERFORMANCE_MINERALS-COLONY,1,3.0,2021-08,1,86.0,2021-12,1,15.0,99.0,-103.851722,44.68102,,0.0,False,0.0,0.0,,Medium likelihood. GFM positive 3% HEFAS negative ?km web: no specific flood news found for this year
BETHLEHEM_ENERGY_CENTER,0,0.0,,1,63.0,2021-12,1,8.5,49.0,-73.761113,42.593679,,0.0,False,0.0,0.0,,Low likelihood. GFM negative 0% HEFAS negative ?km web: no specific flood news found for this year
BF_GOODRICH_TIRE_MANUFACTURING_0,1,1.0,2021-05,1,36.0,2021-12,1,20.7,68.0,-84.904627,41.135795,,0.0,False,0.0,0.0,,Medium likelihood. GFM positive 1% HEFAS negative ?km web: no specific flood news found for this year
BF_GOODRICH_TIRE_MANUFACTURING_1,0,0.0,2021-05,1,37.0,2021-12,1,20.2,64.0,-84.905138,41.136223,,0.0,False,0.0,0.0,,Low likelihood. GFM negative 0% HEFAS negative ?km web: no specific flood news found for this year
BIC_CONSUMER_PRODUCTS_MANUFACTURING_CO_INC,0,0.0,,1,86.0,2021-12,1,9.9,49.0,-73.101472,41.221197,,0.0,False,0.0,0.0,,Low likelihood. GFM negative 0% HEFAS negative ?km web: no specific flood news found for this year
BIG_HEART_PET_BRANDS,0,0.0,,1,29.0,2021-12,1,15.9,49.0,-95.724966,39.086672,,0.0,False,0.0,0.0,,Low likelihood. GFM negative 0% HEFAS negative ?km web: no specific flood news found for this year
BIG_HEART_PET_BRANDS_INC,1,1.0,2021-02,1,62.0,2021-12,1,15.2,76.0,-76.345402,41.026027,,0.0,False,0.0,0.0,,Medium likelihood. GFM positive 1% HEFAS negative ?km web: no specific flood news found for this year
BIG_RIVER_LANDFILL,1,34.0,2021-02_2021-04,1,32.0,2021-12,1,42.3,100.0,-90.906635,33.395555,,0.0,False,0.0,0.0,,Medium likelihood. GFM positive 34% HEFAS negative ?km web: no specific flood news found for this year
BLACK_HILLS_ENERGY_-_WN_CLARK_STAT_ION,0,0.0,,1,60.0,2021-12,1,16.3,49.0,-105.250714,38.434721,,0.0,False,0.0,0.0,,Low likelihood. GFM negative 0% HEFAS negative ?km web: no specific flood news found for this year
BLANCHARD_TERMINAL_CO_-_JACKSONVILLE_FL_TERMINAL,0,0.0,,1,39.0,2021-12,1,10.6,49.0,-81.605458,30.414275,,0.0,False,0.0,0.0,,Low likelihood. GFM negative 0% HEFAS negative ?km web: no specific flood news found for this year
BLANCHETT_11-32,0,0.0,,1,57.0,2021-12,1,20.2,49.0,-113.31101,56.844236,,0.0,False,0.0,0.0,,Low likelihood. GFM negative 0% HEFAS negative ?km web: no specific flood news found for this year
BLIND_RIVER_REFINERY,0,0.0,,1,85.0,2021-12,1,13.5,49.0,-83.017184,46.179914,,0.0,False,0.0,0.0,,Low likelihood. GFM negative 0% HEFAS negative ?km web: no specific flood news found for this year
BLUESCOPE_BUILDINGS_N.A._INC.,0,0.0,,1,36.0,2021-12,1,18.8,49.0,-94.892059,39.718922,,0.0,False,0.0,0.0,,Low likelihood. GFM negative 0% HEFAS negative ?km web: no specific flood news found for this year
BLUE_CUBE_OPERATIONS_LLC_-_PLAQUEMINE_SITE,0,0.0,,1,55.0,2021-12,1,22.6,49.0,-91.240577,30.313912,,0.0,False,0.0,0.0,,Low likelihood. GFM negative 0% HEFAS negative ?km web: no specific flood news found for this year
BMW_Werk_02.10,0,0.0,,1,51.0,2021-12,1,18.7,49.0,12.492306,48.638871,,9.0,True,0.0199522102747909,4.0,15.3,Medium likelihood. GFM negative 0% HEFAS positive 15km web: no specific flood news found for this year
BMW_Werk_4.1_Ergolding,0,0.0,,1,62.0,2021-12,1,17.3,49.0,12.151686,48.561329,,14.0,True,0.0415770609318996,4.0,4.0,Medium likelihood. GFM negative 0% HEFAS positive 4km web: no specific flood news found for this year
BMW_Werk_4.1_Landshut,0,0.0,,1,64.0,2021-12,1,16.8,47.0,12.150051,48.560152,,14.0,True,0.0415770609318996,4.0,3.8,Medium likelihood. GFM negative 0% HEFAS positive 4km web: no specific flood news found for this year
BMW_Werk_Dingolfing_02.10,0,0.0,,1,51.0,2021-12,1,18.7,49.0,12.492306,48.638871,,9.0,True,0.0199522102747909,4.0,15.3,Medium likelihood. GFM negative 0% HEFAS positive 15km web: no specific flood news found for this year
BOISE_WHITE_PAPER_LLC,0,0.0,,1,40.0,2021-12,1,11.6,49.0,-118.918362,46.103931,,0.0,False,0.0,0.0,,Low likelihood. GFM negative 0% HEFAS negative ?km web: no specific flood news found for this year
BPXA_GATHERING_CENTER_1_0,1,13.0,2021-02_2021-03_2021-05_2021-06_2021-07_2021-08,1,17.0,2021-12,1,38.8,100.0,-148.729251,70.305989,,0.0,False,0.0,0.0,,Medium likelihood. GFM positive 13% HEFAS negative ?km web: no specific flood news found for this year
BPXA_GATHERING_CENTER_1_1,1,13.0,2021-02_2021-03_2021-05_2021-06_2021-07_2021-08,1,17.0,2021-12,1,38.8,100.0,-148.729251,70.305989,,0.0,False,0.0,0.0,,Medium likelihood. GFM positive 13% HEFAS negative ?km web: no specific flood news found for this year
BPXA_GATHERING_CENTER_2_0,1,28.0,2021-02_2021-03_2021-04_2021-05_2021-07_2021-08,1,20.0,2021-12,1,47.4,100.0,-148.86306,70.310945,,0.0,False,0.0,0.0,,Medium likelihood. GFM positive 28% HEFAS negative ?km web: no specific flood news found for this year
BPXA_GATHERING_CENTER_2_1,1,28.0,2021-02_2021-03_2021-04_2021-05_2021-07_2021-08,1,20.0,2021-12,1,47.4,100.0,-148.86306,70.310945,,0.0,False,0.0,0.0,,Medium likelihood. GFM positive 28% HEFAS negative ?km web: no specific flood news found for this year
BPXA_GATHERING_CENTER_3,0,0.0,,1,14.0,2021-12,1,29.5,49.0,-148.683496,70.283974,,0.0,False,0.0,0.0,,Low likelihood. GFM negative 0% HEFAS negative ?km web: no specific flood news found for this year
BRISTOL_METALS_LLC_-_MUNHALL_PLANT,0,0.0,,1,70.0,2021-12,1,7.1,49.0,-79.891727,40.409074,,0.0,False,0.0,0.0,,Low likelihood. GFM negative 0% HEFAS negative ?km web: no specific flood news found for this year
BRITTAIN_MACHINE_INC,0,0.0,,1,43.0,2021-12,1,19.3,40.0,-97.379925,37.648707,,0.0,False,0.0,0.0,,Low likelihood. GFM negative 0% HEFAS negative ?km web: no specific flood news found for this year
BURAS,1,1.0,2021-11,1,32.0,2021-12,1,18.1,100.0,-89.538255,29.357823,,0.0,False,0.0,0.0,,Medium likelihood. GFM positive 1% HEFAS negative ?km web: no specific flood news found for this year
BURLINGTON_GENERATING_STATION_0,0,0.0,,1,46.0,2021-12,1,20.8,49.0,-74.875902,40.0715,,0.0,False,0.0,0.0,,Low likelihood. GFM negative 0% HEFAS negative ?km web: no specific flood news found for this year
BURLINGTON_GENERATING_STATION_1,0,0.0,,1,30.0,2021-12,1,14.0,49.0,-91.117032,40.741095,,0.0,False,0.0,0.0,,Low likelihood. GFM negative 0% HEFAS negative ?km web: no specific flood news found for this year
BURNSVILLE_SANITARY_LANDFILL,0,0.0,,1,65.0,2021-12,1,14.9,49.0,-93.31808,44.785402,,0.0,False,0.0,0.0,,Low likelihood. GFM negative 0% HEFAS negative ?km web: no specific flood news found for this year
BUTTERBALL._LLC,0,0.0,,1,53.0,2021-12,1,13.4,49.0,-93.819637,35.485182,,0.0,False,0.0,0.0,,Low likelihood. GFM negative 0% HEFAS negative ?km web: no specific flood news found for this year
BUTTERBALL_LLC,0,0.0,,1,54.0,2021-12,1,15.7,49.0,-93.730717,35.42225,,0.0,False,0.0,0.0,,Low likelihood. GFM negative 0% HEFAS negative ?km web: no specific flood news found for this year
BWXT_NUCLEAR_OPERATIONS_GROUP_INC.,0,0.0,,1,99.0,2021-12,1,2.8,22.0,-79.051789,37.408611,,0.0,False,0.0,0.0,,Low likelihood. GFM negative 0% HEFAS negative ?km web: no specific flood news found for this year
Balgowan_Oilfield,0,0.0,,1,59.0,2021-12,1,24.4,49.0,139.472689,-27.611681,,0.0,False,0.0,0.0,,Low likelihood. GFM negative 0% HEFAS negative ?km web: no specific flood news found for this year
Barre_Generating_Station,0,0.0,,1,57.0,2021-12,1,15.8,49.0,-117.9834,33.807351,,0.0,False,0.0,0.0,,Low likelihood. GFM negative 0% HEFAS negative ?km web: no specific flood news found for this year
Barry,0,0.0,,1,57.0,2021-12,1,13.3,49.0,-88.010313,31.006889,,0.0,False,0.0,0.0,,Low likelihood. GFM negative 0% HEFAS negative ?km web: no specific flood news found for this year
Bayer_AG._Division_Crop_Science,0,0.0,,1,65.0,2021-12,1,16.2,49.0,8.545108,50.088576,,16.0,True,0.0271185355862775,3.0,10.6,Medium likelihood. GFM negative 0% HEFAS positive 11km web: no specific flood news found for this year
Bayer_CropScience_LP,1,11.0,2021-02,1,56.0,2021-12,1,25.4,96.0,-91.083882,41.35218,,0.0,False,0.0,0.0,,Medium likelihood. GFM positive 11% HEFAS negative ?km web: no specific flood news found for this year
Beacon_Hill_North_Comp_Stn_13-23,1,2.0,2021-03,1,42.0,2021-12,1,31.5,74.0,-109.801737,54.295843,,0.0,False,0.0,0.0,,Medium likelihood. GFM positive 2% HEFAS negative ?km web: no specific flood news found for this year
Beaver,0,0.0,,1,69.0,2021-12,1,22.5,49.0,-123.175024,46.172751,,0.0,False,0.0,0.0,,Low likelihood. GFM negative 0% HEFAS negative ?km web: no specific flood news found for this year
Belle_River,0,0.0,,1,59.0,2021-12,1,12.6,49.0,-82.494487,42.774815,,0.0,False,0.0,0.0,,Low likelihood. GFM negative 0% HEFAS negative ?km web: no specific flood news found for this year
Bergrum_1-6,0,0.0,,1,59.0,2021-12,1,20.7,49.0,16.228428,58.61834,,5.0,True,-0.6523297491039426,4.0,19.8,Medium likelihood. GFM negative 0% HEFAS positive 20km web: no specific flood news found for this year
Bergrum_7,0,0.0,,1,66.0,2021-12,1,16.5,49.0,16.231165,58.620846,,5.0,True,-0.6523297491039426,4.0,20.1,Medium likelihood. GFM negative 0% HEFAS positive 20km web: no specific flood news found for this year
Bergrum_8,0,0.0,,1,59.0,2021-12,1,20.7,49.0,16.228428,58.61834,,5.0,True,-0.6523297491039426,4.0,19.8,Medium likelihood. GFM negative 0% HEFAS positive 20km web: no specific flood news found for this year
Bethlehem_Energy_Center_Albany,0,0.0,,1,69.0,2021-12,1,7.6,49.0,-73.76358,42.590542,,0.0,False,0.0,0.0,,Low likelihood. GFM negative 0% HEFAS negative ?km web: no specific flood news found for this year
Big_Sandy,0,0.0,,1,74.0,2021-12,1,11.2,49.0,-82.617642,38.170684,,0.0,False,0.0,0.0,,Low likelihood. GFM negative 0% HEFAS negative ?km web: no specific flood news found for this year
Black_Dog,1,2.0,2021-02,1,40.0,2021-12,1,10.6,78.0,-93.250124,44.810786,,0.0,False,0.0,0.0,,Medium likelihood. GFM positive 2% HEFAS negative ?km web: no specific flood news found for this year
Bobcat,0,0.0,,1,86.0,2021-12,1,10.3,49.0,-91.915743,30.541587,,0.0,False,0.0,0.0,,Low likelihood. GFM negative 0% HEFAS negative ?km web: no specific flood news found for this year
Boliden_Harjavalta_Oy._Harjavallan_tehtaat,0,0.0,,1,52.0,2021-12,1,17.0,49.0,22.123553,61.319873,,0.0,False,-1.0,-1.0,38.7,Low likelihood. GFM negative 0% HEFAS negative 39km web: no specific flood news found for this year
Boliden_Harjavalta_Oy._Porin_kuparielektrolyysi,0,0.0,,1,52.0,2021-12,1,22.7,49.0,21.868083,61.459316,,0.0,False,-1.0,-1.0,54.4,Low likelihood. GFM negative 0% HEFAS negative 54km web: no specific flood news found for this year
Bonavista_02_08-17-008-22W4,1,6.0,2021-01_2021-02_2021-04_2021-11_2021-12,1,55.0,2021-12,1,31.7,100.0,-112.941285,49.647615,,0.0,False,0.0,0.0,,Medium likelihood. GFM positive 6% HEFAS negative ?km web: no specific flood news found for this year
Bp_Canada_Energy_Company_CS_10-06,0,0.0,,1,88.0,2021-12,1,17.6,49.0,-111.200241,54.508468,,0.0,False,0.0,0.0,,Low likelihood. GFM negative 0% HEFAS negative ?km web: no specific flood news found for this year
Brownsville,0,0.0,,1,32.0,2021-12,1,21.4,49.0,-97.42354,25.946176,,0.0,False,0.0,0.0,,Low likelihood. GFM negative 0% HEFAS negative ?km web: no specific flood news found for this year
Budapesti_Er_m__Zrt.,0,0.0,,1,57.0,2021-12,1,19.1,49.0,19.055652,47.463464,,0.0,False,-0.6666666666666666,0.0,1.0,Low likelihood. GFM negative 0% HEFAS negative 1km web: no specific flood news found for this year
Burlington_Generating_Station,0,0.0,,1,43.0,2021-12,1,17.3,49.0,-74.878105,40.075353,,0.0,False,0.0,0.0,,Low likelihood. GFM negative 0% HEFAS negative ?km web: no specific flood news found for this year
Buronga_Hill_Winery,0,0.0,,1,59.0,2021-12,1,27.4,49.0,142.180451,-34.153482,,0.0,False,0.0,0.0,,Low likelihood. GFM negative 0% HEFAS negative ?km web: no specific flood news found for this year
Butlers_Oilfield,0,0.0,,1,91.0,2021-12,1,43.3,49.0,139.277565,-28.021071,,0.0,False,0.0,0.0,,Low likelihood. GFM negative 0% HEFAS negative ?km web: no specific flood news found for this year
CABOT_CORP_-_CANAL_PLANT,0,0.0,,1,98.0,2021-12,1,11.4,49.0,-91.482145,29.734391,,0.0,False,0.0,0.0,,Low likelihood. GFM negative 0% HEFAS negative ?km web: no specific flood news found for this year
CABOT_CORP_0,0,0.0,,1,82.0,2021-12,1,5.6,42.0,-81.390908,39.334562,,0.0,False,0.0,0.0,,Low likelihood. GFM negative 0% HEFAS negative ?km web: no specific flood news found for this year
CABOT_CORP_1,0,0.0,,1,53.0,2021-12,1,13.5,49.0,-85.095784,38.716245,,0.0,False,0.0,0.0,,Low likelihood. GFM negative 0% HEFAS negative ?km web: no specific flood news found for this year
CABOT_CORP_CANAL_PLANT,0,0.0,,1,61.0,2021-12,1,14.6,49.0,-91.4732,29.685734,,0.0,False,0.0,0.0,,Low likelihood. GFM negative 0% HEFAS negative ?km web: no specific flood news found for this year
CALAVERAS_MATERIALS_INC_-_LATHROP_RMC,0,0.0,,1,37.0,2021-12,1,24.8,49.0,-121.265948,37.826364,,0.0,False,0.0,0.0,,Low likelihood. GFM negative 0% HEFAS negative ?km web: no specific flood news found for this year
CALLANAN_INDUSTRIES_ALBANY_ASPHALT_PLANT,0,0.0,,1,61.0,2021-12,1,10.6,49.0,-73.760517,42.617767,,0.0,False,0.0,0.0,,Low likelihood. GFM negative 0% HEFAS negative ?km web: no specific flood news found for this year
CALLAWAY_GOLF_BALL_OPERATIONS_INC,0,0.0,,1,81.0,2021-12,1,12.9,49.0,-72.614627,42.175535,,0.0,False,0.0,0.0,,Low likelihood. GFM negative 0% HEFAS negative ?km web: no specific flood news found for this year
CAMDEN_CNTY_RESOURCE_RECOVERY_ASSOC,0,0.0,,1,59.0,2021-12,1,14.0,49.0,-75.116746,39.909396,,0.0,False,0.0,0.0,,Low likelihood. GFM negative 0% HEFAS negative ?km web: no specific flood news found for this year
CAMERON_INTERNATIONAL_CORP_0,0,0.0,,1,55.0,2021-12,1,13.8,49.0,-91.261603,29.707142,,0.0,False,0.0,0.0,,Low likelihood. GFM negative 0% HEFAS negative ?km web: no specific flood news found for this year
CAMERON_INTERNATIONAL_CORP_1,0,0.0,,1,55.0,2021-12,1,14.6,49.0,-91.277684,29.680334,,0.0,False,0.0,0.0,,Low likelihood. GFM negative 0% HEFAS negative ?km web: no specific flood news found for this year
CAMPBELL_SOUP_SUPPLY_CO_LLC,0,0.0,,1,27.0,2021-12,1,13.6,49.0,-84.108405,41.397674,,0.0,False,0.0,0.0,,Low likelihood. GFM negative 0% HEFAS negative ?km web: no specific flood news found for this year
CARLISLE_POLYURETHANE_SYSTEMS,0,0.0,,1,54.0,2021-12,1,12.1,49.0,-85.274261,35.061176,,0.0,False,0.0,0.0,,Low likelihood. GFM negative 0% HEFAS negative ?km web: no specific flood news found for this year
CATERPILLAR_FRANCE_S.A.,0,0.0,,1,67.0,2021-12,1,14.6,49.0,5.706881,45.145417,,0.0,False,-1.0,-1.0,76.5,Low likelihood. GFM negative 0% HEFAS negative 76km web: no specific flood news found for this year
CATERPILLAR_INC._-_NLR,0,0.0,,1,48.0,2021-12,1,26.9,49.0,-92.159965,34.74761,,0.0,False,0.0,0.0,,Low likelihood. GFM negative 0% HEFAS negative ?km web: no specific flood news found for this year
CATERPILLAR_INC_RUBBER_PROCESS_FACILITY,0,0.0,,1,77.0,2021-12,1,8.3,49.0,-89.614803,40.673003,,0.0,False,0.0,0.0,,Low likelihood. GFM negative 0% HEFAS negative ?km web: no specific flood news found for this year
CATERPILLAR_REMANUFACTURING_DRIVETRAIN_LLC,0,0.0,,1,38.0,2021-12,1,26.5,49.0,-96.923982,46.877287,,0.0,False,0.0,0.0,,Low likelihood. GFM negative 0% HEFAS negative ?km web: no specific flood news found for this year
CATLETTSBURG_REFINING_LLC,0,0.0,,1,78.0,2021-12,1,9.1,49.0,-82.597203,38.377183,,0.0,False,0.0,0.0,,Low likelihood. GFM negative 0% HEFAS negative ?km web: no specific flood news found for this year
CBC_STEEL_BUILDINGS_LLC,0,0.0,,1,30.0,2021-12,1,22.2,49.0,-121.272352,37.811934,,0.0,False,0.0,0.0,,Low likelihood. GFM negative 0% HEFAS negative ?km web: no specific flood news found for this year
CELANESE_ACETATE_LLC_-_CELCO_PLANT,0,0.0,,1,83.0,2021-12,1,4.2,27.0,-80.762978,37.345104,,0.0,False,0.0,0.0,,Low likelihood. GFM negative 0% HEFAS negative ?km web: no specific flood news found for this year
CELANESE_LTD_BAY_CITY_PLANT,0,0.0,,1,37.0,2021-12,1,17.7,49.0,-96.020708,28.861843,,0.0,False,0.0,0.0,,Low likelihood. GFM negative 0% HEFAS negative ?km web: no specific flood news found for this year
CENTRALE_GEOTERMICA_CASAGLIA,1,4.0,2021-05,1,7.0,2021-12,1,34.1,54.0,11.557495,44.878332,,3.0,True,0.0175051203277009,5.0,4.2,High likelihood. GFM positive 4% HEFAS positive 4km web: no specific flood news found for this year
CENTRAL_PLAINS_CEMENT_CO_-_SUGAR_CREEK_PLANT,0,0.0,,1,86.0,2021-12,1,6.2,49.0,-94.416688,39.144357,,0.0,False,0.0,0.0,,Low likelihood. GFM negative 0% HEFAS negative ?km web: no specific flood news found for this year
CENTRAL_POWER_STATION,1,2.0,2021-05,1,18.0,2021-12,1,33.0,74.0,-148.664815,70.275855,,0.0,False,0.0,0.0,,Medium likelihood. GFM positive 2% HEFAS negative ?km web: no specific flood news found for this year
CENTRAL_PRE-MIX_-_YAKIMA,0,0.0,,1,38.0,2021-12,1,22.0,49.0,-120.477677,46.59665,,0.0,False,0.0,0.0,,Low likelihood. GFM negative 0% HEFAS negative ?km web: no specific flood news found for this year
CENTRAL_PRE-MIX_CONCRETE_PRODUCTS_CO.,0,0.0,,1,66.0,2021-12,1,14.3,49.0,-117.183924,47.68233,,0.0,False,0.0,0.0,,Low likelihood. GFM negative 0% HEFAS negative ?km web: no specific flood news found for this year
CENTRAL_PRE-MIX_SULLIVAN_ROAD,0,0.0,,1,59.0,2021-12,1,17.2,49.0,-117.195951,47.675131,,0.0,False,0.0,0.0,,Low likelihood. GFM negative 0% HEFAS negative ?km web: no specific flood news found for this year
CENTRAL_PREMIX_CONCRETE_PRODUCTS_CO.,0,0.0,,1,46.0,2021-12,1,17.1,49.0,-122.68353,45.541109,,0.0,False,0.0,0.0,,Low likelihood. GFM negative 0% HEFAS negative ?km web: no specific flood news found for this year
CENTRAL_WASHINGTON_CONCRETE_WENATCHEE,0,0.0,,1,71.0,2021-12,1,14.0,49.0,-120.293189,47.509146,,0.0,False,0.0,0.0,,Low likelihood. GFM negative 0% HEFAS negative ?km web: no specific flood news found for this year
CENTURY_ALUMINUM_OF_KENTUCKY_0,1,17.0,2021-03_2021-04,1,33.0,2021-12,1,34.5,100.0,-86.79149,37.932992,,0.0,False,0.0,0.0,,Medium likelihood. GFM positive 17% HEFAS negative ?km web: no specific flood news found for this year
CENTURY_ALUMINUM_OF_KENTUCKY_1,0,0.0,,1,66.0,2021-12,1,14.7,49.0,-86.787729,37.944992,,0.0,False,0.0,0.0,,Low likelihood. GFM negative 0% HEFAS negative ?km web: no specific flood news found for this year
CERRO_FLOW_PRODUCTS_LLC,0,0.0,,1,51.0,2021-12,1,18.4,49.0,-90.17286,38.591831,,0.0,False,0.0,0.0,,Low likelihood. GFM negative 0% HEFAS negative ?km web: no specific flood news found for this year
CF_INDUSTRIES_NITROGEN._LLC_-_DONALDSONVILLE_NITROGEN_COMPLEX,0,0.0,,1,29.0,2021-12,1,18.1,49.0,-90.957851,30.086854,,0.0,False,0.0,0.0,,Low likelihood. GFM negative 0% HEFAS negative ?km web: no specific flood news found for this year
CF_INDUSTRIES_NITROGEN_LLC,0,0.0,,1,50.0,2021-12,1,17.1,49.0,-90.955985,30.098646,,0.0,False,0.0,0.0,,Low likelihood. GFM negative 0% HEFAS negative ?km web: no specific flood news found for this year
CF_INDUSTRIES_NITROGEN_LLC-PORT_NEAL_NITROGEN_COMPLEX,0,0.0,,1,13.0,2021-12,1,25.5,49.0,-96.364935,42.327854,,0.0,False,0.0,0.0,,Low likelihood. GFM negative 0% HEFAS negative ?km web: no specific flood news found for this year
CF_Industries_Nitrogen._LLC_-_Yazoo_City_Facility,1,18.0,2021-02_2021-06,1,48.0,2021-12,1,35.0,99.0,-90.40718,32.92807,,0.0,False,0.0,0.0,,Medium likelihood. GFM positive 18% HEFAS negative ?km web: no specific flood news found for this year
CHALMETTE_REFINING_LLC,0,0.0,,1,72.0,2021-12,1,14.4,42.0,-89.973021,29.936431,,0.0,False,0.0,0.0,,Low likelihood. GFM negative 0% HEFAS negative ?km web: no specific flood news found for this year
CHALMETTE_REFINING_LLC_-_CHALMETTE_REFINERY,0,0.0,,1,37.0,2021-12,1,13.6,49.0,-89.953359,29.962457,,0.0,False,0.0,0.0,,Low likelihood. GFM negative 0% HEFAS negative ?km web: no specific flood news found for this year
CHART_ENERGY_CHEMICALS_INC.,0,0.0,,1,37.0,2021-12,1,23.7,49.0,-91.829284,29.92801,,0.0,False,0.0,0.0,,Low likelihood. GFM negative 0% HEFAS negative ?km web: no specific flood news found for this year
CHATTEM_INC_PLANT_2,0,0.0,,1,68.0,2021-12,1,13.8,49.0,-85.322934,35.016219,,0.0,False,0.0,0.0,,Low likelihood. GFM negative 0% HEFAS negative ?km web: no specific flood news found for this year
CHEMTOOL_ROCKTON_NORTH_PLANT,1,2.0,2021-02,1,69.0,2021-12,1,16.8,100.0,-89.065604,42.4686,,0.0,False,0.0,0.0,,Medium likelihood. GFM positive 2% HEFAS negative ?km web: no specific flood news found for this year
CHEROKEE_PHARMACEUTICALS_LLC.,0,0.0,,1,68.0,2021-12,1,10.3,49.0,-76.643338,40.961348,,0.0,False,0.0,0.0,,Low likelihood. GFM negative 0% HEFAS negative ?km web: no specific flood news found for this year
CHESTERFIELD_POWER_STATION,1,1.0,2021-01_2021-02,1,21.0,2021-12,1,14.7,97.0,-77.377929,37.382116,,0.0,False,0.0,0.0,,Medium likelihood. GFM positive 1% HEFAS negative ?km web: no specific flood news found for this year
CHEVRON_FORT_WORTH_TERMINAL,0,0.0,,1,11.0,2021-12,1,14.0,49.0,-97.325269,32.787822,,0.0,False,0.0,0.0,,Low likelihood. GFM negative 0% HEFAS negative ?km web: no specific flood news found for this year
CHEVRON_LOUISVILLE_TERMINAL_LUBRICANTS_BLEND_PLANT,0,0.0,,1,54.0,2021-12,1,11.6,49.0,-85.837298,38.22774,,0.0,False,0.0,0.0,,Low likelihood. GFM negative 0% HEFAS negative ?km web: no specific flood news found for this year
CHEVRON_ORONITE_CO_LLC,0,0.0,,1,50.0,2021-12,1,16.1,49.0,-90.009984,29.808227,,0.0,False,0.0,0.0,,Low likelihood. GFM negative 0% HEFAS negative ?km web: no specific flood news found for this year
CHEVRON_PRODUCTS_CO_SACRAMENTO_TERMINAL,0,0.0,,1,48.0,2021-12,1,22.3,49.0,-121.512815,38.568063,,0.0,False,0.0,0.0,,Low likelihood. GFM negative 0% HEFAS negative ?km web: no specific flood news found for this year
CLEARWATER_PAPER_CORP-CYPRESS_BEND_MILL,0,0.0,,1,28.0,2021-12,1,26.6,49.0,-91.240332,33.705753,,0.0,False,0.0,0.0,,Low likelihood. GFM negative 0% HEFAS negative ?km web: no specific flood news found for this year
CLEARWATER_PAPER_CORP-PPD_CPD_IDAHO,0,0.0,,1,36.0,2021-12,1,16.7,49.0,-116.96711,46.42696,,0.0,False,0.0,0.0,,Low likelihood. GFM negative 0% HEFAS negative ?km web: no specific flood news found for this year
CLEARWATER_PAPER_CORP_0,0,0.0,,1,29.0,2021-12,1,19.9,49.0,-91.236019,33.706457,,0.0,False,0.0,0.0,,Low likelihood. GFM negative 0% HEFAS negative ?km web: no specific flood news found for this year
CLEARWATER_PAPER_CORP_1,0,0.0,,1,28.0,2021-12,1,17.8,49.0,-116.967218,46.427955,,0.0,False,0.0,0.0,,Low likelihood. GFM negative 0% HEFAS negative ?km web: no specific flood news found for this year
CLIMAX_MOLYBDENUM_CO,0,0.0,,1,38.0,2021-12,1,23.7,49.0,-91.426182,40.582594,,0.0,False,0.0,0.0,,Low likelihood. GFM negative 0% HEFAS negative ?km web: no specific flood news found for this year
CMC_REBAR,0,0.0,,1,65.0,2021-12,1,11.5,49.0,-86.745479,36.158085,,0.0,False,0.0,0.0,,Low likelihood. GFM negative 0% HEFAS negative ?km web: no specific flood news found for this year
CMC_REBAR_-_KANSAS_CITY,0,0.0,,1,46.0,2021-12,1,17.1,49.0,-94.525019,39.135078,,0.0,False,0.0,0.0,,Low likelihood. GFM negative 0% HEFAS negative ?km web: no specific flood news found for this year
CMC_REBAR_ALBUQUERQUE,0,0.0,,1,58.0,2021-12,1,16.3,49.0,-106.643339,35.108612,,0.0,False,0.0,0.0,,Low likelihood. GFM negative 0% HEFAS negative ?km web: no specific flood news found for this year
CMC_REBAR_DENVER,0,0.0,,1,50.0,2021-12,1,17.2,49.0,-104.968731,39.7939,,0.0,False,0.0,0.0,,Low likelihood. GFM negative 0% HEFAS negative ?km web: no specific flood news found for this year
CMC_STEEL_FABRICATORS_INC._DBA_CMC_REBAR,0,0.0,,1,61.0,2021-12,1,15.1,49.0,-96.899348,32.778464,,0.0,False,0.0,0.0,,Low likelihood. GFM negative 0% HEFAS negative ?km web: no specific flood news found for this year
CMC_STEEL_FABRICATORS_INC_DBA_CMC_VALLEY_STEEL,0,0.0,,1,25.0,2021-12,1,29.0,49.0,-97.715846,26.218986,,0.0,False,0.0,0.0,,Low likelihood. GFM negative 0% HEFAS negative ?km web: no specific flood news found for this year
COFFEYVILLE_RESOURCES_NITROGEN_FERTILIZERS_LLC,0,0.0,,1,41.0,2021-12,1,15.7,49.0,-95.60518,37.045364,,0.0,False,0.0,0.0,,Low likelihood. GFM negative 0% HEFAS negative ?km web: no specific flood news found for this year
COFFEYVILLE_RESOURCES_REFINING_MARKETING,0,0.0,,1,50.0,2021-12,1,12.6,39.0,-95.60612,37.047546,,0.0,False,0.0,0.0,,Low likelihood. GFM negative 0% HEFAS negative ?km web: no specific flood news found for this year
COLGATE-PALMOLIVE_CO,0,0.0,2021-11,1,68.0,2021-12,1,28.4,95.0,-85.765636,38.279329,,0.0,False,0.0,0.0,,Low likelihood. GFM negative 0% HEFAS negative ?km web: no specific flood news found for this year
COLGATE_PALMOLIVE,0,0.0,,1,71.0,2021-12,1,20.0,49.0,2.838548,49.429319,,0.0,False,-1.2918117426181943,-1.0,18.4,Low likelihood. GFM negative 0% HEFAS negative 18km web: no specific flood news found for this year
COLONIAL_LANDFILL,0,0.0,,1,77.0,2021-12,1,15.4,49.0,-90.874133,30.148358,,0.0,False,0.0,0.0,,Low likelihood. GFM negative 0% HEFAS negative ?km web: no specific flood news found for this year
COMMERCIAL_VEHICLE_GROUP,0,0.0,,1,67.0,2021-12,1,17.6,49.0,-122.703928,45.562377,,0.0,False,0.0,0.0,,Low likelihood. GFM negative 0% HEFAS negative ?km web: no specific flood news found for this year
CONAGRA_FOODS_PACKAGED_FOODS_LLC_-_COUNCIL_BLUFFS,0,0.0,,1,65.0,2021-12,1,18.9,49.0,-95.850686,41.251513,,0.0,False,0.0,0.0,,Low likelihood. GFM negative 0% HEFAS negative ?km web: no specific flood news found for this year
CONCRETE_MATERIALS_COMPANY-YANKTON,0,0.0,,1,28.0,2021-12,1,31.1,49.0,-97.355819,42.887157,,0.0,False,0.0,0.0,,Low likelihood. GFM negative 0% HEFAS negative ?km web: no specific flood news found for this year
COOPER_CROUSE-HINDS_LLC,0,0.0,,1,66.0,2021-12,1,14.5,49.0,-76.158986,43.084448,,0.0,False,0.0,0.0,,Low likelihood. GFM negative 0% HEFAS negative ?km web: no specific flood news found for this year
CORNING_INC,0,0.0,,1,61.0,2021-12,1,16.8,49.0,-76.921206,42.137534,,0.0,False,0.0,0.0,,Low likelihood. GFM negative 0% HEFAS negative ?km web: no specific flood news found for this year
CORTEVA_FREEPORT_OPERATIONS,0,0.0,,1,28.0,2021-12,1,20.6,49.0,-95.337001,28.955923,,0.0,False,0.0,0.0,,Low likelihood. GFM negative 0% HEFAS negative ?km web: no specific flood news found for this year
COVANTA_PLYMOUTH_RENEWABLE_ENERGY_LLC,0,0.0,,1,79.0,2021-12,1,6.3,49.0,-75.310491,40.0958,,0.0,False,0.0,0.0,,Low likelihood. GFM negative 0% HEFAS negative ?km web: no specific flood news found for this year
CRESCENT_ACRES_LANDFILL,0,0.0,,1,53.0,2021-12,1,15.1,49.0,-89.998588,29.973725,,0.0,False,0.0,0.0,,Low likelihood. GFM negative 0% HEFAS negative ?km web: no specific flood news found for this year
CROWN_BEVERAGE_PACKAGING_0,0,0.0,,1,89.0,2021-12,1,8.6,49.0,-71.179765,42.684464,,0.0,False,0.0,0.0,,Low likelihood. GFM negative 0% HEFAS negative ?km web: no specific flood news found for this year
CROWN_BEVERAGE_PACKAGING_1,0,0.0,,1,25.0,2021-12,1,28.4,49.0,-107.96402,44.023637,,0.0,False,0.0,0.0,,Low likelihood. GFM negative 0% HEFAS negative ?km web: no specific flood news found for this year
CROWN_CORK_SEAL_CO_USA_INC_CROWN_CLOSURE_DIV,0,0.0,,1,72.0,2021-12,1,5.5,49.0,-80.62111,40.387914,,0.0,False,0.0,0.0,,Low likelihood. GFM negative 0% HEFAS negative ?km web: no specific flood news found for this year
CROWN_GROUP_EAST_MOLINE_PLANT,1,6.0,2021-02,1,44.0,2021-12,1,25.0,87.0,-90.414109,41.527458,,0.0,False,0.0,0.0,,Medium likelihood. GFM positive 6% HEFAS negative ?km web: no specific flood news found for this year
CTSDU_DE_BELLEGARDE,1,3.0,2021-04,1,65.0,2021-12,1,18.8,83.0,4.502807,43.747146,,0.0,False,-1.0157407407407406,-1.0,12.8,Medium likelihood. GFM positive 3% HEFAS negative 13km web: no specific flood news found for this year
CYTEC_SOLVAY_COMPOSITE_MATERIALS_ANAHEIM,0,0.0,,1,50.0,2021-12,1,14.8,49.0,-117.861297,33.861963,,0.0,False,0.0,0.0,,Low likelihood. GFM negative 0% HEFAS negative ?km web: no specific flood news found for this year
Cape_Fear_Steam_Electric_Plant,0,0.0,,1,71.0,2021-12,1,14.9,49.0,-79.049177,35.595044,,0.0,False,0.0,0.0,,Low likelihood. GFM negative 0% HEFAS negative ?km web: no specific flood news found for this year
Castlegar_Sawmill,0,0.0,,1,69.0,2021-12,1,9.0,49.0,-117.727413,49.335836,,0.0,False,0.0,0.0,,Low likelihood. GFM negative 0% HEFAS negative ?km web: no specific flood news found for this year
Cecil_Lynch,0,0.0,,1,50.0,2021-12,1,28.1,49.0,-92.19877,34.753506,,0.0,False,0.0,0.0,,Low likelihood. GFM negative 0% HEFAS negative ?km web: no specific flood news found for this year
Celanese_Acetate_LLC_-_Manufacturing_Processes,0,0.0,,1,81.0,2021-12,1,4.4,27.0,-80.764005,37.345102,,0.0,False,0.0,0.0,,Low likelihood. GFM negative 0% HEFAS negative ?km web: no specific flood news found for this year
Charron_Lake_Compressor_Station_15-01-069-16W4,0,0.0,,1,81.0,2021-12,1,16.6,49.0,-112.304645,54.949166,,0.0,False,0.0,0.0,,Low likelihood. GFM negative 0% HEFAS negative ?km web: no specific flood news found for this year
Cherokee,0,0.0,,1,81.0,2021-12,1,8.7,49.0,-104.964777,39.80775,,0.0,False,0.0,0.0,,Low likelihood. GFM negative 0% HEFAS negative ?km web: no specific flood news found for this year
Chevron_Oronite_Oak_Point,0,0.0,,1,70.0,2021-12,1,17.4,49.0,-90.012915,29.808289,,0.0,False,0.0,0.0,,Low likelihood. GFM negative 0% HEFAS negative ?km web: no specific flood news found for this year
Cholla,0,0.0,,1,54.0,2021-12,1,19.3,49.0,-110.303301,34.939359,,0.0,False,0.0,0.0,,Low likelihood. GFM negative 0% HEFAS negative ?km web: no specific flood news found for this year
Christies_Oilfield,0,0.0,,1,71.0,2021-12,1,27.1,49.0,139.372952,-27.882977,,0.0,False,0.0,0.0,,Low likelihood. GFM negative 0% HEFAS negative ?km web: no specific flood news found for this year
ConAgra_Foods_Inc.,0,0.0,,1,73.0,2021-12,1,14.7,49.0,-76.858665,41.012255,,0.0,False,0.0,0.0,,Low likelihood. GFM negative 0% HEFAS negative ?km web: no specific flood news found for this year
Conners_Creek,0,0.0,,1,46.0,2021-12,1,21.9,49.0,-82.961068,42.359663,,0.0,False,0.0,0.0,,Low likelihood. GFM negative 0% HEFAS negative ?km web: no specific flood news found for this year
Contra_Costa_Generating_Station,0,0.0,,1,21.0,2021-12,1,15.4,49.0,-121.761017,38.018401,,0.0,False,0.0,0.0,,Low likelihood. GFM negative 0% HEFAS negative ?km web: no specific flood news found for this year
Covanta_WBH,0,0.0,,1,40.0,2021-12,1,17.0,49.0,-96.017437,36.132159,,0.0,False,0.0,0.0,,Low likelihood. GFM negative 0% HEFAS negative ?km web: no specific flood news found for this year
Coyote_Springs_Switchyard,0,0.0,,1,61.0,2021-12,1,10.0,49.0,-122.669964,45.519945,,0.0,False,0.0,0.0,,Low likelihood. GFM negative 0% HEFAS negative ?km web: no specific flood news found for this year
DAIKIN_CHEMICAL_FRANCE_0,0,0.0,,1,73.0,2021-12,1,18.4,49.0,4.822388,45.709757,,0.0,False,-1.0,-1.0,19.6,Low likelihood. GFM negative 0% HEFAS negative 20km web: no specific flood news found for this year
DAIKIN_CHEMICAL_FRANCE_1,0,0.0,,1,73.0,2021-12,1,18.4,49.0,4.822388,45.709757,,0.0,False,-1.0,-1.0,19.6,Low likelihood. GFM negative 0% HEFAS negative 20km web: no specific flood news found for this year
DAIMLER_TRUCKS_NA_LLC_0,0,0.0,,1,80.0,2021-12,1,15.9,49.0,-122.715262,45.572826,,0.0,False,0.0,0.0,,Low likelihood. GFM negative 0% HEFAS negative ?km web: no specific flood news found for this year
DAIMLER_TRUCKS_NA_LLC_1,0,0.0,,1,80.0,2021-12,1,15.9,49.0,-122.715262,45.572826,,0.0,False,0.0,0.0,,Low likelihood. GFM negative 0% HEFAS negative ?km web: no specific flood news found for this year
DAKTRONICS_INC,0,0.0,,1,42.0,2021-12,1,22.5,49.0,-96.719408,43.594686,,0.0,False,0.0,0.0,,Low likelihood. GFM negative 0% HEFAS negative ?km web: no specific flood news found for this year
DAL-TILE_CORP_LEWISPORT_PLANT,0,0.0,,1,37.0,2021-12,1,17.1,49.0,-86.900952,37.92486,,0.0,False,0.0,0.0,,Low likelihood. GFM negative 0% HEFAS negative ?km web: no specific flood news found for this year
DANISCO_SWEETENERS_INC,1,49.0,2021-02,1,14.0,2021-12,1,53.8,100.0,-90.10988,41.999839,,0.0,False,0.0,0.0,,Medium likelihood. GFM positive 49% HEFAS negative ?km web: 2019 Midwestern U.S. floods (Mississippi/Missouri) https://en.wikipedia.org/wiki/2019_Midwestern_U.S._floods
DARLING_INGREDIENTS_INC_0,0,0.0,,1,69.0,2021-12,1,12.2,49.0,-90.21997,41.81391,,0.0,False,0.0,0.0,,Low likelihood. GFM negative 0% HEFAS negative ?km web: no specific flood news found for this year
DARLING_INGREDIENTS_INC_1,1,1.0,2021-03_2021-04_2021-05,1,7.0,2021-12,1,33.9,82.0,-121.030275,37.464958,,0.0,False,0.0,0.0,,Medium likelihood. GFM positive 1% HEFAS negative ?km web: no specific flood news found for this year
DDP_SPECIALTY_ELECTRONIC_MATERIAL_US_LLC.,0,0.0,,1,50.0,2021-12,1,22.3,49.0,-113.813566,42.534819,,0.0,False,0.0,0.0,,Low likelihood. GFM negative 0% HEFAS negative ?km web: no specific flood news found for this year
DENSO_MANUFACTURING_ARKANSAS_0,0,0.0,,1,4.0,2021-12,1,38.7,49.0,-90.038104,35.70073,,0.0,False,0.0,0.0,,Low likelihood. GFM negative 0% HEFAS negative ?km web: no specific flood news found for this year
DENSO_MANUFACTURING_ARKANSAS_1,0,0.0,,1,4.0,2021-12,1,38.7,49.0,-90.038104,35.70073,,0.0,False,0.0,0.0,,Low likelihood. GFM negative 0% HEFAS negative ?km web: no specific flood news found for this year
DERICHEBOURG_BELGIUM_-_Li_ge,0,0.0,,1,62.0,2021-12,1,20.0,49.0,5.635594,50.656058,,9.0,True,-0.9707501280081924,5.0,5.2,Medium likelihood. GFM negative 0% HEFAS positive 5km web: no specific flood news found for this year
DE_KARN_JC_WEADOCK_GENERATING_PLANT,0,0.0,,1,54.0,2021-12,1,15.5,49.0,-83.842026,43.642029,,0.0,False,0.0,0.0,,Low likelihood. GFM negative 0% HEFAS negative ?km web: no specific flood news found for this year
DIAGEO_CANADA_INC._-_AMHERSTBURG,0,0.0,,1,31.0,2021-12,1,13.1,49.0,-83.110228,42.114174,,0.0,False,0.0,0.0,,Low likelihood. GFM negative 0% HEFAS negative ?km web: no specific flood news found for this year
DIAMOND_ANIMAL_HEALTH,1,2.0,2021-02,1,18.0,2021-12,1,26.9,100.0,-93.529762,41.561252,,0.0,False,0.0,0.0,,Medium likelihood. GFM positive 2% HEFAS negative ?km web: no specific flood news found for this year
DILLMAN_EQUIPMENT_INC,0,0.0,,1,55.0,2021-12,1,18.8,49.0,-91.150512,43.067567,,0.0,False,0.0,0.0,,Low likelihood. GFM negative 0% HEFAS negative ?km web: no specific flood news found for this year
DIXIE_INDUSTRIES_0,0,0.0,,1,83.0,2021-12,1,9.3,49.0,-85.250635,35.079064,,0.0,False,0.0,0.0,,Low likelihood. GFM negative 0% HEFAS negative ?km web: no specific flood news found for this year
DIXIE_INDUSTRIES_1,0,0.0,,1,84.0,2021-12,1,11.4,49.0,-85.285268,35.030837,,0.0,False,0.0,0.0,,Low likelihood. GFM negative 0% HEFAS negative ?km web: no specific flood news found for this year
DOMINION_ENERGY_SOUTH_CAROLINA_-_JASPER_GENERATING_STATION,0,0.0,,1,69.0,2021-12,1,17.8,49.0,-81.123979,32.359448,,0.0,False,0.0,0.0,,Low likelihood. GFM negative 0% HEFAS negative ?km web: no specific flood news found for this year
DOMINION_ENERGY_SOUTH_CAROLINA_-_WATEREE_STATION,0,0.0,,1,63.0,2021-12,1,13.5,49.0,-80.622153,33.826749,,0.0,False,0.0,0.0,,Low likelihood. GFM negative 0% HEFAS negative ?km web: no specific flood news found for this year
DOMTAR_AW_LLC_NEKOOSA_MILL,1,4.0,2019-04,1,59.0,2019-12,1,25.0,99.0,-89.896153,44.31431,,0.0,False,0.0,0.0,,Medium likelihood. GFM positive 4% HEFAS negative ?km web: no specific flood news found for this year
DOMTAR_PAPER_CO_LLC-PLYMOUTH_MILL,0,0.0,,1,58.0,2021-12,1,13.7,49.0,-76.77972,35.861742,,0.0,False,0.0,0.0,,Low likelihood. GFM negative 0% HEFAS negative ?km web: no specific flood news found for this year
DOMTAR_PAPER_CO_LLC_HAWESVILLE_MILL,0,0.0,,1,70.0,2021-12,1,12.0,49.0,-86.685794,37.894833,,0.0,False,0.0,0.0,,Low likelihood. GFM negative 0% HEFAS negative ?km web: no specific flood news found for this year
DTE_Calvert_City._LLC,0,0.0,,1,73.0,2021-12,1,14.8,49.0,-88.350644,37.046749,,0.0,False,0.0,0.0,,Low likelihood. GFM negative 0% HEFAS negative ?km web: no specific flood news found for this year
DTE_ELECTRIC_CO-BELLE_RIVER_POWER_PLANT,0,0.0,,1,58.0,2021-12,1,16.5,49.0,-82.512197,42.772509,,0.0,False,0.0,0.0,,Low likelihood. GFM negative 0% HEFAS negative ?km web: no specific flood news found for this year
DTE_ELECTRIC_CO_-_TRENTON_CHANNEL_POWER_PLANT,0,0.0,,1,58.0,2021-12,1,10.1,49.0,-83.181215,42.123755,,0.0,False,0.0,0.0,,Low likelihood. GFM negative 0% HEFAS negative ?km web: no specific flood news found for this year
DTE_East_China,0,0.0,,1,27.0,2021-12,1,18.0,49.0,-82.481818,42.773941,,0.0,False,0.0,0.0,,Low likelihood. GFM negative 0% HEFAS negative ?km web: no specific flood news found for this year
DTE_STONEMAN_LLC_GENERATING_STATION,1,6.0,2021-02,1,45.0,2021-12,1,17.6,93.0,-90.985331,42.70833,,0.0,False,0.0,0.0,,Medium likelihood. GFM positive 6% HEFAS negative ?km web: no specific flood news found for this year
DTE_Stockton,0,0.0,,1,58.0,2021-12,1,14.4,49.0,-121.327357,37.941622,,0.0,False,0.0,0.0,,Low likelihood. GFM negative 0% HEFAS negative ?km web: no specific flood news found for this year
DUCOMMUN_AEROSTRUCTURES_INC_ORANGE_FACILITY,0,0.0,,1,53.0,2021-12,1,15.4,49.0,-117.861976,33.8188,,0.0,False,0.0,0.0,,Low likelihood. GFM negative 0% HEFAS negative ?km web: no specific flood news found for this year
DUKE_ENERGY_CAROLINAS_LLC_-_BUCK_STEAM_STATION,0,0.0,,1,72.0,2021-12,1,6.7,49.0,-80.376699,35.713259,,0.0,False,0.0,0.0,,Low likelihood. GFM negative 0% HEFAS negative ?km web: no specific flood news found for this year
DUKE_ENERGY_INDIANA_INC-GALLAGHER_GENERATING_STATION,0,0.0,,1,41.0,2021-12,1,13.1,49.0,-85.838011,38.263577,,0.0,False,0.0,0.0,,Low likelihood. GFM negative 0% HEFAS negative ?km web: no specific flood news found for this year
DUKE_ENERGY_INDIANA_INC._-_EDWARDSPORT_IGCC,1,1.0,2021-03,1,77.0,2021-12,1,11.7,98.0,-87.247198,38.806705,,0.0,False,0.0,0.0,,Medium likelihood. GFM positive 1% HEFAS negative ?km web: no specific flood news found for this year
DUKE_ENERGY_INDIANA_INC_-_WABASH_RIVER_GENERATING_STATION,0,0.0,,1,77.0,2021-12,1,8.3,49.0,-87.424716,39.530039,,0.0,False,0.0,0.0,,Low likelihood. GFM negative 0% HEFAS negative ?km web: no specific flood news found for this year
DUKE_ENERGY_KENTUCKY_INC._-_EAST_BEND_GENERATING_STATION,1,1.0,2021-02,1,47.0,2021-12,1,20.8,82.0,-84.848355,38.904383,,0.0,False,0.0,0.0,,Medium likelihood. GFM positive 1% HEFAS negative ?km web: no specific flood news found for this year
DUKE_ENERGY_OHIO._INC._-_W.C._BECKJORD_STATION,0,0.0,2021-02,1,42.0,2021-12,1,10.8,53.0,-84.297634,38.991378,,0.0,False,0.0,0.0,,Low likelihood. GFM negative 0% HEFAS negative ?km web: no specific flood news found for this year
DUKE_ENERGY_PROGRESS_INC_-_CAPE_FEAR_STEAM_ELECTRIC_PLANT,0,0.0,,1,71.0,2021-12,1,14.9,49.0,-79.049177,35.595044,,0.0,False,0.0,0.0,,Low likelihood. GFM negative 0% HEFAS negative ?km web: no specific flood news found for this year
DUKE_ENERGY_PROGRESS_LLC_-_H_F_LEE_ENERGY_COMPLEX,0,0.0,,1,59.0,2021-12,1,10.2,49.0,-78.08765,35.379875,,0.0,False,0.0,0.0,,Low likelihood. GFM negative 0% HEFAS negative ?km web: no specific flood news found for this year
DUKE_ENERGY_PROGRESS_LLC_-_L_V_SUTTON_ENERGY_COMPLEX,1,4.0,2021-01_2021-02_2021-03,1,41.0,2021-12,1,19.9,95.0,-77.985227,34.283359,,0.0,False,0.0,0.0,,Medium likelihood. GFM positive 4% HEFAS negative ?km web: no specific flood news found for this year
DUNKIRK_STEAM_STATION,0,0.0,,1,35.0,2021-12,1,3.7,49.0,-79.347621,42.491696,,0.0,False,0.0,0.0,,Low likelihood. GFM negative 0% HEFAS negative ?km web: no specific flood news found for this year
DUPONT_ELECTRONIC_POLYMERS,0,0.0,,1,55.0,2021-12,1,17.6,49.0,-84.220171,39.734045,,0.0,False,0.0,0.0,,Low likelihood. GFM negative 0% HEFAS negative ?km web: no specific flood news found for this year
DUPONT_PONTCHARTRAIN_WORKS,0,0.0,,1,57.0,2021-12,1,20.0,49.0,-90.524105,30.058896,,0.0,False,0.0,0.0,,Low likelihood. GFM negative 0% HEFAS negative ?km web: no specific flood news found for this year
DUPONT_WASHINGTON_WORKS,0,0.0,,1,60.0,2021-12,1,7.0,49.0,-81.66166,39.271993,,0.0,False,0.0,0.0,,Low likelihood. GFM negative 0% HEFAS negative ?km web: no specific flood news found for this year
DUPONT_YERKES_PLANT,0,0.0,,1,41.0,2021-12,1,10.3,49.0,-78.919175,42.962231,,0.0,False,0.0,0.0,,Low likelihood. GFM negative 0% HEFAS negative ?km web: no specific flood news found for this year
Daikin_Refrigerants_Frankfurt_GmbH_0,0,0.0,,1,71.0,2021-12,1,15.3,49.0,8.540359,50.094688,,16.0,True,0.0271185355862775,3.0,11.0,Medium likelihood. GFM negative 0% HEFAS positive 11km web: no specific flood news found for this year
Daikin_Refrigerants_Frankfurt_GmbH_1,0,0.0,,1,71.0,2021-12,1,15.3,49.0,8.540359,50.094688,,16.0,True,0.0271185355862775,3.0,11.0,Medium likelihood. GFM negative 0% HEFAS positive 11km web: no specific flood news found for this year
Daimler_Truck_AG_Mercedes-Benz_Werk_W_r_th_0,0,0.0,,1,69.0,2021-12,1,16.5,49.0,8.293043,49.047304,,72.0,True,0.1345195425840587,3.0,1.3,Medium likelihood. GFM negative 0% HEFAS positive 1km web: no specific flood news found for this year
Daimler_Truck_AG_Mercedes-Benz_Werk_W_r_th_1,0,0.0,,1,69.0,2021-12,1,16.5,49.0,8.293043,49.047304,,72.0,True,0.1345195425840587,3.0,1.3,Medium likelihood. GFM negative 0% HEFAS positive 1km web: no specific flood news found for this year
Dan_E_Karn,0,0.0,,1,52.0,2021-12,1,14.2,49.0,-83.843156,43.642544,,0.0,False,0.0,0.0,,Low likelihood. GFM negative 0% HEFAS negative ?km web: no specific flood news found for this year
Danone_GmbH_Werk_Rosenheim,0,0.0,,1,53.0,2021-12,1,18.8,49.0,12.13538,47.855833,,7.0,True,0.0152927120669056,3.0,0.6,Medium likelihood. GFM negative 0% HEFAS positive 1km web: no specific flood news found for this year
Delta,1,2.0,2021-10,1,18.0,2021-12,1,18.3,93.0,-123.014499,49.137674,,0.0,False,0.0,0.0,,Medium likelihood. GFM positive 2% HEFAS negative ?km web: no specific flood news found for this year
Derichebourg_Umwelt_GmbH,0,0.0,,1,68.0,2021-12,1,19.6,49.0,8.335091,49.013242,,72.0,True,0.1345195425840587,3.0,3.6,Medium likelihood. GFM negative 0% HEFAS positive 4km web: no specific flood news found for this year
Dixon_Springs,0,0.0,,1,60.0,2021-12,1,12.1,49.0,-86.073573,36.363581,,0.0,False,0.0,0.0,,Low likelihood. GFM negative 0% HEFAS negative ?km web: no specific flood news found for this year
Doe_River_14-31,1,11.0,2021-01_2021-02_2021-04,1,88.0,2021-12,1,20.8,100.0,-119.877265,56.069344,,0.0,False,0.0,0.0,,Medium likelihood. GFM positive 11% HEFAS negative ?km web: no specific flood news found for this year
Dome_Grassland_11-7,1,12.0,2021-03_2021-04_2021-08_2021-11,1,35.0,2021-12,1,30.8,100.0,-112.743839,54.786442,,0.0,False,0.0,0.0,,Medium likelihood. GFM positive 12% HEFAS negative ?km web: no specific flood news found for this year
Dominion_Energy_Questar_-_Transmission_Pipelines_TPL,0,0.0,,1,36.0,2021-12,1,16.6,49.0,-111.924418,40.764935,,0.0,False,0.0,0.0,,Low likelihood. GFM negative 0% HEFAS negative ?km web: no specific flood news found for this year
Dominion_Energy_Wexpro_-_Central_Western_Overthrust_Prod,0,0.0,,1,36.0,2021-12,1,16.6,49.0,-111.924418,40.764935,,0.0,False,0.0,0.0,,Low likelihood. GFM negative 0% HEFAS negative ?km web: no specific flood news found for this year
Dominion_Energy_Wexpro_-_Green_River_Basin_Gath,0,0.0,,1,36.0,2021-12,1,16.6,49.0,-111.924418,40.764935,,0.0,False,0.0,0.0,,Low likelihood. GFM negative 0% HEFAS negative ?km web: no specific flood news found for this year
Dominion_Energy_Wexpro_-_Green_River_Basin_Prod,0,0.0,,1,36.0,2021-12,1,16.6,49.0,-111.924418,40.764935,,0.0,False,0.0,0.0,,Low likelihood. GFM negative 0% HEFAS negative ?km web: no specific flood news found for this year
Domtar_Paper_Company_LLC_-_Plymouth,0,0.0,,1,48.0,2021-12,1,13.0,49.0,-76.783026,35.862753,,0.0,False,0.0,0.0,,Low likelihood. GFM negative 0% HEFAS negative ?km web: no specific flood news found for this year
Draad_Nijmegen_BV_onder_de_naam_Smit_Draad,0,0.0,,1,74.0,2021-12,1,16.3,49.0,5.810192,51.842335,,0.0,False,-1.3333333333333333,0.0,20.5,Low likelihood. GFM negative 0% HEFAS negative 20km web: no specific flood news found for this year
Duke_Energy_Kentucky_Gas_Operation,0,0.0,,1,48.0,2021-12,1,15.2,49.0,-84.536346,39.106725,,0.0,False,0.0,0.0,,Low likelihood. GFM negative 0% HEFAS negative ?km web: no specific flood news found for this year
Dunvegan_Compressor_Station_13-04-080-03W6,1,7.0,2021-04,1,77.0,2021-12,1,25.2,100.0,-118.414645,55.910893,,0.0,False,0.0,0.0,,Medium likelihood. GFM positive 7% HEFAS negative ?km web: no specific flood news found for this year
E._C._GASTON_ELECTRIC_GENERATING_PLANT,0,0.0,,1,62.0,2021-12,1,14.4,49.0,-86.459073,33.243832,,0.0,False,0.0,0.0,,Low likelihood. GFM negative 0% HEFAS negative ?km web: no specific flood news found for this year
EAGLE_NATRIUM_LLC,0,0.0,,1,73.0,2021-12,1,6.3,49.0,-80.851791,39.747241,,0.0,False,0.0,0.0,,Low likelihood. GFM negative 0% HEFAS negative ?km web: no specific flood news found for this year
EAGLE_US_2_LLC_-_LONGVIEW,0,0.0,,1,51.0,2021-12,1,16.6,49.0,-122.986618,46.132089,,0.0,False,0.0,0.0,,Low likelihood. GFM negative 0% HEFAS negative ?km web: no specific flood news found for this year
EASTMAN_CHEMICAL_RESINS_INC,0,0.0,,1,84.0,2021-12,1,6.1,49.0,-79.895839,40.273153,,0.0,False,0.0,0.0,,Low likelihood. GFM negative 0% HEFAS negative ?km web: no specific flood news found for this year
EATON_AEROQUIP._LLC,0,0.0,,1,64.0,2021-12,1,11.6,49.0,-85.639559,36.378606,,0.0,False,0.0,0.0,,Low likelihood. GFM negative 0% HEFAS negative ?km web: no specific flood news found for this year
EATON_AEROQUIP._LLC.,0,0.0,,1,72.0,2021-12,1,9.8,49.0,-85.636872,36.386438,,0.0,False,0.0,0.0,,Low likelihood. GFM negative 0% HEFAS negative ?km web: no specific flood news found for this year
EATON_CORP,0,0.0,,1,73.0,2021-12,1,16.4,49.0,-90.437041,38.545023,,0.0,False,0.0,0.0,,Low likelihood. GFM negative 0% HEFAS negative ?km web: no specific flood news found for this year
ECLIPSE,1,1.0,2021-02,1,52.0,2021-12,1,20.8,100.0,-89.070915,42.332709,,0.0,False,0.0,0.0,,Medium likelihood. GFM positive 1% HEFAS negative ?km web: no specific flood news found for this year
ECOLAB_INC_0,0,0.0,,1,73.0,2021-12,1,22.7,49.0,-89.168667,37.003101,,0.0,False,0.0,0.0,,Low likelihood. GFM negative 0% HEFAS negative ?km web: no specific flood news found for this year
ECOLAB_INC_1,0,0.0,,1,45.0,2021-12,1,16.6,49.0,-94.556772,39.13342,,0.0,False,0.0,0.0,,Low likelihood. GFM negative 0% HEFAS negative ?km web: no specific flood news found for this year
EDF_TAC,0,0.0,,1,57.0,2021-12,1,18.5,49.0,2.65526,48.872415,,0.0,False,-1.0,-1.0,20.2,Low likelihood. GFM negative 0% HEFAS negative 20km web: no specific flood news found for this year
EDF_TAC_ARRIGHI,0,0.0,,1,63.0,2021-12,1,17.3,49.0,2.416573,48.787526,,0.0,False,-1.0,-1.0,0.8,Low likelihood. GFM negative 0% HEFAS negative 1km web: no specific flood news found for this year
EDF_TAC_GENNEVILLIERS,0,0.0,,1,75.0,2021-12,1,14.2,49.0,2.258042,48.937729,,0.0,False,-1.0083333333333333,-1.0,13.0,Low likelihood. GFM negative 0% HEFAS negative 13km web: no specific flood news found for this year
EES_COKE_BATTERY_LLC,0,0.0,,1,24.0,2021-12,1,13.6,49.0,-83.111224,42.28111,,0.0,False,0.0,0.0,,Low likelihood. GFM negative 0% HEFAS negative ?km web: no specific flood news found for this year
ELANCO_AUGUSTA_TECHNOLOGY_CENTER,0,0.0,,1,57.0,2021-12,1,12.7,49.0,-81.943633,33.423457,,0.0,False,0.0,0.0,,Low likelihood. GFM negative 0% HEFAS negative ?km web: no specific flood news found for this year
ELECTROLUX_HOME_PRODUCTS_INC.,0,0.0,,1,21.0,2021-12,1,31.6,49.0,-90.154984,35.060765,,0.0,False,0.0,0.0,,Low likelihood. GFM negative 0% HEFAS negative ?km web: no specific flood news found for this year
ELKHART_PLASTICS_INC.,0,0.0,,1,60.0,2021-12,1,18.5,49.0,-105.041864,39.559309,,0.0,False,0.0,0.0,,Low likelihood. GFM negative 0% HEFAS negative ?km web: no specific flood news found for this year
ELRAMA_POWER_PLANT,0,0.0,,1,66.0,2021-12,1,7.3,49.0,-79.917369,40.252366,,0.0,False,0.0,0.0,,Low likelihood. GFM negative 0% HEFAS negative ?km web: no specific flood news found for this year
EMERALD_SERVICES_INC_-_SPOKANE,0,0.0,,1,53.0,2021-12,1,15.2,48.0,-117.319554,47.668419,,0.0,False,0.0,0.0,,Low likelihood. GFM negative 0% HEFAS negative ?km web: no specific flood news found for this year
EMERSON_AUTOMATION_SOLUTIONS,0,0.0,,1,20.0,2021-12,1,31.7,49.0,-97.618684,26.19146,,0.0,False,0.0,0.0,,Low likelihood. GFM negative 0% HEFAS negative ?km web: no specific flood news found for this year
EMERSON_ELECTRIC_CO,0,0.0,,1,40.0,2021-12,1,24.1,49.0,-90.06629,36.245961,,0.0,False,0.0,0.0,,Low likelihood. GFM negative 0% HEFAS negative ?km web: no specific flood news found for this year
EMERSON_POWER_TRANSMISSION_CORP_GEARCO,0,0.0,,1,47.0,2021-12,1,9.6,49.0,-83.740257,38.643094,,0.0,False,0.0,0.0,,Low likelihood. GFM negative 0% HEFAS negative ?km web: no specific flood news found for this year
ENAGAS_TRANSPORTE_TIVISSA,0,0.0,,1,73.0,2021-12,1,11.8,49.0,0.666465,41.058272,,7.0,True,-0.6527777777777778,2.0,16.4,Medium likelihood. GFM negative 0% HEFAS positive 16km web: no specific flood news found for this year
ENEL_PRODUZIONE_S.P.A._-_POWER_PLANT_NORTH_C.LE_LA_CASELLA,0,0.0,,1,21.0,2021-12,1,24.4,49.0,9.479397,45.089901,,1.0,True,0.0018518518518518,2.0,5.4,Medium likelihood. GFM negative 0% HEFAS positive 5km web: no specific flood news found for this year
ENEL_PRODUZIONE_SPA_-_UB_NORD_OVEST_-_C.LE_ALESSANDRIA,0,0.0,2021-04_2021-05,1,9.0,2021-12,1,27.2,88.0,8.607131,44.940558,,6.0,True,-0.3184630483017579,5.0,32.9,Medium likelihood. GFM negative 0% HEFAS positive 33km web: no specific flood news found for this year
ENEL_PRODUZIONE_SPA_-_UB_NORD_OVEST_-_C.LE_CARPI,0,0.0,,1,11.0,2021-12,1,25.5,49.0,10.901665,44.844442,,20.0,True,0.0804638163509131,5.0,5.2,Medium likelihood. GFM negative 0% HEFAS positive 5km web: no specific flood news found for this year
ENTEGRIS_INC.,0,0.0,,1,59.0,2021-12,1,9.4,49.0,-75.368283,39.840665,,0.0,False,0.0,0.0,,Low likelihood. GFM negative 0% HEFAS negative ?km web: no specific flood news found for this year
ENTERGY_LOUISIANA_LLC_-_NINEMILE_POINT_PLANT,0,0.0,,1,50.0,2021-12,1,18.2,49.0,-90.141305,29.950828,,0.0,False,0.0,0.0,,Low likelihood. GFM negative 0% HEFAS negative ?km web: no specific flood news found for this year
EP_Minerals._LLC,0,0.0,,1,29.0,2021-12,1,24.9,49.0,-117.372228,43.94973,,0.0,False,0.0,0.0,,Low likelihood. GFM negative 0% HEFAS negative ?km web: no specific flood news found for this year
EQM_Gathering_Opco._LLC_-_Basin_160A_-_Appalachian_Eastern_Overthrust_-_GB,0,0.0,,1,88.0,2021-12,1,4.5,49.0,-80.000806,40.44215,,0.0,False,0.0,0.0,,Low likelihood. GFM negative 0% HEFAS negative ?km web: no specific flood news found for this year
EQT_Gathering._LLC_-_Basin_160A_-_Appalachian_Eastern_Overthrust_-_GB,0,0.0,,1,88.0,2021-12,1,4.6,49.0,-80.000781,40.442237,,0.0,False,0.0,0.0,,Low likelihood. GFM negative 0% HEFAS negative ?km web: no specific flood news found for this year
EQT_Gathering._LLC_-_Basin_160_-_Appalachian_-_GB,0,0.0,,1,88.0,2021-12,1,4.6,49.0,-80.000781,40.442237,,0.0,False,0.0,0.0,,Low likelihood. GFM negative 0% HEFAS negative ?km web: no specific flood news found for this year
EQT_Production_-_Basin_160A_-_Appalachian_Eastern_Overthrust,0,0.0,,1,88.0,2021-12,1,4.5,49.0,-80.000806,40.44215,,0.0,False,0.0,0.0,,Low likelihood. GFM negative 0% HEFAS negative ?km web: no specific flood news found for this year
EQT_Production_-_Basin_160A_-_Appalachian_Eastern_Overthrust_-_GB,0,0.0,,1,88.0,2021-12,1,4.5,49.0,-80.000806,40.44215,,0.0,False,0.0,0.0,,Low likelihood. GFM negative 0% HEFAS negative ?km web: no specific flood news found for this year
EQT_Production_-_Basin_160_-_Appalachian,0,0.0,,1,88.0,2021-12,1,4.5,49.0,-80.000806,40.44215,,0.0,False,0.0,0.0,,Low likelihood. GFM negative 0% HEFAS negative ?km web: no specific flood news found for this year
EQUISTAR_CHEMICALS_LP-MATAGORDA_FACILITY,0,0.0,,1,24.0,2021-12,1,19.6,49.0,-95.943084,28.787443,,0.0,False,0.0,0.0,,Low likelihood. GFM negative 0% HEFAS negative ?km web: no specific flood news found for this year
ERAMET_MARIETTA_INC,0,0.0,,1,70.0,2021-12,1,7.4,23.0,-81.523549,39.372884,,0.0,False,0.0,0.0,,Low likelihood. GFM negative 0% HEFAS negative ?km web: no specific flood news found for this year
EVN_AG_0,0,0.0,,1,42.0,2021-12,1,25.0,49.0,16.338007,48.33057,,3.0,True,-0.3673835125448028,2.0,0.5,Medium likelihood. GFM negative 0% HEFAS positive 0km web: no specific flood news found for this year
EVN_AG_1,1,5.0,2021-06,1,23.0,2021-12,1,31.1,82.0,15.708286,48.394846,,11.0,True,0.0450716845878136,5.0,15.6,High likelihood. GFM positive 5% HEFAS positive 16km web: no specific flood news found for this year
EVN_W_rmekraftwerke_GmbH_0,0,0.0,,1,24.0,2021-12,1,28.0,49.0,15.923709,48.325492,,11.0,True,0.0450716845878136,5.0,29.0,Medium likelihood. GFM negative 0% HEFAS positive 29km web: no specific flood news found for this year
EVN_W_rmekraftwerke_GmbH_1,0,0.0,,1,42.0,2021-12,1,25.0,49.0,16.338007,48.33057,,3.0,True,-0.3673835125448028,2.0,0.5,Medium likelihood. GFM negative 0% HEFAS positive 0km web: no specific flood news found for this year
EVN_W_rmekraftwerke_GmbH_2,1,5.0,2021-06,1,23.0,2021-12,1,31.1,82.0,15.708286,48.394846,,11.0,True,0.0450716845878136,5.0,15.6,High likelihood. GFM positive 5% HEFAS positive 16km web: no specific flood news found for this year
EVN_W_rmekraftwerke_GmbH_3,1,1.0,2021-05,1,22.0,2021-12,1,29.1,70.0,15.932343,48.327395,,11.0,True,0.0450716845878136,5.0,29.2,High likelihood. GFM positive 1% HEFAS positive 29km web: no specific flood news found for this year
EVOMEK_-_Fusione_di_leghe_di_alluminio,1,2.0,2021-04_2021-05,1,10.0,2021-12,1,27.9,98.0,12.17245,44.800898,,4.0,True,0.010752688172043,4.0,16.2,High likelihood. GFM positive 2% HEFAS positive 16km web: no specific flood news found for this year
EVONIK_CORP_0,0,0.0,,1,54.0,2021-12,1,10.3,49.0,-75.37299,39.83767,,0.0,False,0.0,0.0,,Low likelihood. GFM negative 0% HEFAS negative ?km web: no specific flood news found for this year
EVONIK_CORP_1,0,0.0,,1,67.0,2021-12,1,8.4,49.0,-88.335033,37.054669,,0.0,False,0.0,0.0,,Low likelihood. GFM negative 0% HEFAS negative ?km web: no specific flood news found for this year
EVONIK_CORP_2,0,0.0,,1,45.0,2021-12,1,12.2,49.0,-89.724537,40.564694,,0.0,False,0.0,0.0,,Low likelihood. GFM negative 0% HEFAS negative ?km web: no specific flood news found for this year
EVONIK_CORP_3,0,0.0,,1,45.0,2021-12,1,17.6,42.0,-96.102078,41.536723,,0.0,False,0.0,0.0,,Low likelihood. GFM negative 0% HEFAS negative ?km web: no specific flood news found for this year
EVONIK_CORP_4,0,0.0,,1,42.0,2021-12,1,18.9,49.0,-90.625334,30.040884,,0.0,False,0.0,0.0,,Low likelihood. GFM negative 0% HEFAS negative ?km web: no specific flood news found for this year
EVONIK_CORP_5,0,0.0,,1,21.0,2021-12,1,17.8,49.0,-90.57458,30.07181,,0.0,False,0.0,0.0,,Low likelihood. GFM negative 0% HEFAS negative ?km web: no specific flood news found for this year
EVONIK_CORP_CALVERT_CITY_PLANT,0,0.0,,1,66.0,2021-12,1,17.3,49.0,-88.348054,37.041072,,0.0,False,0.0,0.0,,Low likelihood. GFM negative 0% HEFAS negative ?km web: no specific flood news found for this year
EVONIK_INDUSTRIES,0,0.0,,0,0.0,,0,0.0,0.0,-89.03712,42.670014,,0.0,False,0.0,0.0,,Low likelihood. GFM negative 0% HEFAS negative ?km web: no specific flood news found for this year
EXACTA_AEROSPACE_INC,0,0.0,,1,48.0,2021-12,1,18.7,34.0,-97.39257,37.665661,,0.0,False,0.0,0.0,,Low likelihood. GFM negative 0% HEFAS negative ?km web: no specific flood news found for this year
EXELON_CORP_CROYDON_GENERATING_STATION,0,0.0,,1,44.0,2021-12,1,14.8,49.0,-74.893356,40.080034,,0.0,False,0.0,0.0,,Low likelihood. GFM negative 0% HEFAS negative ?km web: no specific flood news found for this year
EXELON_CORP_SCHUYLKILL_GENERATING_STATION,0,0.0,,1,78.0,2021-12,1,9.1,49.0,-75.186902,39.94175,,0.0,False,0.0,0.0,,Low likelihood. GFM negative 0% HEFAS negative ?km web: no specific flood news found for this year
EXXONMOBIL_ANCHORAGE_TANK_FARM_0,0,0.0,,1,33.0,2021-12,1,25.7,49.0,-91.222097,30.475257,,0.0,False,0.0,0.0,,Low likelihood. GFM negative 0% HEFAS negative ?km web: no specific flood news found for this year
EXXONMOBIL_ANCHORAGE_TANK_FARM_1,0,0.0,,1,33.0,2021-12,1,25.7,49.0,-91.222097,30.475257,,0.0,False,0.0,0.0,,Low likelihood. GFM negative 0% HEFAS negative ?km web: no specific flood news found for this year
EXXONMOBIL_CHEMICAL_FRANCE_0,0,0.0,,1,54.0,2021-12,1,19.5,49.0,0.529821,49.496151,,0.0,False,-1.0,-1.0,55.9,Low likelihood. GFM negative 0% HEFAS negative 56km web: no specific flood news found for this year
EXXONMOBIL_CHEMICAL_FRANCE_1,0,0.0,,1,54.0,2021-12,1,19.5,49.0,0.529821,49.496151,,0.0,False,-1.0,-1.0,55.9,Low likelihood. GFM negative 0% HEFAS negative 56km web: no specific flood news found for this year
EXXONMOBIL_OIL_CORP_ATWOOD_TERMINAL_0,0,0.0,,1,65.0,2021-12,1,12.8,49.0,-117.838513,33.866655,,0.0,False,0.0,0.0,,Low likelihood. GFM negative 0% HEFAS negative ?km web: no specific flood news found for this year
EXXONMOBIL_OIL_CORP_ATWOOD_TERMINAL_1,0,0.0,,1,65.0,2021-12,1,12.8,49.0,-117.838513,33.866655,,0.0,False,0.0,0.0,,Low likelihood. GFM negative 0% HEFAS negative ?km web: no specific flood news found for this year
EXXONMOBIL_PAULSBORO_LUBE_PLANT_0,0,0.0,,1,65.0,2021-12,1,12.6,49.0,-75.253991,39.829581,,0.0,False,0.0,0.0,,Low likelihood. GFM negative 0% HEFAS negative ?km web: no specific flood news found for this year
EXXONMOBIL_PAULSBORO_LUBE_PLANT_1,0,0.0,,1,65.0,2021-12,1,12.6,49.0,-75.253991,39.829581,,0.0,False,0.0,0.0,,Low likelihood. GFM negative 0% HEFAS negative ?km web: no specific flood news found for this year
EXXON_MOBIL_CORP_MEMPHIS_TERMINAL_0,0,0.0,,1,63.0,2021-12,1,11.1,49.0,-90.077849,35.120421,,0.0,False,0.0,0.0,,Low likelihood. GFM negative 0% HEFAS negative ?km web: no specific flood news found for this year
EXXON_MOBIL_CORP_MEMPHIS_TERMINAL_1,0,0.0,,1,63.0,2021-12,1,11.1,49.0,-90.077849,35.120421,,0.0,False,0.0,0.0,,Low likelihood. GFM negative 0% HEFAS negative ?km web: no specific flood news found for this year
EXXON_MOBIL_CORP_NASHVILLE_TERMINAL_0,0,0.0,,1,64.0,2021-12,1,18.1,49.0,-86.827625,36.180953,,0.0,False,0.0,0.0,,Low likelihood. GFM negative 0% HEFAS negative ?km web: no specific flood news found for this year
EXXON_MOBIL_CORP_NASHVILLE_TERMINAL_1,0,0.0,,1,64.0,2021-12,1,18.1,49.0,-86.827625,36.180953,,0.0,False,0.0,0.0,,Low likelihood. GFM negative 0% HEFAS negative ?km web: no specific flood news found for this year
EXXON_MOBIL_CORP_SPOKANE_TERMINAL_0,0,0.0,,1,51.0,2021-12,1,15.1,35.0,-117.320884,47.670022,,0.0,False,0.0,0.0,,Low likelihood. GFM negative 0% HEFAS negative ?km web: no specific flood news found for this year
EXXON_MOBIL_CORP_SPOKANE_TERMINAL_1,0,0.0,,1,51.0,2021-12,1,15.1,35.0,-117.320884,47.670022,,0.0,False,0.0,0.0,,Low likelihood. GFM negative 0% HEFAS negative ?km web: no specific flood news found for this year
Eaglesham_Sweet_Gas_Plant_02-14-077-25W5,1,4.0,2021-04,1,60.0,2021-12,1,23.4,88.0,-117.761689,55.666859,,0.0,False,0.0,0.0,,Medium likelihood. GFM positive 4% HEFAS negative ?km web: no specific flood news found for this year
Eddystone_Generating_Station,0,0.0,,1,35.0,2021-12,1,8.5,49.0,-75.322976,39.85805,,0.0,False,0.0,0.0,,Low likelihood. GFM negative 0% HEFAS negative ?km web: no specific flood news found for this year
Edwardsport,1,1.0,2021-03,1,77.0,2021-12,1,11.7,98.0,-87.247198,38.806705,,0.0,False,0.0,0.0,,Medium likelihood. GFM positive 1% HEFAS negative ?km web: no specific flood news found for this year
Elmworth_Comp_Stn_08-13,1,18.0,2021-01_2021-02_2021-03_2021-04_2021-05_2021-06_2021-10_2021-11,1,66.0,2021-12,1,30.8,100.0,-119.529062,54.972475,,0.0,False,0.0,0.0,,Medium likelihood. GFM positive 18% HEFAS negative ?km web: no specific flood news found for this year
Elmworth_Comp_Stn_10-13_NPRI,1,18.0,2021-01_2021-02_2021-04_2021-08_2021-10_2021-11_2021-12,1,67.0,2021-12,1,27.6,100.0,-119.388027,55.061871,,0.0,False,0.0,0.0,,Medium likelihood. GFM positive 18% HEFAS negative ?km web: no specific flood news found for this year
Elmworth_Comp_Stn_10-17,1,45.0,2021-01_2021-02_2021-04_2021-05_2021-06_2021-07_2021-08_2021-10_2021-11,1,4.0,2021-12,1,60.4,100.0,-119.337147,55.061912,,0.0,False,0.0,0.0,,Medium likelihood. GFM positive 45% HEFAS negative ?km web: no specific flood news found for this year
Elmworth_Comp_Stn_10-35_NPRI,1,1.0,2021-05_2021-06,1,88.0,2021-12,1,18.2,100.0,-119.413505,55.018373,,0.0,False,0.0,0.0,,Medium likelihood. GFM positive 1% HEFAS negative ?km web: no specific flood news found for this year
Elmworth_Comp_Stn_15-03,0,0.0,,1,73.0,2021-12,1,18.6,49.0,-119.436877,54.950757,,0.0,False,0.0,0.0,,Low likelihood. GFM negative 0% HEFAS negative ?km web: no specific flood news found for this year
Emerald_Rail_Fuelling_Facility,0,0.0,,1,39.0,2021-12,1,23.3,49.0,148.153352,-23.527212,,0.0,False,0.0,0.0,,Low likelihood. GFM negative 0% HEFAS negative ?km web: no specific flood news found for this year
Enerchem_Slave_Lake_16-31-073-05W5,0,0.0,,1,83.0,2021-12,1,15.6,49.0,-114.749016,55.372244,,0.0,False,0.0,0.0,,Low likelihood. GFM negative 0% HEFAS negative ?km web: no specific flood news found for this year
Entergy_New_Orleans._LLC_Gas_Business,0,0.0,,1,71.0,2021-12,1,18.8,49.0,-90.079412,29.979852,,0.0,False,0.0,0.0,,Low likelihood. GFM negative 0% HEFAS negative ?km web: no specific flood news found for this year
Equitable_Gas_Company_PA_dba_Peoples,0,0.0,,1,59.0,2021-12,1,8.0,49.0,-80.008204,40.446493,,0.0,False,0.0,0.0,,Low likelihood. GFM negative 0% HEFAS negative ?km web: no specific flood news found for this year
Equitrans._LP_-_Transmission_Pipeline,0,0.0,,1,88.0,2021-12,1,4.5,49.0,-80.000806,40.44215,,0.0,False,0.0,0.0,,Low likelihood. GFM negative 0% HEFAS negative ?km web: no specific flood news found for this year
Evonik_Degussa_GmbH,0,0.0,,1,70.0,2021-12,1,16.8,49.0,7.795439,47.564562,,31.0,True,0.1216077828981054,4.0,0.5,Medium likelihood. GFM negative 0% HEFAS positive 0km web: no specific flood news found for this year
Evonik_Functional_Solutions_GmbH,0,0.0,,1,57.0,2021-12,1,17.6,49.0,7.02963,50.823942,,19.0,True,0.050426693975081,4.0,9.6,Medium likelihood. GFM negative 0% HEFAS positive 10km web: no specific flood news found for this year
Evonik_Italia_S.r.l.,0,0.0,,1,16.0,2021-12,1,24.2,49.0,9.546887,45.412859,,1.0,True,-0.1473288957159924,2.0,10.8,Medium likelihood. GFM negative 0% HEFAS positive 11km web: no specific flood news found for this year
Evonik_Operations_GmbH_-_Werk_Wesseling,0,0.0,,1,69.0,2021-12,1,21.0,49.0,6.976365,50.834072,,26.0,True,0.0960616146100016,4.0,11.5,Medium likelihood. GFM negative 0% HEFAS positive 12km web: no specific flood news found for this year
Evonik_Operations_GmbH_0,0,0.0,,1,63.0,2021-12,1,17.0,49.0,9.150934,49.832209,,0.0,False,-0.0056280935313193,0.0,7.2,Low likelihood. GFM negative 0% HEFAS negative 7km web: no specific flood news found for this year
Evonik_Operations_GmbH_1,0,0.0,,1,62.0,2021-12,1,15.4,49.0,6.758053,51.49855,,19.0,True,0.0583077316948284,5.0,5.2,Medium likelihood. GFM negative 0% HEFAS positive 5km web: no specific flood news found for this year
Evonik_Operations_GmbH_Standort_Bonn,0,0.0,,1,66.0,2021-12,1,14.1,30.0,7.126978,50.741608,,19.0,True,0.043258235193719,4.0,1.5,Medium likelihood. GFM negative 0% HEFAS positive 2km web: no specific flood news found for this year
Evonik_Operations_GmbH_Werk_Nord,0,0.0,,1,72.0,2021-12,1,18.1,49.0,7.805051,47.568037,,31.0,True,0.1216077828981054,4.0,0.9,Medium likelihood. GFM negative 0% HEFAS positive 1km web: no specific flood news found for this year
Evonik_Superabsorber_GmbH,0,0.0,,1,46.0,2021-12,1,22.4,49.0,8.012925,48.753818,,0.0,False,-0.007168458781362,0.0,11.9,Low likelihood. GFM negative 0% HEFAS negative 12km web: no specific flood news found for this year
ExxonMobil_Chemical_Holland_BV_ROP_van_RPI__0,0,0.0,,1,51.0,2021-12,1,19.6,49.0,4.184806,51.92881,,0.0,False,-2.0,-2.0,91.0,Low likelihood. GFM negative 0% HEFAS negative 91km web: no specific flood news found for this year
ExxonMobil_Chemical_Holland_BV_ROP_van_RPI__1,0,0.0,,1,51.0,2021-12,1,19.6,49.0,4.184806,51.92881,,0.0,False,-2.0,-2.0,91.0,Low likelihood. GFM negative 0% HEFAS negative 91km web: no specific flood news found for this year
FABRICATED_TUBE_PRODUCTS_-_CARROLLTON,0,0.0,,1,50.0,2021-12,1,17.3,49.0,-96.937459,32.951201,,0.0,False,0.0,0.0,,Low likelihood. GFM negative 0% HEFAS negative ?km web: no specific flood news found for this year
FAULKVILLE_CHIPMILL,0,0.0,,1,80.0,2021-12,1,15.6,49.0,-81.356176,32.148301,,0.0,False,0.0,0.0,,Low likelihood. GFM negative 0% HEFAS negative ?km web: no specific flood news found for this year
FAURECIA_AUTOMOTIVE_INDUSTRIE,1,2.0,2021-04_2021-05,1,43.0,2021-12,1,29.9,90.0,5.078017,49.600283,,0.0,False,-1.3584229390681004,0.0,13.9,Medium likelihood. GFM positive 2% HEFAS negative 14km web: no specific flood news found for this year
FEDERAL_CARTRIDGE_CO-CCI,0,0.0,,1,60.0,2021-12,1,12.4,49.0,-117.035056,46.396379,,0.0,False,0.0,0.0,,Low likelihood. GFM negative 0% HEFAS negative ?km web: no specific flood news found for this year
FEDERAL_CARTRIDGE_COMPANY-OROVILLE_OPERATIONS,0,0.0,,1,37.0,2021-12,1,20.8,49.0,-121.567794,39.498845,,0.0,False,0.0,0.0,,Low likelihood. GFM negative 0% HEFAS negative ?km web: no specific flood news found for this year
FGSZ_F_ldg_zsz_ll_t_Z_rtk_r_en_M_k_d__R_szv_nyt_rsas_g_0,0,0.0,2021-04_2021-05,1,4.0,2021-12,1,34.8,100.0,17.210027,47.872599,,2.0,True,-0.068100358422939,2.0,27.8,Medium likelihood. GFM negative 0% HEFAS positive 28km web: no specific flood news found for this year
FGSZ_F_ldg_zsz_ll_t_Z_rtk_r_en_M_k_d__R_szv_nyt_rsas_g_1,1,5.0,2021-05,1,22.0,2021-12,1,31.9,70.0,20.959437,47.882093,,230.0,True,0.4991978153268475,4.0,7.5,High likelihood. GFM positive 5% HEFAS positive 8km web: no specific flood news found for this year
FGSZ_Zrt._0,1,15.0,2021-05,1,5.0,2021-12,1,36.8,70.0,20.997977,47.881182,,22.0,True,-0.2471838197644649,4.0,4.7,High likelihood. GFM positive 15% HEFAS positive 5km web: no specific flood news found for this year
FGSZ_Zrt._1,0,0.0,2021-04_2021-05,1,4.0,2021-12,1,34.8,100.0,17.210027,47.872599,,2.0,True,-0.068100358422939,2.0,27.8,Medium likelihood. GFM negative 0% HEFAS positive 28km web: no specific flood news found for this year
FLEXSYS_AMERICA_LP_KRUMMRICH,0,0.0,,1,62.0,2021-12,1,16.3,49.0,-90.168716,38.597211,,0.0,False,0.0,0.0,,Low likelihood. GFM negative 0% HEFAS negative ?km web: no specific flood news found for this year
FLORIDA_GAS_TRANSMISSION_COMPANY_-_PORT_BARRE,0,0.0,,1,63.0,2021-12,1,19.5,49.0,-91.869612,30.540367,,0.0,False,0.0,0.0,,Low likelihood. GFM negative 0% HEFAS negative ?km web: no specific flood news found for this year
FMC_CORP_0,0,0.0,,1,56.0,2021-12,1,14.3,49.0,-81.631493,30.340142,,0.0,False,0.0,0.0,,Low likelihood. GFM negative 0% HEFAS negative ?km web: no specific flood news found for this year
FMC_CORP_1,0,0.0,,1,14.0,2021-12,1,23.5,49.0,-96.362029,42.328272,,0.0,False,0.0,0.0,,Low likelihood. GFM negative 0% HEFAS negative ?km web: no specific flood news found for this year
FM_Mattsson._S_dra_fabriken,0,0.0,2021-02,1,54.0,2021-12,1,22.2,87.0,14.4901,61.024416,,3.0,True,-0.9919354838709676,2.0,79.4,Medium likelihood. GFM negative 0% HEFAS positive 79km web: no specific flood news found for this year
FOLGER_COFFEE_CO_-_GENTILLY_PLANT,0,0.0,,1,46.0,2021-12,1,15.3,49.0,-89.910217,30.033166,,0.0,False,0.0,0.0,,Low likelihood. GFM negative 0% HEFAS negative ?km web: no specific flood news found for this year
FORTERRA_CONCRETE_INDUSTRIES_INC._-_LOUISVILLE,0,0.0,,1,69.0,2021-12,1,16.7,49.0,-85.842489,38.203685,,0.0,False,0.0,0.0,,Low likelihood. GFM negative 0% HEFAS negative ?km web: no specific flood news found for this year
FORTERRA_CONCRETE_PRODUCTS_-_BONNER_SPRINGS,0,0.0,,1,43.0,2021-12,1,17.9,49.0,-94.860139,39.05607,,0.0,False,0.0,0.0,,Low likelihood. GFM negative 0% HEFAS negative ?km web: no specific flood news found for this year
FORTERRA_CONCRETE_PRODUCTS_-_HUMBOLDT,0,0.0,,1,69.0,2021-12,1,22.0,49.0,-94.207207,42.679517,,0.0,False,0.0,0.0,,Low likelihood. GFM negative 0% HEFAS negative ?km web: no specific flood news found for this year
FORTERRA_CONCRETE_PRODUCTS_-_SHAKOPEE,0,0.0,,1,54.0,2021-12,1,16.2,49.0,-93.428012,44.793949,,0.0,False,0.0,0.0,,Low likelihood. GFM negative 0% HEFAS negative ?km web: no specific flood news found for this year
FORTERRA_PIPE_PRECAST_-_AUSTIN,0,0.0,,1,83.0,2021-12,1,9.2,28.0,-97.692761,30.255281,,0.0,False,0.0,0.0,,Low likelihood. GFM negative 0% HEFAS negative ?km web: no specific flood news found for this year
FORTERRA_PIPE_PRECAST_-_LAPLACE,0,0.0,,1,64.0,2021-12,1,17.2,49.0,-90.46982,30.052616,,0.0,False,0.0,0.0,,Low likelihood. GFM negative 0% HEFAS negative ?km web: no specific flood news found for this year
FORTERRA_PIPE_PRECAST_-_NEW_ORLEANS,0,0.0,,1,59.0,2021-12,1,16.1,49.0,-89.93093,30.017994,,0.0,False,0.0,0.0,,Low likelihood. GFM negative 0% HEFAS negative ?km web: no specific flood news found for this year
FORTERRA_PIPE_PRECAST_-_SAINT_MARTINVILLE,0,0.0,,1,83.0,2021-12,1,13.5,49.0,-91.834777,30.123903,,0.0,False,0.0,0.0,,Low likelihood. GFM negative 0% HEFAS negative ?km web: no specific flood news found for this year
FORTERRA_PIPE_PRECAST_-_WEST_DES_MOINES,0,0.0,,1,45.0,2021-12,1,24.5,49.0,-93.717896,41.56676,,0.0,False,0.0,0.0,,Low likelihood. GFM negative 0% HEFAS negative ?km web: no specific flood news found for this year
FORTERRA_PIPE_PRECAST_-_WEST_MEMPHIS,0,0.0,,1,56.0,2021-12,1,19.2,49.0,-90.179658,35.13552,,0.0,False,0.0,0.0,,Low likelihood. GFM negative 0% HEFAS negative ?km web: no specific flood news found for this year
FORTERRA_PRECAST_CONCEPTS_INC,0,0.0,,1,33.0,2021-12,1,20.2,49.0,-108.624888,39.099004,,0.0,False,0.0,0.0,,Low likelihood. GFM negative 0% HEFAS negative ?km web: no specific flood news found for this year
FORT_MARTIN_POWER_STATION,0,0.0,,1,90.0,2021-12,1,5.2,49.0,-79.927558,39.710687,,0.0,False,0.0,0.0,,Low likelihood. GFM negative 0% HEFAS negative ?km web: no specific flood news found for this year
FORT_MYERS_POWER_PLANT,0,0.0,,1,54.0,2021-12,1,16.8,49.0,-81.78308,26.696688,,0.0,False,0.0,0.0,,Low likelihood. GFM negative 0% HEFAS negative ?km web: no specific flood news found for this year
FORT_WORTH_REGIONAL_LANDFILL,0,0.0,,1,51.0,2021-12,1,16.7,49.0,-97.242914,32.789523,,0.0,False,0.0,0.0,,Low likelihood. GFM negative 0% HEFAS negative ?km web: no specific flood news found for this year
FREEPORT_OLIN_BC,0,0.0,,1,53.0,2021-12,1,12.9,49.0,-95.379509,28.969388,,0.0,False,0.0,0.0,,Low likelihood. GFM negative 0% HEFAS negative ?km web: no specific flood news found for this year
FRENCH_ISLAND_PLANT,0,0.0,2019-05_2019-06,1,56.0,2019-12,1,19.7,96.0,-91.259778,43.829058,,0.0,False,0.0,0.0,,Low likelihood. GFM negative 0% HEFAS negative ?km web: no specific flood news found for this year
FRESENIUS_KABI._BRUNNAFABRIKEN,1,2.0,2021-03,1,49.0,2021-12,1,24.8,96.0,17.739419,59.513643,,19.0,True,0.064516129032258,5.0,33.6,High likelihood. GFM positive 2% HEFAS positive 34km web: no specific flood news found for this year
FRITO-LAY_INC.,1,20.0,2021-02,1,65.0,2021-12,1,26.0,100.0,-122.691979,45.656466,,0.0,False,0.0,0.0,,Medium likelihood. GFM positive 20% HEFAS negative ?km web: no specific flood news found for this year
FRITO_-_LAY_INC.,0,0.0,,1,65.0,2021-12,1,11.4,49.0,-75.838338,42.097291,,0.0,False,0.0,0.0,,Low likelihood. GFM negative 0% HEFAS negative ?km web: no specific flood news found for this year
F_BRICA_DE_MENG_BAR_SMURFIT_KAPPA_ESPA_A._S.A.__0,0,0.0,,1,54.0,2021-12,1,13.3,43.0,-3.799575,37.97863,,1.0,True,0.0019841269841269,2.0,0.6,Medium likelihood. GFM negative 0% HEFAS positive 1km web: no specific flood news found for this year
F_BRICA_DE_MENG_BAR_SMURFIT_KAPPA_ESPA_A._S.A.__1,0,0.0,,1,54.0,2021-12,1,13.3,43.0,-3.799575,37.97863,,1.0,True,0.0019841269841269,2.0,0.6,Medium likelihood. GFM negative 0% HEFAS positive 1km web: no specific flood news found for this year
F_B_Culley_Generating_Station,0,0.0,,1,55.0,2021-12,1,9.0,49.0,-87.326783,37.909954,,0.0,False,0.0,0.0,,Low likelihood. GFM negative 0% HEFAS negative ?km web: no specific flood news found for this year
Ferrier_Gas_Battery_02-17-039-07W5,0,0.0,,1,83.0,2021-12,1,20.1,49.0,-114.969975,52.350494,,0.0,False,0.0,0.0,,Low likelihood. GFM negative 0% HEFAS negative ?km web: no specific flood news found for this year
Ferrier_Sweet_Gas_Plant_01-20-039-07W5,0,0.0,2021-11,1,44.0,2021-12,1,27.6,100.0,-114.963037,52.366257,,0.0,False,0.0,0.0,,Low likelihood. GFM negative 0% HEFAS negative ?km web: no specific flood news found for this year
Ford-Werke_GmbH,0,0.0,,1,70.0,2021-12,1,17.6,49.0,6.913758,50.979163,,26.0,True,0.0769329237071172,4.0,5.8,Medium likelihood. GFM negative 0% HEFAS positive 6km web: no specific flood news found for this year
Fort_Myers,0,0.0,,1,54.0,2021-12,1,16.8,49.0,-81.78308,26.696688,,0.0,False,0.0,0.0,,Low likelihood. GFM negative 0% HEFAS negative ?km web: no specific flood news found for this year
Fort_Saskatchewan_Nitrogen_Operations,0,0.0,,1,63.0,2021-12,1,21.2,49.0,-113.193029,53.725367,,0.0,False,0.0,0.0,,Low likelihood. GFM negative 0% HEFAS negative ?km web: no specific flood news found for this year
GADSDEN_STEAM_PLANT,0,0.0,,1,76.0,2021-12,1,13.1,49.0,-85.97004,34.01276,,0.0,False,0.0,0.0,,Low likelihood. GFM negative 0% HEFAS negative ?km web: no specific flood news found for this year
GARSITE_LLC,0,0.0,,1,54.0,2021-12,1,13.5,49.0,-94.635395,39.089153,,0.0,False,0.0,0.0,,Low likelihood. GFM negative 0% HEFAS negative ?km web: no specific flood news found for this year
GATEWAY_ENERGY_COKE_CO,0,0.0,,1,57.0,2021-12,1,11.4,49.0,-90.130628,38.69688,,0.0,False,0.0,0.0,,Low likelihood. GFM negative 0% HEFAS negative ?km web: no specific flood news found for this year
GATEWAY_TERMINALS_LLC,0,0.0,,1,84.0,2021-12,1,19.5,49.0,-90.1915,38.59061,,0.0,False,0.0,0.0,,Low likelihood. GFM negative 0% HEFAS negative ?km web: no specific flood news found for this year
GCP_APPLIED_TECHNOLOGIES_INC,0,0.0,,1,69.0,2021-12,1,13.9,49.0,-81.924112,33.450602,,0.0,False,0.0,0.0,,Low likelihood. GFM negative 0% HEFAS negative ?km web: no specific flood news found for this year
GELEST_INC,0,0.0,,1,53.0,2021-12,1,15.1,49.0,-74.764802,40.179185,,0.0,False,0.0,0.0,,Low likelihood. GFM negative 0% HEFAS negative ?km web: no specific flood news found for this year
GERHOLD_CONCRETE_CO_-_COLUMBUS_PLANT,0,0.0,,1,20.0,2021-12,1,26.8,49.0,-97.383071,41.437918,,0.0,False,0.0,0.0,,Low likelihood. GFM negative 0% HEFAS negative ?km web: no specific flood news found for this year
GERHOLD_CONCRETE_CO_BLAIR_PLANT,0,0.0,,1,32.0,2021-12,1,20.7,49.0,-96.102362,41.545102,,0.0,False,0.0,0.0,,Low likelihood. GFM negative 0% HEFAS negative ?km web: no specific flood news found for this year
GE_CO_0,0,0.0,,1,52.0,2021-12,1,13.4,49.0,-73.962334,42.810774,,0.0,False,0.0,0.0,,Low likelihood. GFM negative 0% HEFAS negative ?km web: no specific flood news found for this year
GE_CO_1,0,0.0,,1,52.0,2021-12,1,13.4,49.0,-73.962334,42.810774,,0.0,False,0.0,0.0,,Low likelihood. GFM negative 0% HEFAS negative ?km web: no specific flood news found for this year
GE_ENGINE_SERVICES_-_MCALLEN_LP_MAC_2,0,0.0,,1,30.0,2021-12,1,24.3,49.0,-98.284482,26.152045,,0.0,False,0.0,0.0,,Low likelihood. GFM negative 0% HEFAS negative ?km web: no specific flood news found for this year
GE_ENGINE_SERVICES_MCALLEN_LP,0,0.0,,1,32.0,2021-12,1,23.4,49.0,-98.276003,26.155189,,0.0,False,0.0,0.0,,Low likelihood. GFM negative 0% HEFAS negative ?km web: no specific flood news found for this year
GE_FAIRCHILD_MINING_EQUIPMENT,0,0.0,,1,73.0,2021-12,1,4.4,49.0,-80.85355,37.375153,,0.0,False,0.0,0.0,,Low likelihood. GFM negative 0% HEFAS negative ?km web: no specific flood news found for this year
GE_Power_and_Water,0,0.0,,1,54.0,2021-12,1,12.8,49.0,-73.951705,42.809935,,0.0,False,0.0,0.0,,Low likelihood. GFM negative 0% HEFAS negative ?km web: no specific flood news found for this year
GIVAUDAN_LAVIROTTE_GROUPE_ISALTIS,0,0.0,,1,67.0,2021-12,1,14.5,39.0,4.861754,45.733112,,0.0,False,-1.0,-1.0,19.5,Low likelihood. GFM negative 0% HEFAS negative 20km web: no specific flood news found for this year
GM_MLCG_FAIRFAX_ASSEMBLY,0,0.0,,1,43.0,2021-12,1,16.7,49.0,-94.601819,39.147465,,0.0,False,0.0,0.0,,Low likelihood. GFM negative 0% HEFAS negative ?km web: no specific flood news found for this year
GOLD_CREEK_EAST_13-29,1,8.0,2021-03_2021-05,1,70.0,2021-12,1,20.9,94.0,-118.584765,54.832813,,0.0,False,0.0,0.0,,Medium likelihood. GFM positive 8% HEFAS negative ?km web: no specific flood news found for this year
GORGAS_STEAM_PLANT,0,0.0,,1,69.0,2021-12,1,9.0,49.0,-87.199869,33.644799,,0.0,False,0.0,0.0,,Low likelihood. GFM negative 0% HEFAS negative ?km web: no specific flood news found for this year
GRACO_INC-ANOKA,0,0.0,,1,41.0,2021-12,1,19.0,49.0,-93.417057,45.221487,,0.0,False,0.0,0.0,,Low likelihood. GFM negative 0% HEFAS negative ?km web: no specific flood news found for this year
GRACO_INC_SIOUX_FALLS,0,0.0,,1,43.0,2021-12,1,22.1,44.0,-96.721397,43.58453,,0.0,False,0.0,0.0,,Low likelihood. GFM negative 0% HEFAS negative ?km web: no specific flood news found for this year
GRACO_MINNESOTA_INC_-_MINNEAPOLIS,0,0.0,,1,53.0,2021-12,1,13.5,49.0,-93.270473,44.997455,,0.0,False,0.0,0.0,,Low likelihood. GFM negative 0% HEFAS negative ?km web: no specific flood news found for this year
GRANITE_CONSTRUCTION_CO,0,0.0,,1,35.0,2021-12,1,24.9,49.0,-122.181875,48.018062,,0.0,False,0.0,0.0,,Low likelihood. GFM negative 0% HEFAS negative ?km web: no specific flood news found for this year
GRASSLAND_11-07,1,13.0,2021-03_2021-04_2021-08_2021-11,1,34.0,2021-12,1,31.3,100.0,-112.744142,54.786404,,0.0,False,0.0,0.0,,Medium likelihood. GFM positive 13% HEFAS negative ?km web: no specific flood news found for this year
GREENE_COUNTY_STEAM_PLANT,0,0.0,,1,56.0,2021-12,1,14.3,49.0,-87.785936,32.602225,,0.0,False,0.0,0.0,,Low likelihood. GFM negative 0% HEFAS negative ?km web: no specific flood news found for this year
GREENVILLE_TUBE_CO_LLC,0,0.0,,1,58.0,2021-12,1,16.6,49.0,-93.4737,35.461102,,0.0,False,0.0,0.0,,Low likelihood. GFM negative 0% HEFAS negative ?km web: no specific flood news found for this year
GREEN_PLAINS_CENTRAL_CITY_LLC,0,0.0,,1,7.0,2021-12,1,29.2,49.0,-97.972692,41.111103,,0.0,False,0.0,0.0,,Low likelihood. GFM negative 0% HEFAS negative ?km web: no specific flood news found for this year
GREEN_PLAINS_MADISON_LLC,0,0.0,,1,68.0,2021-12,1,17.0,49.0,-90.171889,38.67993,,0.0,False,0.0,0.0,,Low likelihood. GFM negative 0% HEFAS negative ?km web: no specific flood news found for this year
GRIFFIN_PIPE_PRODUCTS_CO,0,0.0,,1,88.0,2021-12,1,4.9,49.0,-79.140893,37.420744,,0.0,False,0.0,0.0,,Low likelihood. GFM negative 0% HEFAS negative ?km web: no specific flood news found for this year
GROWS_LDFL_WASTE_MGMT,0,0.0,,1,33.0,2021-12,1,17.7,49.0,-74.776649,40.159335,,0.0,False,0.0,0.0,,Low likelihood. GFM negative 0% HEFAS negative ?km web: no specific flood news found for this year
GULFMARK_ENERGY_INC,0,0.0,,1,55.0,2021-12,1,16.9,49.0,-96.027429,28.865382,,0.0,False,0.0,0.0,,Low likelihood. GFM negative 0% HEFAS negative ?km web: no specific flood news found for this year
GULF_ISLAND_FABRICATION_LLC,0,0.0,,1,39.0,2021-12,1,18.7,49.0,-90.697817,29.542973,,0.0,False,0.0,0.0,,Low likelihood. GFM negative 0% HEFAS negative ?km web: no specific flood news found for this year
GULF_ISLAND_SERVICES_LLC,0,0.0,,1,49.0,2021-12,1,18.9,49.0,-90.689555,29.544067,,0.0,False,0.0,0.0,,Low likelihood. GFM negative 0% HEFAS negative ?km web: no specific flood news found for this year
Galloway_Compressor_Station_13-26-054-22W5,0,0.0,,1,85.0,2021-12,1,17.2,49.0,-117.15374,53.697827,,0.0,False,0.0,0.0,,Low likelihood. GFM negative 0% HEFAS negative ?km web: no specific flood news found for this year
Gas_Connect_Austria_GmbH,0,0.0,,1,3.0,2021-12,1,40.3,49.0,15.852085,48.416765,,11.0,True,0.0450716845878136,5.0,17.7,Medium likelihood. GFM negative 0% HEFAS positive 18km web: no specific flood news found for this year
Gascan_Mitsue_OB_16-33-74-06W5,0,0.0,,1,92.0,2021-12,1,12.9,49.0,-114.851327,55.459439,,0.0,False,0.0,0.0,,Low likelihood. GFM negative 0% HEFAS negative ?km web: no specific flood news found for this year
General_Dynamic_OTS-Canada_Valleyfield_Inc.,0,0.0,,1,24.0,2021-12,1,23.9,49.0,-74.07177,45.286723,,0.0,False,0.0,0.0,,Low likelihood. GFM negative 0% HEFAS negative ?km web: no specific flood news found for this year
General_Dynamics_OTS-Canada_Usine_de_Le_Gardeur,0,0.0,,1,44.0,2021-12,1,26.6,49.0,-73.480801,45.748594,,0.0,False,0.0,0.0,,Low likelihood. GFM negative 0% HEFAS negative ?km web: no specific flood news found for this year
Gerresheimer_Lohr_GmbH,0,0.0,,1,47.0,2021-12,1,17.8,49.0,9.578865,49.983971,,15.0,True,0.0708504010923365,5.0,3.4,Medium likelihood. GFM negative 0% HEFAS positive 3km web: no specific flood news found for this year
Gibson_Island,0,0.0,,1,43.0,2021-12,1,25.2,49.0,153.123897,-27.433898,,0.0,False,0.0,0.0,,Low likelihood. GFM negative 0% HEFAS negative ?km web: no specific flood news found for this year
Gold_Creek_Gas_Battery_01-06-070-08W6,0,0.0,,1,62.0,2021-12,1,21.1,49.0,-119.198898,55.027015,,0.0,False,0.0,0.0,,Low likelihood. GFM negative 0% HEFAS negative ?km web: no specific flood news found for this year
Gorgas,0,0.0,,1,70.0,2021-12,1,8.7,49.0,-87.200327,33.644578,,0.0,False,0.0,0.0,,Low likelihood. GFM negative 0% HEFAS negative ?km web: no specific flood news found for this year
Grand_Forks_Sawmill,0,0.0,,1,42.0,2021-12,1,19.0,49.0,-118.43721,49.025501,,0.0,False,0.0,0.0,,Low likelihood. GFM negative 0% HEFAS negative ?km web: no specific flood news found for this year
Grande_Prairie_Sawmill,0,0.0,,1,54.0,2021-12,1,15.3,49.0,-118.68896,55.071079,,0.0,False,0.0,0.0,,Low likelihood. GFM negative 0% HEFAS negative ?km web: no specific flood news found for this year
Greater_Des_Moines_Energy_Center,0,0.0,2021-02,1,3.0,2021-12,1,20.2,100.0,-93.528294,41.556328,,0.0,False,0.0,0.0,,Low likelihood. GFM negative 0% HEFAS negative ?km web: no specific flood news found for this year
Growler,0,0.0,,1,59.0,2021-12,1,14.8,49.0,139.566045,-27.558946,,0.0,False,0.0,0.0,,Low likelihood. GFM negative 0% HEFAS negative ?km web: no specific flood news found for this year
Gulf_South_Pipeline_-_Arnaudville_Station,0,0.0,,1,36.0,2021-12,1,24.2,49.0,-91.897764,30.417651,,0.0,False,0.0,0.0,,Low likelihood. GFM negative 0% HEFAS negative ?km web: no specific flood news found for this year
Gulf_South_Pipeline_-_Marksville_Station,0,0.0,,1,88.0,2021-12,1,11.4,49.0,-92.201583,31.163169,,0.0,False,0.0,0.0,,Low likelihood. GFM negative 0% HEFAS negative ?km web: no specific flood news found for this year
Gulf_South_Pipeline_-_Rodrigue_Station,0,0.0,,1,71.0,2021-12,1,20.1,49.0,-91.11858,30.058207,,0.0,False,0.0,0.0,,Low likelihood. GFM negative 0% HEFAS negative ?km web: no specific flood news found for this year
Gulf_South_Pipeline_-_Sterlington_Station,0,0.0,2021-10,1,34.0,2021-12,1,19.0,75.0,-92.089342,32.671552,,0.0,False,0.0,0.0,,Low likelihood. GFM negative 0% HEFAS negative ?km web: no specific flood news found for this year
Gulf_South_Pipeline_-_Tallulah_Station,1,1.0,2021-05,1,36.0,2021-12,1,26.0,100.0,-91.173663,32.39595,,0.0,False,0.0,0.0,,Medium likelihood. GFM positive 1% HEFAS negative ?km web: no specific flood news found for this year
HALLIBURTON_BOSSIER_CITY_FIELD_CAMP,0,0.0,,1,29.0,2021-12,1,22.6,49.0,-93.666518,32.528416,,0.0,False,0.0,0.0,,Low likelihood. GFM negative 0% HEFAS negative ?km web: no specific flood news found for this year
HALLIBURTON_GRAND_JUNCTION_FIELD_CAMP,0,0.0,,1,41.0,2021-12,1,17.1,49.0,-108.460377,39.062837,,0.0,False,0.0,0.0,,Low likelihood. GFM negative 0% HEFAS negative ?km web: no specific flood news found for this year
HALLIBURTON_LAROSE_GRINDING_PLANT,0,0.0,,1,60.0,2021-12,1,19.3,49.0,-90.384199,29.566766,,0.0,False,0.0,0.0,,Low likelihood. GFM negative 0% HEFAS negative ?km web: no specific flood news found for this year
HALLIBURTON_WILLISTON_BAROID,1,23.0,2021-04_2021-05,1,28.0,2021-12,1,41.3,100.0,-103.604794,48.161378,,0.0,False,0.0,0.0,,Medium likelihood. GFM positive 23% HEFAS negative ?km web: no specific flood news found for this year
HAMMOND_STEAM_ELECTRIC_GENERATING_PLANT,1,2.0,2021-03,1,35.0,2021-12,1,18.1,89.0,-85.345907,34.249921,,0.0,False,0.0,0.0,,Medium likelihood. GFM positive 2% HEFAS negative ?km web: no specific flood news found for this year
HARSCO_METALS_-_BRI,0,0.0,,1,84.0,2021-12,1,5.2,49.0,-79.852381,40.391553,,0.0,False,0.0,0.0,,Low likelihood. GFM negative 0% HEFAS negative ?km web: no specific flood news found for this year
HARSCO_METALS_-_GALLATIN,0,0.0,,1,71.0,2021-12,1,12.7,49.0,-84.995813,38.758929,,0.0,False,0.0,0.0,,Low likelihood. GFM negative 0% HEFAS negative ?km web: no specific flood news found for this year
HARSCO_METALS_-_HICKMAN,0,0.0,,1,52.0,2021-12,1,15.7,49.0,-89.716592,35.94441,,0.0,False,0.0,0.0,,Low likelihood. GFM negative 0% HEFAS negative ?km web: no specific flood news found for this year
HARSCO_METALS_-_NATRONA,0,0.0,,1,81.0,2021-12,1,6.6,49.0,-79.722222,40.616619,,0.0,False,0.0,0.0,,Low likelihood. GFM negative 0% HEFAS negative ?km web: no specific flood news found for this year
HARSCO_METALS_-_NYS,1,2.0,2021-05,1,37.0,2021-12,1,24.8,100.0,-89.78408,35.888455,,0.0,False,0.0,0.0,,Medium likelihood. GFM positive 2% HEFAS negative ?km web: no specific flood news found for this year
HARSCO_MINERALS_OF_KY._LLC,0,0.0,,1,85.0,2021-12,1,7.5,49.0,-85.072229,38.727767,,0.0,False,0.0,0.0,,Low likelihood. GFM negative 0% HEFAS negative ?km web: no specific flood news found for this year
HATFIELD_POWER_STATION,0,0.0,,1,87.0,2021-12,1,5.8,49.0,-79.929445,39.856814,,0.0,False,0.0,0.0,,Low likelihood. GFM negative 0% HEFAS negative ?km web: no specific flood news found for this year
HAVERHILL_COKE_CO_LLC,0,0.0,,1,35.0,2021-12,1,17.9,49.0,-82.827097,38.597222,,0.0,False,0.0,0.0,,Low likelihood. GFM negative 0% HEFAS negative ?km web: no specific flood news found for this year
HAWKINS_INC._-_CAMANCHE,1,5.0,2021-02,1,34.0,2021-12,1,26.3,83.0,-90.245532,41.803375,,0.0,False,0.0,0.0,,Medium likelihood. GFM positive 5% HEFAS negative ?km web: no specific flood news found for this year
HAWKINS_INC._-_DUPO,0,0.0,,1,61.0,2021-12,1,14.2,49.0,-90.213408,38.523141,,0.0,False,0.0,0.0,,Low likelihood. GFM negative 0% HEFAS negative ?km web: no specific flood news found for this year
HAWKINS_WATER_TREATMENT_GROUP_-_RED_ROCK,0,0.0,,1,50.0,2021-12,1,12.2,49.0,-93.016965,44.898596,,0.0,False,0.0,0.0,,Low likelihood. GFM negative 0% HEFAS negative ?km web: no specific flood news found for this year
HAWTHORN_GENERATING_STATION,1,5.0,2019-02_2019-05_2019-06,1,46.0,2019-12,1,20.3,97.0,-94.477816,39.130844,,0.0,False,0.0,0.0,,Medium likelihood. GFM positive 5% HEFAS negative ?km web: no specific flood news found for this year
HEATEC_INC.,0,0.0,,1,76.0,2021-12,1,11.4,49.0,-85.30907,34.988183,,0.0,False,0.0,0.0,,Low likelihood. GFM negative 0% HEFAS negative ?km web: no specific flood news found for this year
HENKEL_US_OPERATIONS_CORP_0,1,1.0,2021-05_2021-07,1,13.0,2021-12,1,19.4,84.0,-93.92257,39.25597,,0.0,False,0.0,0.0,,Medium likelihood. GFM positive 1% HEFAS negative ?km web: no specific flood news found for this year
HENKEL_US_OPERATIONS_CORP_1,0,0.0,,1,47.0,2021-12,1,16.9,49.0,-94.55685,39.134234,,0.0,False,0.0,0.0,,Low likelihood. GFM negative 0% HEFAS negative ?km web: no specific flood news found for this year
HENKEL_US_OPERATIONS_CORP_2,1,1.0,2021-05_2021-07,1,13.0,2021-12,1,19.4,84.0,-93.92257,39.25597,,0.0,False,0.0,0.0,,Medium likelihood. GFM positive 1% HEFAS negative ?km web: no specific flood news found for this year
HENKEL_US_OPERATIONS_CORP_3,0,0.0,,1,47.0,2021-12,1,16.9,49.0,-94.55685,39.134234,,0.0,False,0.0,0.0,,Low likelihood. GFM negative 0% HEFAS negative ?km web: no specific flood news found for this year
HENKEL_US_OPERATIONS_CORP_4,1,1.0,2021-05_2021-07,1,13.0,2021-12,1,19.4,84.0,-93.92257,39.25597,,0.0,False,0.0,0.0,,Medium likelihood. GFM positive 1% HEFAS negative ?km web: no specific flood news found for this year
HENKEL_US_OPERATIONS_CORP_5,0,0.0,,1,47.0,2021-12,1,16.9,49.0,-94.55685,39.134234,,0.0,False,0.0,0.0,,Low likelihood. GFM negative 0% HEFAS negative ?km web: no specific flood news found for this year
HENKEL_US_OPERATIONS_CORP_6,1,1.0,2021-05_2021-07,1,13.0,2021-12,1,19.4,84.0,-93.92257,39.25597,,0.0,False,0.0,0.0,,Medium likelihood. GFM positive 1% HEFAS negative ?km web: no specific flood news found for this year
HENKEL_US_OPERATIONS_CORP_7,0,0.0,,1,47.0,2021-12,1,16.9,49.0,-94.55685,39.134234,,0.0,False,0.0,0.0,,Low likelihood. GFM negative 0% HEFAS negative ?km web: no specific flood news found for this year
HIBBARD_RENEWABLE_ENERGY_CENTER,0,0.0,,1,18.0,2021-12,1,4.2,49.0,-92.152417,46.735707,,0.0,False,0.0,0.0,,Low likelihood. GFM negative 0% HEFAS negative ?km web: no specific flood news found for this year
HILL_S_PET_NUTRITION_INC,0,0.0,,1,60.0,2021-12,1,13.4,49.0,-95.672842,39.061031,,0.0,False,0.0,0.0,,Low likelihood. GFM negative 0% HEFAS negative ?km web: no specific flood news found for this year
HINO_MOTORS_MANUFACTURING_USA_INC._0,0,0.0,,1,80.0,2021-12,1,8.3,42.0,-81.524447,39.20971,,0.0,False,0.0,0.0,,Low likelihood. GFM negative 0% HEFAS negative ?km web: no specific flood news found for this year
HINO_MOTORS_MANUFACTURING_USA_INC._1,0,0.0,,1,80.0,2021-12,1,8.3,42.0,-81.524447,39.20971,,0.0,False,0.0,0.0,,Low likelihood. GFM negative 0% HEFAS negative ?km web: no specific flood news found for this year
HINO_MOTORS_MANUFACTURING_USA_INC_0,0,0.0,,1,69.0,2021-12,1,7.7,49.0,-81.470146,39.392967,,0.0,False,0.0,0.0,,Low likelihood. GFM negative 0% HEFAS negative ?km web: no specific flood news found for this year
HINO_MOTORS_MANUFACTURING_USA_INC_1,0,0.0,,1,69.0,2021-12,1,7.7,49.0,-81.470146,39.392967,,0.0,False,0.0,0.0,,Low likelihood. GFM negative 0% HEFAS negative ?km web: no specific flood news found for this year
HINO_MOTORS_MFG._USA_INC._0,1,2.0,2021-02_2021-06,1,5.0,2021-12,1,38.7,78.0,-90.258531,35.175767,,0.0,False,0.0,0.0,,Medium likelihood. GFM positive 2% HEFAS negative ?km web: no specific flood news found for this year
HINO_MOTORS_MFG._USA_INC._1,1,2.0,2021-02_2021-06,1,5.0,2021-12,1,38.7,78.0,-90.258531,35.175767,,0.0,False,0.0,0.0,,Medium likelihood. GFM positive 2% HEFAS negative ?km web: no specific flood news found for this year
HITACHI_ENERGY_USA_INC._0,0,0.0,,1,53.0,2021-12,1,14.3,49.0,-92.155634,38.599774,,0.0,False,0.0,0.0,,Low likelihood. GFM negative 0% HEFAS negative ?km web: 2019 Midwestern U.S. floods (Mississippi/Missouri) https://en.wikipedia.org/wiki/2019_Midwestern_U.S._floods
HITACHI_ENERGY_USA_INC._1,0,0.0,,1,53.0,2021-12,1,14.3,49.0,-92.155634,38.599774,,0.0,False,0.0,0.0,,Low likelihood. GFM negative 0% HEFAS negative ?km web: 2019 Midwestern U.S. floods (Mississippi/Missouri) https://en.wikipedia.org/wiki/2019_Midwestern_U.S._floods
HOBSON_GALVANIZING_INC,0,0.0,,1,72.0,2021-12,1,16.8,49.0,-90.038989,29.843175,,0.0,False,0.0,0.0,,Low likelihood. GFM negative 0% HEFAS negative ?km web: no specific flood news found for this year
HOLLYFRONTIER_TULSA_REFINING_LLC_EAST_FACILITY,0,0.0,,1,43.0,2021-12,1,16.7,49.0,-96.001057,36.118383,,0.0,False,0.0,0.0,,Low likelihood. GFM negative 0% HEFAS negative ?km web: no specific flood news found for this year
HOLLYFRONTIER_TULSA_REFINING_WEST_FACILITY,0,0.0,,1,34.0,2021-12,1,15.3,49.0,-96.014865,36.1396,,0.0,False,0.0,0.0,,Low likelihood. GFM negative 0% HEFAS negative ?km web: no specific flood news found for this year
HONEYWELL_INTERNATIONAL_INC_0,0,0.0,,1,59.0,2021-12,1,11.6,49.0,-73.695817,42.748796,,0.0,False,0.0,0.0,,Low likelihood. GFM negative 0% HEFAS negative ?km web: no specific flood news found for this year
HONEYWELL_INTERNATIONAL_INC_1,0,0.0,,1,70.0,2021-12,1,11.8,49.0,-82.65798,38.505779,,0.0,False,0.0,0.0,,Low likelihood. GFM negative 0% HEFAS negative ?km web: no specific flood news found for this year
HONEYWELL_INTERNATIONAL_INC_GEISMAR_PLANT,0,0.0,,1,63.0,2021-12,1,16.6,49.0,-91.051467,30.221874,,0.0,False,0.0,0.0,,Low likelihood. GFM negative 0% HEFAS negative ?km web: no specific flood news found for this year
HONEYWELL_SAFETY_PRODUCTS,0,0.0,,1,47.0,2021-12,1,19.4,49.0,-90.594397,41.500156,,0.0,False,0.0,0.0,,Low likelihood. GFM negative 0% HEFAS negative ?km web: no specific flood news found for this year
HUBBELL_LENOIR_CITY_INC,0,0.0,,1,82.0,2021-12,1,7.5,49.0,-84.274689,35.77907,,0.0,False,0.0,0.0,,Low likelihood. GFM negative 0% HEFAS negative ?km web: no specific flood news found for this year
HUNTINGTON_ALLOYS_CORP,0,0.0,,1,68.0,2021-12,1,12.6,49.0,-82.580858,38.267087,,0.0,False,0.0,0.0,,Low likelihood. GFM negative 0% HEFAS negative ?km web: no specific flood news found for this year
H_ndel_verket,0,0.0,,1,72.0,2021-12,1,16.7,49.0,16.233355,58.61953,,5.0,True,-0.6523297491039426,4.0,20.1,Medium likelihood. GFM negative 0% HEFAS positive 20km web: no specific flood news found for this year
Hammond_Division,0,0.0,,1,62.0,2021-12,1,10.9,49.0,-122.65295,49.204868,,0.0,False,0.0,0.0,,Low likelihood. GFM negative 0% HEFAS negative ?km web: no specific flood news found for this year
Hawthorn_Generating_Station,0,0.0,,1,46.0,2021-12,0,0.0,0.0,-94.477828,39.130574,,0.0,False,0.0,0.0,,Low likelihood. GFM negative 0% HEFAS negative ?km web: no specific flood news found for this year
Hay_River_Terminal,0,0.0,,1,40.0,2021-12,1,22.9,49.0,-115.777669,60.824404,,0.0,False,0.0,0.0,,Low likelihood. GFM negative 0% HEFAS negative ?km web: no specific flood news found for this year
HeidelbergCement_AG._Zementwerk_Burglengenfeld,1,1.0,2021-06,1,56.0,2021-12,1,17.7,87.0,12.028334,49.212777,,14.0,True,0.0519499914661205,3.0,4.7,High likelihood. GFM positive 1% HEFAS positive 5km web: no specific flood news found for this year
Hexham_Train_Support_Facility,0,0.0,,1,33.0,2021-12,1,23.6,49.0,151.680786,-32.823181,,0.0,False,0.0,0.0,,Low likelihood. GFM negative 0% HEFAS negative ?km web: no specific flood news found for this year
Hibbard_Energy_Center,0,0.0,,1,21.0,2021-12,1,4.3,49.0,-92.153087,46.73556,,0.0,False,0.0,0.0,,Low likelihood. GFM negative 0% HEFAS negative ?km web: no specific flood news found for this year
Honeywell_Specialty_Chemicals_Seelze_GmbH,1,1.0,2021-05,1,49.0,2021-12,1,22.2,78.0,9.583214,52.400682,,6.0,True,0.0132488479262672,3.0,6.5,High likelihood. GFM positive 1% HEFAS positive 6km web: no specific flood news found for this year
Hudson_Bay_OSB,0,0.0,,1,40.0,2021-12,1,25.4,49.0,-102.362587,52.822474,,0.0,False,0.0,0.0,,Low likelihood. GFM negative 0% HEFAS negative ?km web: no specific flood news found for this year
Hunlock_Creek_Energy_Center,0,0.0,,1,86.0,2021-12,1,5.8,49.0,-76.068309,41.203246,,0.0,False,0.0,0.0,,Low likelihood. GFM negative 0% HEFAS negative ?km web: no specific flood news found for this year
Hunlock_Unit_4,0,0.0,,1,86.0,2021-12,1,5.8,49.0,-76.068309,41.203246,,0.0,False,0.0,0.0,,Low likelihood. GFM negative 0% HEFAS negative ?km web: no specific flood news found for this year
IATAN_GENERATING_STATION,0,0.0,,1,50.0,2021-12,1,16.5,49.0,-94.97921,39.447548,,0.0,False,0.0,0.0,,Low likelihood. GFM negative 0% HEFAS negative ?km web: no specific flood news found for this year
ILLINOIS_CORN_PROCESSING_LLC,0,0.0,,1,70.0,2021-12,1,12.9,49.0,-89.670089,40.55338,,0.0,False,0.0,0.0,,Low likelihood. GFM negative 0% HEFAS negative ?km web: no specific flood news found for this year
IMERYS_ALUMINATES_EX_KERNEOS,0,0.0,,1,64.0,2021-12,1,18.1,49.0,4.688802,44.510627,,0.0,False,-1.0,-1.0,24.4,Low likelihood. GFM negative 0% HEFAS negative 24km web: no specific flood news found for this year
IMERYS_GRAPHITE_CARBON_BELGIUM,0,0.0,,1,53.0,2021-12,1,20.7,49.0,4.349882,51.069574,,0.0,False,-1.4238948626045398,-1.0,14.2,Low likelihood. GFM negative 0% HEFAS negative 14km web: no specific flood news found for this year
INDEPENDENCE_TUBE_CORP,0,0.0,,1,35.0,2021-12,1,5.5,49.0,-87.081414,34.66091,,0.0,False,0.0,0.0,,Low likelihood. GFM negative 0% HEFAS negative ?km web: no specific flood news found for this year
INGREDION,0,0.0,,1,64.0,2021-12,1,10.7,49.0,-89.72874,40.565022,,0.0,False,0.0,0.0,,Low likelihood. GFM negative 0% HEFAS negative ?km web: no specific flood news found for this year
INGREDION_INC_0,0,0.0,,1,62.0,2021-12,1,22.3,49.0,-91.665802,41.969382,,0.0,False,0.0,0.0,,Low likelihood. GFM negative 0% HEFAS negative ?km web: no specific flood news found for this year
INGREDION_INC_1,0,0.0,,1,48.0,2021-12,1,13.9,49.0,-94.57329,39.125983,,0.0,False,0.0,0.0,,Low likelihood. GFM negative 0% HEFAS negative ?km web: no specific flood news found for this year
INSTEEL_WIRE_PRODUCTS,0,0.0,,1,37.0,2021-12,1,15.4,49.0,-89.210319,36.558486,,0.0,False,0.0,0.0,,Low likelihood. GFM negative 0% HEFAS negative ?km web: no specific flood news found for this year
INTERNATIONAL_PAPER-_NEW_BERN_MILL,0,0.0,,1,51.0,2021-12,1,14.9,49.0,-77.114743,35.212258,,0.0,False,0.0,0.0,,Low likelihood. GFM negative 0% HEFAS negative ?km web: no specific flood news found for this year
INTERNATIONAL_PAPER_CO,0,0.0,,1,39.0,2021-12,1,17.2,49.0,-91.330305,40.623637,,0.0,False,0.0,0.0,,Low likelihood. GFM negative 0% HEFAS negative ?km web: no specific flood news found for this year
INTERSTATE_CONCRETE_ASPHALT_DBA_HOOD_RIVER_SAND_GRAVEL,0,0.0,,1,62.0,2021-12,1,11.7,49.0,-121.49765,45.708543,,0.0,False,0.0,0.0,,Low likelihood. GFM negative 0% HEFAS negative ?km web: no specific flood news found for this year
IPL_PETERSBURG,1,4.0,2021-03,1,61.0,2021-12,1,14.8,100.0,-87.252964,38.527755,,0.0,False,0.0,0.0,,Medium likelihood. GFM positive 4% HEFAS negative ?km web: no specific flood news found for this year
IPSCO_TUBULARS_INC_0,0,0.0,2021-04,1,18.0,2021-12,1,26.1,58.0,-89.732747,35.949348,,0.0,False,0.0,0.0,,Low likelihood. GFM negative 0% HEFAS negative ?km web: no specific flood news found for this year
IPSCO_TUBULARS_INC_1,0,0.0,2021-04,1,18.0,2021-12,1,26.1,58.0,-89.732747,35.949348,,0.0,False,0.0,0.0,,Low likelihood. GFM negative 0% HEFAS negative ?km web: no specific flood news found for this year
IPSCO_TUBULARS_KENTUCKY_INC_0,0,0.0,,1,79.0,2021-12,1,15.9,49.0,-84.495839,39.060239,,0.0,False,0.0,0.0,,Low likelihood. GFM negative 0% HEFAS negative ?km web: no specific flood news found for this year
IPSCO_TUBULARS_KENTUCKY_INC_1,0,0.0,,1,79.0,2021-12,1,15.9,49.0,-84.495839,39.060239,,0.0,False,0.0,0.0,,Low likelihood. GFM negative 0% HEFAS negative ?km web: no specific flood news found for this year
Imerys_Fused_Minerals_Laufenburg_GmbH,0,0.0,,1,68.0,2021-12,1,18.8,49.0,8.038408,47.556842,,51.0,True,0.1764934289127837,3.0,5.8,Medium likelihood. GFM negative 0% HEFAS positive 6km web: no specific flood news found for this year
Imerys_Fused_Minerals_Ru_e,0,0.0,,1,54.0,2021-12,1,15.2,49.0,15.52104,46.548521,,1.0,True,0.0017921146953405,2.0,7.6,Medium likelihood. GFM negative 0% HEFAS positive 8km web: no specific flood news found for this year
Imerys_Fused_Minerals_Villach_GmbH_0,1,1.0,2021-02,1,58.0,2021-12,1,20.1,100.0,13.876757,46.62056,,133.0,True,0.2800221880867042,2.0,3.7,High likelihood. GFM positive 1% HEFAS positive 4km web: No clear flood headlines in this year; region had mid-Nov 2019 floods (Kleine Zeitung) https://www.kleinezeitung.at/kaernten/villach/5740970/Jahresrueckblick_Extremes-Unwetter-hielt-eine-ganze-Region-in-Atem
Imerys_Fused_Minerals_Villach_GmbH_1,1,1.0,2021-02,1,58.0,2021-12,1,20.1,100.0,13.876757,46.62056,,133.0,True,0.2800221880867042,2.0,3.7,High likelihood. GFM positive 1% HEFAS positive 4km web: No clear flood headlines in this year; region had mid-Nov 2019 floods (Kleine Zeitung) https://www.kleinezeitung.at/kaernten/villach/5740970/Jahresrueckblick_Extremes-Unwetter-hielt-eine-ganze-Region-in-Atem
Imerys_Magyarorsz_g_T_z_ll_anyaggy_rt_kft,1,3.0,2021-05,1,29.0,2021-12,1,27.3,91.0,20.371299,46.410975,,0.0,False,-0.3333333333333333,0.0,24.0,Medium likelihood. GFM positive 3% HEFAS negative 24km web: no specific flood news found for this year
Imerys_T_z_ll_anyaggy_rt_Kft.,1,3.0,2021-05,1,29.0,2021-12,1,27.3,91.0,20.371299,46.410975,,0.0,False,-0.3333333333333333,0.0,24.0,Medium likelihood. GFM positive 3% HEFAS negative 24km web: no specific flood news found for this year
Imerys_Villach_GmbH,1,1.0,2021-02,1,58.0,2021-12,1,20.1,100.0,13.876757,46.62056,,133.0,True,0.2800221880867042,2.0,3.7,High likelihood. GFM positive 1% HEFAS positive 4km web: No clear flood headlines in this year; region had mid-Nov 2019 floods (Kleine Zeitung) https://www.kleinezeitung.at/kaernten/villach/5740970/Jahresrueckblick_Extremes-Unwetter-hielt-eine-ganze-Region-in-Atem
Indiana_Gas_Company,0,0.0,,1,68.0,2021-12,1,10.5,49.0,-87.575509,37.973497,,0.0,False,0.0,0.0,,Low likelihood. GFM negative 0% HEFAS negative ?km web: no specific flood news found for this year
Infineon_Technologies_AG,0,0.0,,1,58.0,2021-12,1,13.6,49.0,12.055994,49.021252,,13.0,True,0.0519713261648745,3.0,3.3,Medium likelihood. GFM negative 0% HEFAS positive 3km web: no specific flood news found for this year
Ingelsta_HVC,0,0.0,,1,57.0,2021-12,1,21.9,49.0,16.171098,58.610927,,5.0,True,-0.6523297491039426,4.0,17.0,Medium likelihood. GFM negative 0% HEFAS positive 17km web: no specific flood news found for this year
Installations_Portuaires_et_Services_Ferroviaires_0,1,4.0,2021-05_2021-06_2021-07_2021-09_2021-10_2021-11_2021-12,1,34.0,2021-12,1,20.8,100.0,-70.878448,48.333512,,0.0,False,0.0,0.0,,Medium likelihood. GFM positive 4% HEFAS negative ?km web: no specific flood news found for this year
Installations_Portuaires_et_Services_Ferroviaires_1,1,4.0,2021-05_2021-06_2021-07_2021-09_2021-10_2021-11_2021-12,1,34.0,2021-12,1,20.8,100.0,-70.878448,48.333512,,0.0,False,0.0,0.0,,Medium likelihood. GFM positive 4% HEFAS negative ?km web: no specific flood news found for this year
Installations_Portuaires_et_Services_Ferroviaires_2,1,4.0,2021-05_2021-06_2021-07_2021-09_2021-10_2021-11_2021-12,1,34.0,2021-12,1,20.8,100.0,-70.878448,48.333512,,0.0,False,0.0,0.0,,Medium likelihood. GFM positive 4% HEFAS negative ?km web: no specific flood news found for this year
International_Paper_-_Roanoke_Rapids_Landfill,0,0.0,,1,79.0,2021-12,1,10.9,49.0,-77.637066,36.46284,,0.0,False,0.0,0.0,,Low likelihood. GFM negative 0% HEFAS negative ?km web: no specific flood news found for this year
International_Paper_Canadian_Pulp_Holdings_ULC,0,0.0,,1,59.0,2021-12,1,16.3,49.0,-118.691181,55.071249,,0.0,False,0.0,0.0,,Low likelihood. GFM negative 0% HEFAS negative ?km web: no specific flood news found for this year
Interstate_Power_Light_-_MN_Gas_Distribution,0,0.0,,1,67.0,2021-12,1,20.6,49.0,-91.659146,41.974682,,0.0,False,0.0,0.0,,Low likelihood. GFM negative 0% HEFAS negative ?km web: no specific flood news found for this year
Interstate_Power_Light_Gas_Distribution,0,0.0,,1,71.0,2021-12,1,18.9,49.0,-91.668787,41.977042,,0.0,False,0.0,0.0,,Low likelihood. GFM negative 0% HEFAS negative ?km web: no specific flood news found for this year
Iroquois_Falls_Generating_Station,0,0.0,,1,81.0,2021-12,1,11.3,49.0,-80.66689,48.769597,,0.0,False,0.0,0.0,,Low likelihood. GFM negative 0% HEFAS negative ?km web: no specific flood news found for this year
JEBRO_INC,0,0.0,,1,42.0,2021-12,1,17.7,49.0,-96.382308,42.431492,,0.0,False,0.0,0.0,,Low likelihood. GFM negative 0% HEFAS negative ?km web: no specific flood news found for this year
JM_STUART_STATION,0,0.0,,1,89.0,2021-12,1,6.4,49.0,-83.684659,38.641552,,0.0,False,0.0,0.0,,Low likelihood. GFM negative 0% HEFAS negative ?km web: no specific flood news found for this year
JOHNS_MANVILLE_0,0,0.0,,1,87.0,2021-12,1,10.1,49.0,-84.975782,32.432645,,0.0,False,0.0,0.0,,Low likelihood. GFM negative 0% HEFAS negative ?km web: no specific flood news found for this year
JOHNS_MANVILLE_1,0,0.0,,1,46.0,2021-12,1,22.2,49.0,-97.459165,35.474662,,0.0,False,0.0,0.0,,Low likelihood. GFM negative 0% HEFAS negative ?km web: no specific flood news found for this year
JOHNS_MANVILLE_PLANT_01,0,0.0,,1,66.0,2021-12,1,15.3,49.0,-83.706819,41.530371,,0.0,False,0.0,0.0,,Low likelihood. GFM negative 0% HEFAS negative ?km web: no specific flood news found for this year
JOHNS_MANVILLE_PLANT_2,0,0.0,,1,81.0,2021-12,1,12.5,49.0,-84.364788,41.285909,,0.0,False,0.0,0.0,,Low likelihood. GFM negative 0% HEFAS negative ?km web: no specific flood news found for this year
JOHN_DEERE_COFFEYVILLE_WORKS_A_DIV_OF_DEERE_COMPAN,0,0.0,,1,13.0,2021-12,1,24.6,49.0,-95.586168,37.096989,,0.0,False,0.0,0.0,,Low likelihood. GFM negative 0% HEFAS negative ?km web: no specific flood news found for this year
JOHN_DEERE_FNDRY_WATERLOO,0,0.0,,1,50.0,2021-12,1,20.7,49.0,-92.357791,42.501932,,0.0,False,0.0,0.0,,Low likelihood. GFM negative 0% HEFAS negative ?km web: no specific flood news found for this year
JOHN_DEERE_HARVESTER_WORKS_EAST_MOLINE,0,0.0,,1,46.0,2021-12,1,19.3,49.0,-90.434708,41.527279,,0.0,False,0.0,0.0,,Low likelihood. GFM negative 0% HEFAS negative ?km web: no specific flood news found for this year
JOHN_DEERE_OTTUMWA_WORKS,0,0.0,,1,47.0,2021-12,1,13.9,49.0,-92.41412,41.004956,,0.0,False,0.0,0.0,,Low likelihood. GFM negative 0% HEFAS negative ?km web: no specific flood news found for this year
JOHN_DEERE_SEEDING_CYLINDER,0,0.0,,1,62.0,2021-12,1,17.4,49.0,-90.532938,41.508475,,0.0,False,0.0,0.0,,Low likelihood. GFM negative 0% HEFAS negative ?km web: no specific flood news found for this year
JOHN_DEERE_THIBODAUX,0,0.0,,1,25.0,2021-12,1,23.2,49.0,-90.829822,29.807494,,0.0,False,0.0,0.0,,Low likelihood. GFM negative 0% HEFAS negative ?km web: no specific flood news found for this year
JOHN_DEERE_WATERLOO_WORKS_DRIVETRAIN_OPERATIONS_AND_FOUNDRY,0,0.0,,1,49.0,2021-12,1,20.3,49.0,-92.355374,42.501811,,0.0,False,0.0,0.0,,Low likelihood. GFM negative 0% HEFAS negative ?km web: no specific flood news found for this year
JTL_GROUP-KALISPELL_DBA_KNIFE_RIVER_-_KALISPELL,0,0.0,,1,17.0,2021-12,1,22.7,49.0,-114.255393,48.262338,,0.0,False,0.0,0.0,,Low likelihood. GFM negative 0% HEFAS negative ?km web: no specific flood news found for this year
JULY_LAKE_A-71-G,0,0.0,,1,20.0,2021-12,1,16.9,49.0,-120.630487,59.643876,,0.0,False,0.0,0.0,,Low likelihood. GFM negative 0% HEFAS negative ?km web: no specific flood news found for this year
Johns_Manville,0,0.0,,1,87.0,2021-12,1,10.1,49.0,-84.975782,32.432645,,0.0,False,0.0,0.0,,Low likelihood. GFM negative 0% HEFAS negative ?km web: no specific flood news found for this year
July_Lake_Comp_Stn_A-071-G,0,0.0,,1,23.0,2021-12,1,16.5,49.0,-120.62921,59.644192,,0.0,False,0.0,0.0,,Low likelihood. GFM negative 0% HEFAS negative ?km web: no specific flood news found for this year
KAMLOOPS_TERMINAL,0,0.0,,1,54.0,2021-12,1,18.9,49.0,-120.253561,50.677488,,0.0,False,0.0,0.0,,Low likelihood. GFM negative 0% HEFAS negative ?km web: no specific flood news found for this year
KARR_CREEK_03-10,0,0.0,,1,96.0,2021-12,1,10.1,49.0,-118.52275,54.690868,,0.0,False,0.0,0.0,,Low likelihood. GFM negative 0% HEFAS negative ?km web: no specific flood news found for this year
KAWASAKI_RAIL_CAR_INC_0,0,0.0,,1,64.0,2021-12,1,5.9,49.0,-73.90008,40.936572,,0.0,False,0.0,0.0,,Low likelihood. GFM negative 0% HEFAS negative ?km web: no specific flood news found for this year
KAWASAKI_RAIL_CAR_INC_1,0,0.0,,1,64.0,2021-12,1,5.9,49.0,-73.90008,40.936572,,0.0,False,0.0,0.0,,Low likelihood. GFM negative 0% HEFAS negative ?km web: no specific flood news found for this year
KEEBLER_CO,0,0.0,,1,89.0,2021-12,1,12.7,49.0,-84.393783,39.138933,,0.0,False,0.0,0.0,,Low likelihood. GFM negative 0% HEFAS negative ?km web: no specific flood news found for this year
KELLOGG_CO,0,0.0,,1,54.0,2021-12,1,13.3,49.0,-94.624128,39.146588,,0.0,False,0.0,0.0,,Low likelihood. GFM negative 0% HEFAS negative ?km web: no specific flood news found for this year
KEYSTONE_FOODS_LLC_-_ALABAMA_DIV,0,0.0,,1,68.0,2021-12,1,9.5,49.0,-86.073249,33.965457,,0.0,False,0.0,0.0,,Low likelihood. GFM negative 0% HEFAS negative ?km web: no specific flood news found for this year
KH_Coushatta_Gas_Treating_Facility_Coushatta._LA,1,5.0,2021-02,1,5.0,2021-12,1,37.0,82.0,-93.492218,32.1116,,0.0,False,0.0,0.0,,Medium likelihood. GFM positive 5% HEFAS negative ?km web: no specific flood news found for this year
KH_Plantation_Central_Gas_Treating_Facility_Coushatta._LA,0,0.0,,1,12.0,2021-12,1,26.6,49.0,-93.487309,32.194048,,0.0,False,0.0,0.0,,Low likelihood. GFM negative 0% HEFAS negative ?km web: no specific flood news found for this year
KH_Plantation_South_Gas_Treating_Facility_Coushatta._LA,0,0.0,,1,11.0,2021-12,1,26.6,49.0,-93.486686,32.194021,,0.0,False,0.0,0.0,,Low likelihood. GFM negative 0% HEFAS negative ?km web: no specific flood news found for this year
KILLARK_A_DVISION_OF_HUBBELL,0,0.0,,1,88.0,2021-12,1,10.8,49.0,-90.455742,38.55044,,0.0,False,0.0,0.0,,Low likelihood. GFM negative 0% HEFAS negative ?km web: no specific flood news found for this year
KILLEN_STATION,0,0.0,,1,55.0,2021-12,1,14.4,49.0,-83.480353,38.690302,,0.0,False,0.0,0.0,,Low likelihood. GFM negative 0% HEFAS negative ?km web: no specific flood news found for this year
KIMBERLY-CLARK_CORP_MARINETTE,0,0.0,2019-03,1,64.0,2019-12,1,18.3,100.0,-87.649791,45.104827,,0.0,False,0.0,0.0,,Low likelihood. GFM negative 0% HEFAS negative ?km web: no specific flood news found for this year
KIMBERLY_CLARK_SNC,0,0.0,,1,41.0,2021-12,1,18.7,49.0,1.113965,49.405504,,0.0,False,-1.0,-1.0,20.7,Low likelihood. GFM negative 0% HEFAS negative 21km web: no specific flood news found for this year
KIMEA_C-86-H,0,0.0,,1,67.0,2021-12,1,17.8,49.0,-121.073227,59.655625,,0.0,False,0.0,0.0,,Low likelihood. GFM negative 0% HEFAS negative ?km web: no specific flood news found for this year
KINGSFORD_MANUFACTURING_CO,0,0.0,,1,41.0,2021-12,1,25.7,49.0,-122.980353,44.063369,,0.0,False,0.0,0.0,,Low likelihood. GFM negative 0% HEFAS negative ?km web: no specific flood news found for this year
KIRTLAND_CONCRETE,0,0.0,,1,29.0,2021-12,1,17.5,49.0,-122.963821,42.428415,,0.0,False,0.0,0.0,,Low likelihood. GFM negative 0% HEFAS negative ?km web: no specific flood news found for this year
KMA_MANUFACTURING_LLC_0,0,0.0,,1,71.0,2021-12,1,5.1,49.0,-80.338641,40.679793,,0.0,False,0.0,0.0,,Low likelihood. GFM negative 0% HEFAS negative ?km web: no specific flood news found for this year
KMA_MANUFACTURING_LLC_1,0,0.0,,1,71.0,2021-12,1,5.1,49.0,-80.338641,40.679793,,0.0,False,0.0,0.0,,Low likelihood. GFM negative 0% HEFAS negative ?km web: no specific flood news found for this year
KMTP_Station_581_Markham._TX,0,0.0,,1,7.0,2021-12,1,23.5,49.0,-96.156219,28.995707,,0.0,False,0.0,0.0,,Low likelihood. GFM negative 0% HEFAS negative ?km web: no specific flood news found for this year
KNIFE_RIVER_CORP_N_CENTRAL_BAXTER,0,0.0,,1,40.0,2021-12,1,24.7,49.0,-94.239187,46.349215,,0.0,False,0.0,0.0,,Low likelihood. GFM negative 0% HEFAS negative ?km web: no specific flood news found for this year
KNIFE_RIVER_LITTLE_FALLS_SOUTH_READY_MIX,0,0.0,,1,30.0,2021-12,1,26.4,49.0,-94.363302,45.956987,,0.0,False,0.0,0.0,,Low likelihood. GFM negative 0% HEFAS negative ?km web: no specific flood news found for this year
KNIFE_RIVER_PLANT_5,0,0.0,2021-02,0,0.0,2021-12,1,32.3,96.0,-96.540822,42.473797,,0.0,False,0.0,0.0,,Low likelihood. GFM negative 0% HEFAS negative ?km web: no specific flood news found for this year
KNIFE_RIVER_SPOKANE_PRESTRESS,0,0.0,,1,51.0,2021-12,1,16.1,49.0,-117.336311,47.665502,,0.0,False,0.0,0.0,,Low likelihood. GFM negative 0% HEFAS negative ?km web: no specific flood news found for this year
KNOWLTON_TECHNOLOGIES_LLC,0,0.0,,1,83.0,2021-12,1,11.8,49.0,-75.906509,43.975321,,0.0,False,0.0,0.0,,Low likelihood. GFM negative 0% HEFAS negative ?km web: no specific flood news found for this year
KOMATSU_AMERICA_CORP_0,0,0.0,,1,54.0,2021-12,1,11.2,49.0,-89.561839,40.708383,,0.0,False,0.0,0.0,,Low likelihood. GFM negative 0% HEFAS negative ?km web: no specific flood news found for this year
KOMATSU_AMERICA_CORP_1,0,0.0,,1,54.0,2021-12,1,11.2,49.0,-89.561839,40.708383,,0.0,False,0.0,0.0,,Low likelihood. GFM negative 0% HEFAS negative ?km web: no specific flood news found for this year
KOSMOS_CEMENT_CO_LLC,0,0.0,,1,72.0,2021-12,1,14.8,49.0,-85.90591,38.034749,,0.0,False,0.0,0.0,,Low likelihood. GFM negative 0% HEFAS negative ?km web: no specific flood news found for this year
KRAFT_FOODS_GROUP_INC_DAVENPORT,0,0.0,,1,34.0,2021-12,1,21.8,49.0,-90.593119,41.519751,,0.0,False,0.0,0.0,,Low likelihood. GFM negative 0% HEFAS negative ?km web: no specific flood news found for this year
KRAFT_HEINZ_FOODS_CO,0,0.0,,1,55.0,2021-12,1,13.3,49.0,-81.869651,40.249849,,0.0,False,0.0,0.0,,Low likelihood. GFM negative 0% HEFAS negative ?km web: no specific flood news found for this year
KRAFT_HEINZ_FOOD_CO,0,0.0,,1,42.0,2021-12,1,22.0,49.0,-116.957159,44.033049,,0.0,False,0.0,0.0,,Low likelihood. GFM negative 0% HEFAS negative ?km web: no specific flood news found for this year
KRAFT_STEAM_ELECTRIC_GENERATING_PLANT,0,0.0,,1,44.0,2021-12,1,18.9,49.0,-81.145114,32.149397,,0.0,False,0.0,0.0,,Low likelihood. GFM negative 0% HEFAS negative ?km web: no specific flood news found for this year
K_S_Minerals_and_Agriculture_GmbH,0,0.0,,1,16.0,2021-12,1,29.4,49.0,6.550936,51.614308,,13.0,True,0.041410650281618,5.0,5.2,Medium likelihood. GFM negative 0% HEFAS positive 5km web: no specific flood news found for this year
Kandelium_GmbH,0,0.0,,1,65.0,2021-12,1,15.9,49.0,7.314669,50.511138,,15.0,True,0.0348822324628776,5.0,8.3,Medium likelihood. GFM negative 0% HEFAS positive 8km web: no specific flood news found for this year
Karr_14-05-064-02W6_SWB_102_13-01,0,0.0,,1,94.0,2021-12,1,14.5,49.0,-118.267924,54.514256,,0.0,False,0.0,0.0,,Low likelihood. GFM negative 0% HEFAS negative ?km web: no specific flood news found for this year
Kaybob_Oil_SWB_01-32-058-19W5,0,0.0,,1,63.0,2021-12,1,23.5,49.0,-116.779299,54.052045,,0.0,False,0.0,0.0,,Low likelihood. GFM negative 0% HEFAS negative ?km web: no specific flood news found for this year
Kemira_Chemie_GesmbH,0,0.0,,1,46.0,2021-12,1,18.0,49.0,15.631942,48.40801,,11.0,True,0.0441756272401433,5.0,13.0,Medium likelihood. GFM negative 0% HEFAS positive 13km web: no specific flood news found for this year
Kemira_Oyj._Harjavallan_tehtaat,0,0.0,,1,63.0,2021-12,1,16.6,49.0,22.115965,61.325518,,0.0,False,-1.0,-1.0,39.1,Low likelihood. GFM negative 0% HEFAS negative 39km web: no specific flood news found for this year
Kimberly-Clark_GmbH,0,0.0,2021-05,1,71.0,2021-12,1,14.7,72.0,7.582045,50.39338,,13.0,True,0.0259216589861751,3.0,4.2,Medium likelihood. GFM negative 0% HEFAS positive 4km web: no specific flood news found for this year
Knorr-Bremse_Systeme_f_r_Nutzfahrzeuge_GmbH._Standort_Aldersbach,0,0.0,,1,51.0,2021-12,1,17.9,49.0,13.091856,48.592148,,18.0,True,0.0555470216760539,3.0,4.5,Medium likelihood. GFM negative 0% HEFAS positive 4km web: no specific flood news found for this year
Koenig_Bauer_Gie_erei_GmbH,0,0.0,,1,75.0,2021-12,1,12.1,49.0,9.880876,49.808075,,8.0,True,0.0170890937019969,2.0,3.5,Medium likelihood. GFM negative 0% HEFAS positive 4km web: no specific flood news found for this year
Kraft,0,0.0,,1,42.0,2021-12,1,18.6,49.0,-81.145813,32.14861,,0.0,False,0.0,0.0,,Low likelihood. GFM negative 0% HEFAS negative ?km web: no specific flood news found for this year
Kyger_Creek,0,0.0,,1,56.0,2021-12,1,8.9,49.0,-82.12818,38.916063,,0.0,False,0.0,0.0,,Low likelihood. GFM negative 0% HEFAS negative ?km web: no specific flood news found for this year
L-3_POWER_PARAGON_INC,0,0.0,,1,51.0,2021-12,1,16.1,49.0,-117.89923,33.818048,,0.0,False,0.0,0.0,,Low likelihood. GFM negative 0% HEFAS negative ?km web: no specific flood news found for this year
LAKE_ROAD_STATION,0,0.0,,1,45.0,2021-12,1,14.7,49.0,-94.875814,39.72534,,0.0,False,0.0,0.0,,Low likelihood. GFM negative 0% HEFAS negative ?km web: no specific flood news found for this year
LANXESS_CORP,0,0.0,,1,40.0,2021-12,1,13.7,49.0,-89.721322,40.565889,,0.0,False,0.0,0.0,,Low likelihood. GFM negative 0% HEFAS negative ?km web: no specific flood news found for this year
LANXESS_CORP_NEVILLE_ISLAND,0,0.0,,1,53.0,2021-12,1,10.6,49.0,-80.111711,40.507848,,0.0,False,0.0,0.0,,Low likelihood. GFM negative 0% HEFAS negative ?km web: no specific flood news found for this year
LANXESS_Deutschland_GmbH,0,0.0,,1,73.0,2021-12,1,13.3,49.0,6.982643,51.014966,,26.0,True,0.0787250384024577,4.0,8.8,Medium likelihood. GFM negative 0% HEFAS positive 9km web: no specific flood news found for this year
LCI_-_039B,0,0.0,,1,34.0,2021-12,1,13.8,49.0,-86.15761,41.658128,,0.0,False,0.0,0.0,,Low likelihood. GFM negative 0% HEFAS negative ?km web: no specific flood news found for this year
LEAR_CORP,0,0.0,,1,70.0,2021-12,1,10.6,49.0,-81.992164,39.967739,,0.0,False,0.0,0.0,,Low likelihood. GFM negative 0% HEFAS negative ?km web: no specific flood news found for this year
LEBANON_CRUSHED_STONE_PIKE_INDUSTRIES_INC,0,0.0,,1,81.0,2021-12,1,8.8,49.0,-72.326961,43.61783,,0.0,False,0.0,0.0,,Low likelihood. GFM negative 0% HEFAS negative ?km web: no specific flood news found for this year
LEGGETT_PLATT_INC_0,0,0.0,,1,5.0,2021-12,1,9.4,49.0,-76.13778,41.110547,,0.0,False,0.0,0.0,,Low likelihood. GFM negative 0% HEFAS negative ?km web: no specific flood news found for this year
LEGGETT_PLATT_INC_1,1,5.0,2021-03_2021-06,1,25.0,2021-12,1,26.1,90.0,-89.583783,37.240379,,0.0,False,0.0,0.0,,Medium likelihood. GFM positive 5% HEFAS negative ?km web: no specific flood news found for this year
LEVIAT,0,0.0,,1,50.0,2021-12,1,21.7,49.0,-122.671828,45.26741,,0.0,False,0.0,0.0,,Low likelihood. GFM negative 0% HEFAS negative ?km web: no specific flood news found for this year
LIBERTY_LIEGE_DUDELANGE_-_Tilleur_DLC,0,0.0,,1,69.0,2021-12,1,15.4,49.0,5.5325,50.613388,,9.0,True,-0.9707501280081924,5.0,4.6,Medium likelihood. GFM negative 0% HEFAS positive 5km web: no specific flood news found for this year
LIPPERT_COMPONENTS_INC,0,0.0,,1,51.0,2021-12,1,13.7,49.0,-85.922919,41.684532,,0.0,False,0.0,0.0,,Low likelihood. GFM negative 0% HEFAS negative ?km web: no specific flood news found for this year
LM_WIND_POWER_BLADES_USA_INC,0,0.0,,1,35.0,2021-12,1,28.9,49.0,-92.181927,34.706973,,0.0,False,0.0,0.0,,Low likelihood. GFM negative 0% HEFAS negative ?km web: no specific flood news found for this year
LM_WIND_POWER_TCA,0,0.0,,1,62.0,2021-12,1,15.2,49.0,-89.919412,30.024986,,0.0,False,0.0,0.0,,Low likelihood. GFM negative 0% HEFAS negative ?km web: no specific flood news found for this year
LNVA-NORTH_REGIONAL_TREATMENT_PLANT_0,0,0.0,,1,43.0,2021-12,1,13.2,49.0,-94.06106,30.063456,,0.0,False,0.0,0.0,,Low likelihood. GFM negative 0% HEFAS negative ?km web: no specific flood news found for this year
LNVA-NORTH_REGIONAL_TREATMENT_PLANT_1,0,0.0,,1,43.0,2021-12,1,13.2,49.0,-94.06106,30.063456,,0.0,False,0.0,0.0,,Low likelihood. GFM negative 0% HEFAS negative ?km web: no specific flood news found for this year
LOCKHEED_MARTIN_RMS,0,0.0,,1,57.0,2021-12,1,13.4,49.0,-76.223993,42.095441,,0.0,False,0.0,0.0,,Low likelihood. GFM negative 0% HEFAS negative ?km web: no specific flood news found for this year
LOUISVILLE_GAS_ELECTRIC_CO._-_MILL_CREEK_STATION,0,0.0,,1,65.0,2021-12,1,14.4,49.0,-85.907541,38.050096,,0.0,False,0.0,0.0,,Low likelihood. GFM negative 0% HEFAS negative ?km web: no specific flood news found for this year
LOUISVILLE_GAS_ELECTRIC_CO._-_TRIMBLE_COUNTY_STATION,0,0.0,,1,73.0,2021-12,1,7.3,49.0,-85.411634,38.584729,,0.0,False,0.0,0.0,,Low likelihood. GFM negative 0% HEFAS negative ?km web: no specific flood news found for this year
LOUISVILLE_GAS_ELECTRIC_CO_-_CANE_RUN_STATION,0,0.0,,1,65.0,2021-12,1,13.8,49.0,-85.886879,38.181443,,0.0,False,0.0,0.0,,Low likelihood. GFM negative 0% HEFAS negative ?km web: no specific flood news found for this year
LOVELAND_PRODUCTS,1,5.0,2021-05_2021-06,1,19.0,2021-12,1,30.0,97.0,-104.779708,40.449683,,0.0,False,0.0,0.0,,Medium likelihood. GFM positive 5% HEFAS negative ?km web: no specific flood news found for this year
LUBRIZOL_ADVANCED_MATERIALS_INC,0,0.0,,1,73.0,2021-12,1,15.9,49.0,-88.32542,37.046329,,0.0,False,0.0,0.0,,Low likelihood. GFM negative 0% HEFAS negative ?km web: no specific flood news found for this year
LUBRIZOL_CORP,0,0.0,,1,67.0,2021-12,1,13.2,49.0,-75.422809,39.7639,,0.0,False,0.0,0.0,,Low likelihood. GFM negative 0% HEFAS negative ?km web: no specific flood news found for this year
LYDALL_PERFORMANCE_MATERIALS,0,0.0,,1,72.0,2021-12,1,8.2,49.0,-76.426474,43.354392,,0.0,False,0.0,0.0,,Low likelihood. GFM negative 0% HEFAS negative ?km web: no specific flood news found for this year
LYDALL_THERMAL_ACOUSTICAL_INC,0,0.0,,1,64.0,2021-12,1,11.9,49.0,-73.692479,42.742217,,0.0,False,0.0,0.0,,Low likelihood. GFM negative 0% HEFAS negative ?km web: no specific flood news found for this year
LYONDELL_CHIMIE_SAS,0,0.0,,1,30.0,2021-12,1,24.1,49.0,4.860211,43.420095,,0.0,False,-1.0,-1.0,44.1,Low likelihood. GFM negative 0% HEFAS negative 44km web: no specific flood news found for this year
Labadie,1,6.0,2021-01_2021-02,1,42.0,2021-12,1,28.1,89.0,-90.836108,38.558302,,0.0,False,0.0,0.0,,Medium likelihood. GFM positive 6% HEFAS negative ?km web: no specific flood news found for this year
Lewis_Clark,1,2.0,2021-04,1,47.0,2021-12,1,16.8,88.0,-104.156886,47.678817,,0.0,False,0.0,0.0,,Medium likelihood. GFM positive 2% HEFAS negative ?km web: no specific flood news found for this year
Lieberman_Power_Plant,0,0.0,,1,51.0,2021-12,1,6.7,49.0,-93.959769,32.704685,,0.0,False,0.0,0.0,,Low likelihood. GFM negative 0% HEFAS negative ?km web: no specific flood news found for this year
Lindbergh_Cavern,1,1.0,2021-10,1,56.0,2021-12,1,24.5,95.0,-110.644958,53.866936,,0.0,False,0.0,0.0,,Medium likelihood. GFM positive 1% HEFAS negative ?km web: no specific flood news found for this year
Lindemans_Karadoc_Winery,0,0.0,,1,17.0,2021-12,1,34.3,49.0,142.273116,-34.319603,,0.0,False,0.0,0.0,,Low likelihood. GFM negative 0% HEFAS negative ?km web: no specific flood news found for this year
Little_Gypsy,0,0.0,,1,57.0,2021-12,1,14.8,49.0,-90.461103,30.003312,,0.0,False,0.0,0.0,,Low likelihood. GFM negative 0% HEFAS negative ?km web: no specific flood news found for this year
Longford,0,0.0,,1,46.0,2021-12,1,20.1,49.0,147.115954,-41.588992,,0.0,False,0.0,0.0,,Low likelihood. GFM negative 0% HEFAS negative ?km web: no specific flood news found for this year
Lycium,0,0.0,,1,97.0,2021-12,1,41.6,49.0,139.538655,-28.064632,,0.0,False,0.0,0.0,,Low likelihood. GFM negative 0% HEFAS negative ?km web: no specific flood news found for this year
Lyondell_Chemical_Nederland_Ltd.,0,0.0,,1,48.0,2021-12,1,19.0,49.0,4.252786,51.882073,,0.0,False,-2.0,-2.0,84.3,Low likelihood. GFM negative 0% HEFAS negative 84km web: no specific flood news found for this year
MARATHON_ELECTRIC-REGAL_BELOIT_CORP,1,13.0,2021-06,1,11.0,2021-12,1,34.0,100.0,-89.860524,35.928441,,0.0,False,0.0,0.0,,Medium likelihood. GFM positive 13% HEFAS negative ?km web: no specific flood news found for this year
MARATHON_PETROLEUM_CO_-_FLOREFFE_PA_ASPHALT_TERMINAL,0,0.0,,1,69.0,2021-12,1,7.0,49.0,-79.915164,40.258386,,0.0,False,0.0,0.0,,Low likelihood. GFM negative 0% HEFAS negative ?km web: no specific flood news found for this year
MARATHON_PETROLEUM_CO_-_KNOXVILLE_TN_ASP_TERMINAL,0,0.0,,1,79.0,2021-12,1,9.4,49.0,-83.909035,35.95968,,0.0,False,0.0,0.0,,Low likelihood. GFM negative 0% HEFAS negative ?km web: no specific flood news found for this year
MARATHON_PETROLEUM_CO_-_LOUISVILLE_CANE_RUN_TERMINAL,0,0.0,,1,41.0,2021-12,1,11.3,49.0,-85.902146,38.129926,,0.0,False,0.0,0.0,,Low likelihood. GFM negative 0% HEFAS negative ?km web: no specific flood news found for this year
MARATHON_PETROLEUM_CO_-_NASHVILLE_TN_ASP_TERMINAL,0,0.0,,1,72.0,2021-12,1,9.0,49.0,-86.808592,36.203825,,0.0,False,0.0,0.0,,Low likelihood. GFM negative 0% HEFAS negative ?km web: no specific flood news found for this year
MARATHON_PETROLEUM_CO_-_WELLSVILLE_OH_ASP_TERMINAL,0,0.0,,1,55.0,2021-12,1,8.6,49.0,-80.661937,40.593155,,0.0,False,0.0,0.0,,Low likelihood. GFM negative 0% HEFAS negative ?km web: no specific flood news found for this year
MARATHON_PETROLEUM_CO_LP,0,0.0,,1,46.0,2021-12,1,14.3,49.0,-90.593548,30.06133,,0.0,False,0.0,0.0,,Low likelihood. GFM negative 0% HEFAS negative ?km web: no specific flood news found for this year
MARKHAM_GAS_PROCESSING_PLANT,0,0.0,,1,25.0,2021-12,1,24.2,49.0,-96.057719,29.018003,,0.0,False,0.0,0.0,,Low likelihood. GFM negative 0% HEFAS negative ?km web: no specific flood news found for this year
MARTIN_MARIETTA_BRIGHTON_READY_MIX,0,0.0,,1,28.0,2021-12,1,17.3,49.0,-104.818336,40.014,,0.0,False,0.0,0.0,,Low likelihood. GFM negative 0% HEFAS negative ?km web: no specific flood news found for this year
MARTIN_MARIETTA_GREELEY_35TH_AVE,0,0.0,,1,15.0,2021-12,1,17.7,49.0,-104.734764,40.448445,,0.0,False,0.0,0.0,,Low likelihood. GFM negative 0% HEFAS negative ?km web: no specific flood news found for this year
MASCO_BATH,0,0.0,,1,18.0,2021-12,1,36.4,49.0,-121.754908,42.170932,,0.0,False,0.0,0.0,,Low likelihood. GFM negative 0% HEFAS negative ?km web: no specific flood news found for this year
MASTERBRAND_CABINETS_INC-GRANTS_PASS_OPERATIONS,0,0.0,,1,64.0,2021-12,1,16.1,49.0,-123.319739,42.433002,,0.0,False,0.0,0.0,,Low likelihood. GFM negative 0% HEFAS negative ?km web: no specific flood news found for this year
MASTER_HALCO_0,0,0.0,,1,9.0,2021-12,1,32.4,49.0,-90.195782,35.106318,,0.0,False,0.0,0.0,,Low likelihood. GFM negative 0% HEFAS negative ?km web: no specific flood news found for this year
MASTER_HALCO_1,0,0.0,,1,9.0,2021-12,1,32.4,49.0,-90.195782,35.106318,,0.0,False,0.0,0.0,,Low likelihood. GFM negative 0% HEFAS negative ?km web: no specific flood news found for this year
MATERIALS_PACKAGING_CORP_0,0,0.0,,1,54.0,2021-12,1,19.8,49.0,-96.495941,41.460005,,0.0,False,0.0,0.0,,Low likelihood. GFM negative 0% HEFAS negative ?km web: no specific flood news found for this year
MATERIALS_PACKAGING_CORP_1,0,0.0,,1,60.0,2021-12,1,19.1,49.0,-96.497353,41.461009,,0.0,False,0.0,0.0,,Low likelihood. GFM negative 0% HEFAS negative ?km web: no specific flood news found for this year
MATTHEWS_INTERNATIONAL_CORP,0,0.0,,1,68.0,2021-12,1,5.6,49.0,-79.868617,40.488245,,0.0,False,0.0,0.0,,Low likelihood. GFM negative 0% HEFAS negative ?km web: no specific flood news found for this year
MAVERICK_TUBE_CORP_0,1,11.0,2021-04,1,24.0,2021-12,1,29.1,64.0,-89.758373,35.934267,,0.0,False,0.0,0.0,,Medium likelihood. GFM positive 11% HEFAS negative ?km web: no specific flood news found for this year
MAVERICK_TUBE_CORP_1,1,11.0,2021-04,1,24.0,2021-12,1,29.1,64.0,-89.758373,35.934267,,0.0,False,0.0,0.0,,Medium likelihood. GFM positive 11% HEFAS negative ?km web: no specific flood news found for this year
MCCONWAY_TORLEY_LLC_PLT_1801,0,0.0,,1,72.0,2021-12,1,7.4,49.0,-79.961319,40.478451,,0.0,False,0.0,0.0,,Low likelihood. GFM negative 0% HEFAS negative ?km web: no specific flood news found for this year
MCDERMOTT_INC,0,0.0,,1,65.0,2021-12,1,22.7,49.0,-91.100131,29.650484,,0.0,False,0.0,0.0,,Low likelihood. GFM negative 0% HEFAS negative ?km web: no specific flood news found for this year
MCNEILUS_TRUCK_MANUFACTURING_INC,0,0.0,,1,42.0,2021-12,1,14.9,49.0,-111.988314,33.41488,,0.0,False,0.0,0.0,,Low likelihood. GFM negative 0% HEFAS negative ?km web: no specific flood news found for this year
MDU_CORVALLIS_ASPHALT,0,0.0,,1,27.0,2021-12,1,23.6,49.0,-123.24145,44.563268,,0.0,False,0.0,0.0,,Low likelihood. GFM negative 0% HEFAS negative ?km web: no specific flood news found for this year
MDU_RESOURCES_EUGENE_CONCRETE,0,0.0,,1,73.0,2021-12,1,19.5,49.0,-123.108093,44.099115,,0.0,False,0.0,0.0,,Low likelihood. GFM negative 0% HEFAS negative ?km web: no specific flood news found for this year
MDU_RESOURCES_KLAMATH_FALLS_CONCRETE,1,6.0,2021-10,1,23.0,2021-12,1,38.2,77.0,-121.770949,42.181818,,0.0,False,0.0,0.0,,Medium likelihood. GFM positive 6% HEFAS negative ?km web: no specific flood news found for this year
MDU_RESOURCES_KNIFE_RIVER_SUNDIAL_ASPHALT,0,0.0,,1,34.0,2021-12,1,17.0,49.0,-122.408729,45.563304,,0.0,False,0.0,0.0,,Low likelihood. GFM negative 0% HEFAS negative ?km web: no specific flood news found for this year
MERCER_GENERATING_STATION,0,0.0,,1,56.0,2021-12,1,18.6,49.0,-74.734003,40.178901,,0.0,False,0.0,0.0,,Low likelihood. GFM negative 0% HEFAS negative ?km web: no specific flood news found for this year
METAL_IMPROVEMENT_CO,0,0.0,,1,76.0,2021-12,1,15.2,49.0,-74.918876,40.080619,,0.0,False,0.0,0.0,,Low likelihood. GFM negative 0% HEFAS negative ?km web: no specific flood news found for this year
MGPI_of_Indiana._LLC,1,5.0,2021-02,1,55.0,2021-12,1,19.0,86.0,-84.861379,39.099968,,0.0,False,0.0,0.0,,Medium likelihood. GFM positive 5% HEFAS negative ?km web: no specific flood news found for this year
MICHELIN_ESPA_A_PORTUGAL_S.A.,0,0.0,,1,63.0,2021-12,1,15.9,49.0,-4.712519,41.676685,,0.0,False,-1.3333333333333333,0.0,2.4,Low likelihood. GFM negative 0% HEFAS negative 2km web: no specific flood news found for this year
MIDAMERICAN_ENERGY-RIVERSIDE_GENERATING_STATION,0,0.0,,1,31.0,2021-12,1,14.1,49.0,-90.447777,41.540385,,0.0,False,0.0,0.0,,Low likelihood. GFM negative 0% HEFAS negative ?km web: no specific flood news found for this year
MIDAMERICAN_ENERGY_CO_GEORGE_NEAL_NORTH,0,0.0,,1,16.0,2021-12,1,24.4,49.0,-96.367841,42.327436,,0.0,False,0.0,0.0,,Low likelihood. GFM negative 0% HEFAS negative ?km web: no specific flood news found for this year
MIDWEST_METAL_COATINGS,0,0.0,,1,39.0,2021-12,1,21.1,49.0,-90.143895,38.727332,,0.0,False,0.0,0.0,,Low likelihood. GFM negative 0% HEFAS negative ?km web: no specific flood news found for this year
MIRAMICHI_MARINE_TERMINAL,0,0.0,,1,69.0,2021-12,1,8.0,49.0,-65.485672,47.018824,,0.0,False,0.0,0.0,,Low likelihood. GFM negative 0% HEFAS negative ?km web: no specific flood news found for this year
MISSISSIPPI_POWER_CO_-_PLANT_DANIEL,0,0.0,,1,53.0,2021-12,1,14.0,49.0,-88.556278,30.530361,,0.0,False,0.0,0.0,,Low likelihood. GFM negative 0% HEFAS negative ?km web: no specific flood news found for this year
MITCHELL_STEAM_ELECTRIC_GENERATING_PLANT,0,0.0,,1,79.0,2021-12,1,11.2,49.0,-84.134525,31.444496,,0.0,False,0.0,0.0,,Low likelihood. GFM negative 0% HEFAS negative ?km web: no specific flood news found for this year
MITSUE_11-15,0,0.0,,1,19.0,2021-12,1,28.5,49.0,-114.373869,54.887262,,0.0,False,0.0,0.0,,Low likelihood. GFM negative 0% HEFAS negative ?km web: no specific flood news found for this year
MITSUE_7-28-71-2W5_CS_06-14,0,0.0,,1,76.0,2021-12,1,20.0,47.0,-114.200308,55.232584,,0.0,False,0.0,0.0,,Low likelihood. GFM negative 0% HEFAS negative ?km web: no specific flood news found for this year
MM_Frohnleiten_GmbH,0,0.0,,1,70.0,2021-12,1,12.7,49.0,15.328067,47.278102,,0.0,False,0.0,0.0,15.1,Low likelihood. GFM negative 0% HEFAS negative 15km web: no specific flood news found for this year
MODINE_MANUFACTURING_CO,0,0.0,,1,73.0,2021-12,1,10.1,49.0,-84.104488,36.101903,,0.0,False,0.0,0.0,,Low likelihood. GFM negative 0% HEFAS negative ?km web: no specific flood news found for this year
MOL_Magyar_Olaj-_s_G_zipari_Nyrt.Algy__302_CH_termel__k_t,1,6.0,2021-05,1,19.0,2021-12,1,37.0,89.0,20.181004,46.300672,,0.0,False,-0.3333333333333333,0.0,23.8,Medium likelihood. GFM positive 6% HEFAS negative 24km web: no specific flood news found for this year
MOL_Magyar_Olaj-_s_G_zipari_Nyrt._-_Endr_d-60_sz_nhidrog_n_termel__k_t_telephelye,1,31.0,2021-05,0,0.0,2021-12,1,50.2,100.0,20.658044,46.978963,,12.0,True,-0.2918586789554531,2.0,10.5,High likelihood. GFM positive 31% HEFAS positive 10km web: no specific flood news found for this year
MOL_Magyar_Olaj-_s_G_zipari_Nyrt._0,1,67.0,2021-04_2021-05,1,1.0,2021-12,1,59.6,93.0,20.060871,46.247387,,0.0,False,0.0,0.0,22.1,Medium likelihood. GFM positive 67% HEFAS negative 22km web: no specific flood news found for this year
MOL_Magyar_Olaj-_s_G_zipari_Nyrt._1,1,31.0,2021-05,1,5.0,2021-12,1,44.2,86.0,20.988735,46.287813,,0.0,False,-0.3333333333333333,0.0,29.2,Medium likelihood. GFM positive 31% HEFAS negative 29km web: No major 2020-2023 Danube/Tisza flood headlines; possible overflag/local ponding.
MOL_Magyar_Olaj-_s_G_zipari_Nyrt._10,1,14.0,2021-05,1,1.0,2021-12,1,46.4,98.0,20.23178,46.297801,,0.0,False,-0.3333333333333333,0.0,20.2,Medium likelihood. GFM positive 14% HEFAS negative 20km web: no specific flood news found for this year
MOL_Magyar_Olaj-_s_G_zipari_Nyrt._11,1,1.0,2021-05,1,32.0,2021-12,1,29.0,89.0,20.190814,46.306697,,0.0,False,-0.3333333333333333,0.0,23.4,Medium likelihood. GFM positive 1% HEFAS negative 23km web: no specific flood news found for this year
MOL_Magyar_Olaj-_s_G_zipari_Nyrt._12,1,8.0,2021-05,1,13.0,2021-12,1,39.0,86.0,20.176231,46.303922,,0.0,False,-0.3333333333333333,0.0,24.2,Medium likelihood. GFM positive 8% HEFAS negative 24km web: no specific flood news found for this year
MOL_Magyar_Olaj-_s_G_zipari_Nyrt._13,1,7.0,2021-05,1,14.0,2021-12,1,40.1,87.0,20.173084,46.315155,,0.0,False,-0.3333333333333333,0.0,25.1,Medium likelihood. GFM positive 7% HEFAS negative 25km web: no specific flood news found for this year
MOL_Magyar_Olaj-_s_G_zipari_Nyrt._14,1,1.0,2021-05,1,19.0,2021-12,1,35.7,69.0,20.173949,46.301409,,0.0,False,-0.3333333333333333,0.0,24.3,Medium likelihood. GFM positive 1% HEFAS negative 24km web: no specific flood news found for this year
MOL_Magyar_Olaj-_s_G_zipari_Nyrt._15,1,25.0,2021-04_2021-05,1,12.0,2021-12,1,47.6,94.0,20.091624,46.236185,,0.0,False,0.0,0.0,20.8,Medium likelihood. GFM positive 25% HEFAS negative 21km web: no specific flood news found for this year
MOL_Magyar_Olaj-_s_G_zipari_Nyrt._16,1,1.0,2021-04_2021-05_2021-06,1,1.0,2021-12,1,35.3,80.0,20.257614,46.257021,,0.0,False,-0.3333333333333333,0.0,16.4,Medium likelihood. GFM positive 1% HEFAS negative 16km web: no specific flood news found for this year
MOL_Magyar_Olaj-_s_G_zipari_Nyrt._17,1,5.0,2021-05,1,19.0,2021-12,1,35.6,86.0,20.182181,46.302335,,0.0,False,-0.3333333333333333,0.0,23.8,Medium likelihood. GFM positive 5% HEFAS negative 24km web: no specific flood news found for this year
MOL_Magyar_Olaj-_s_G_zipari_Nyrt._18,1,29.0,2021-04_2021-05,1,27.0,2021-12,1,42.6,99.0,20.217502,46.27262,,0.0,False,-0.3333333333333333,0.0,19.9,Medium likelihood. GFM positive 29% HEFAS negative 20km web: no specific flood news found for this year
MOL_Magyar_Olaj-_s_G_zipari_Nyrt._19,1,34.0,2021-05,1,24.0,2021-12,1,45.6,100.0,20.224066,46.278707,,0.0,False,-0.3333333333333333,0.0,19.7,Medium likelihood. GFM positive 34% HEFAS negative 20km web: no specific flood news found for this year
MOL_Magyar_Olaj-_s_G_zipari_Nyrt._2,1,21.0,2021-05,1,11.0,2021-12,1,43.5,85.0,20.195459,46.316048,,0.0,False,-0.3333333333333333,0.0,23.6,Medium likelihood. GFM positive 21% HEFAS negative 24km web: no specific flood news found for this year
MOL_Magyar_Olaj-_s_G_zipari_Nyrt._20,1,2.0,2021-04_2021-05,0,0.0,2021-12,1,39.8,99.0,20.285672,46.215323,,0.0,False,-0.3333333333333333,0.0,13.2,Medium likelihood. GFM positive 2% HEFAS negative 13km web: no specific flood news found for this year
MOL_Magyar_Olaj-_s_G_zipari_Nyrt._21,1,58.0,2021-04_2021-05_2021-06,1,1.0,2021-12,1,46.9,94.0,20.071821,46.235995,,0.0,False,0.0,0.0,20.8,Medium likelihood. GFM positive 58% HEFAS negative 21km web: no specific flood news found for this year
MOL_Magyar_Olaj-_s_G_zipari_Nyrt._22,1,36.0,2021-05,1,20.0,2021-12,1,47.0,100.0,20.222321,46.277745,,0.0,False,-0.3333333333333333,0.0,19.8,Medium likelihood. GFM positive 36% HEFAS negative 20km web: no specific flood news found for this year
MOL_Magyar_Olaj-_s_G_zipari_Nyrt._23,0,0.0,,1,28.0,2021-12,1,36.5,49.0,20.228608,46.265901,,0.0,False,-0.3333333333333333,0.0,18.8,Low likelihood. GFM negative 0% HEFAS negative 19km web: no specific flood news found for this year
MOL_Magyar_Olaj-_s_G_zipari_Nyrt._24,1,41.0,2021-05,1,18.0,2021-12,1,51.0,100.0,20.229203,46.284833,,0.0,False,-0.3333333333333333,0.0,19.7,Medium likelihood. GFM positive 41% HEFAS negative 20km web: no specific flood news found for this year
MOL_Magyar_Olaj-_s_G_zipari_Nyrt._25,1,40.0,2021-05_2021-06,1,2.0,2021-12,1,54.2,100.0,20.216827,46.280251,,0.0,False,-0.3333333333333333,0.0,20.3,Medium likelihood. GFM positive 40% HEFAS negative 20km web: no specific flood news found for this year
MOL_Magyar_Olaj-_s_G_zipari_Nyrt._26,1,5.0,2021-04_2021-05,1,29.0,2021-12,1,35.1,89.0,20.235315,46.271812,,0.0,False,-0.3333333333333333,0.0,18.6,Medium likelihood. GFM positive 5% HEFAS negative 19km web: no specific flood news found for this year
MOL_Magyar_Olaj-_s_G_zipari_Nyrt._27,1,25.0,2021-04_2021-05,1,12.0,2021-12,1,44.5,96.0,20.245924,46.231845,,0.0,False,-0.3333333333333333,0.0,16.5,Medium likelihood. GFM positive 25% HEFAS negative 16km web: no specific flood news found for this year
MOL_Magyar_Olaj-_s_G_zipari_Nyrt._28,1,1.0,2021-05,1,8.0,2021-12,1,39.0,82.0,20.268426,46.219401,,0.0,False,-0.3333333333333333,0.0,14.6,Medium likelihood. GFM positive 1% HEFAS negative 15km web: no specific flood news found for this year
MOL_Magyar_Olaj-_s_G_zipari_Nyrt._29,1,28.0,2021-04_2021-05_2021-06,1,2.0,2021-12,1,51.6,99.0,20.210461,46.284076,,0.0,False,-0.3333333333333333,0.0,20.9,Medium likelihood. GFM positive 28% HEFAS negative 21km web: no specific flood news found for this year
MOL_Magyar_Olaj-_s_G_zipari_Nyrt._3,1,37.0,2021-04_2021-05,0,0.0,2021-12,1,47.3,96.0,20.46505,46.293478,,0.0,False,-0.3333333333333333,0.0,10.1,Medium likelihood. GFM positive 37% HEFAS negative 10km web: No major 2020-2023 Danube/Tisza flood headlines; possible overflag/local ponding.
MOL_Magyar_Olaj-_s_G_zipari_Nyrt._30,1,8.0,2021-04_2021-05,1,36.0,2021-12,1,36.8,96.0,20.236557,46.236106,,0.0,False,-0.3333333333333333,0.0,17.3,Medium likelihood. GFM positive 8% HEFAS negative 17km web: no specific flood news found for this year
MOL_Magyar_Olaj-_s_G_zipari_Nyrt._31,1,21.0,2021-05,1,15.0,2021-12,1,41.3,89.0,20.179689,46.311701,,0.0,False,-0.3333333333333333,0.0,24.4,Medium likelihood. GFM positive 21% HEFAS negative 24km web: no specific flood news found for this year
MOL_Magyar_Olaj-_s_G_zipari_Nyrt._32,0,0.0,,1,39.0,2021-12,1,29.2,49.0,20.257113,46.243947,,0.0,False,-0.3333333333333333,0.0,16.0,Low likelihood. GFM negative 0% HEFAS negative 16km web: no specific flood news found for this year
MOL_Magyar_Olaj-_s_G_zipari_Nyrt._33,1,41.0,2021-04_2021-05,1,5.0,2021-12,1,50.6,100.0,20.214473,46.307722,,0.0,False,-0.3333333333333333,0.0,21.9,Medium likelihood. GFM positive 41% HEFAS negative 22km web: no specific flood news found for this year
MOL_Magyar_Olaj-_s_G_zipari_Nyrt._34,1,1.0,2021-05,1,61.0,2021-12,1,25.8,82.0,20.235058,46.313676,,0.0,False,-0.3333333333333333,0.0,21.0,Medium likelihood. GFM positive 1% HEFAS negative 21km web: no specific flood news found for this year
MOL_Magyar_Olaj-_s_G_zipari_Nyrt._35,1,26.0,2021-04_2021-05,0,0.0,2021-12,1,48.7,96.0,21.058426,46.246196,,18.0,True,-0.2994196961938897,2.0,22.3,High likelihood. GFM positive 26% HEFAS positive 22km web: no specific flood news found for this year
MOL_Magyar_Olaj-_s_G_zipari_Nyrt._36,1,15.0,2021-04_2021-05,1,1.0,2021-12,1,46.6,99.0,21.059825,46.262978,,18.0,True,-0.2994196961938897,2.0,23.1,High likelihood. GFM positive 15% HEFAS positive 23km web: no specific flood news found for this year
MOL_Magyar_Olaj-_s_G_zipari_Nyrt._37,1,18.0,2021-04_2021-05,1,20.0,2021-12,1,38.1,89.0,20.18892,46.298795,,0.0,False,-0.3333333333333333,0.0,23.1,Medium likelihood. GFM positive 18% HEFAS negative 23km web: no specific flood news found for this year
MOL_Magyar_Olaj-_s_G_zipari_Nyrt._38,1,5.0,2021-05,1,3.0,2021-12,1,39.3,78.0,20.65047,46.970175,,12.0,True,-0.6430491551459293,2.0,9.4,High likelihood. GFM positive 5% HEFAS positive 9km web: no specific flood news found for this year
MOL_Magyar_Olaj-_s_G_zipari_Nyrt._39,1,70.0,2021-04_2021-05,0,0.0,2021-12,1,68.4,100.0,20.343644,46.971329,,0.0,False,-1.0,-1.0,14.7,Medium likelihood. GFM positive 70% HEFAS negative 15km web: No major 2020-2023 Danube/Tisza flood headlines; possible overflag/local ponding.
MOL_Magyar_Olaj-_s_G_zipari_Nyrt._4,1,60.0,2021-04_2021-05,0,0.0,2021-12,1,60.5,100.0,20.441088,46.314378,,0.0,False,-0.3333333333333333,0.0,12.5,Medium likelihood. GFM positive 60% HEFAS negative 12km web: No major 2020-2023 Danube/Tisza flood headlines; possible overflag/local ponding.
MOL_Magyar_Olaj-_s_G_zipari_Nyrt._40,1,41.0,2021-04_2021-05,1,2.0,2021-12,1,59.3,100.0,20.241902,46.266642,,0.0,False,-0.3333333333333333,0.0,17.9,Medium likelihood. GFM positive 41% HEFAS negative 18km web: no specific flood news found for this year
MOL_Magyar_Olaj-_s_G_zipari_Nyrt._41,1,7.0,2021-05,1,22.0,2021-12,1,34.3,70.0,20.19302,46.308487,,0.0,False,-0.3333333333333333,0.0,23.4,Medium likelihood. GFM positive 7% HEFAS negative 23km web: no specific flood news found for this year
MOL_Magyar_Olaj-_s_G_zipari_Nyrt._42,1,31.0,2021-05,0,0.0,2021-12,1,50.2,100.0,20.658044,46.978963,,12.0,True,-0.2918586789554531,2.0,10.5,High likelihood. GFM positive 31% HEFAS positive 10km web: no specific flood news found for this year
MOL_Magyar_Olaj-_s_G_zipari_Nyrt._5,1,13.0,2021-04_2021-05,1,3.0,2021-12,1,47.7,100.0,20.231703,46.257006,,0.0,False,-0.3333333333333333,0.0,18.3,Medium likelihood. GFM positive 13% HEFAS negative 18km web: no specific flood news found for this year
MOL_Magyar_Olaj-_s_G_zipari_Nyrt._6,1,57.0,2021-04_2021-05,1,1.0,2021-12,1,55.2,92.0,20.424322,46.293826,,0.0,False,-0.3333333333333333,0.0,10.4,Medium likelihood. GFM positive 57% HEFAS negative 10km web: no specific flood news found for this year
MOL_Magyar_Olaj-_s_G_zipari_Nyrt._7,1,57.0,2021-04_2021-05,1,1.0,2021-12,1,55.2,92.0,20.424322,46.293826,,0.0,False,-0.3333333333333333,0.0,10.4,Medium likelihood. GFM positive 57% HEFAS negative 10km web: No major 2020-2023 Danube/Tisza flood headlines; possible overflag/local ponding.
MOL_Magyar_Olaj-_s_G_zipari_Nyrt._8,1,12.0,2021-05,1,19.0,2021-12,1,38.4,89.0,20.183815,46.31383,,0.0,False,-0.3333333333333333,0.0,24.3,Medium likelihood. GFM positive 12% HEFAS negative 24km web: no specific flood news found for this year
MOL_Magyar_Olaj-_s_G_zipari_Nyrt._9,0,0.0,,1,16.0,2021-12,1,34.8,49.0,20.254609,46.24638,,0.0,False,-0.3333333333333333,0.0,16.2,Low likelihood. GFM negative 0% HEFAS negative 16km web: no specific flood news found for this year
MOL_Magyar_Olaj-_s_G_zipari_Nyrt._Algy_-1009H_CH_termel__k_t,1,10.0,2021-05,1,11.0,2021-12,1,39.4,99.0,20.181522,46.297088,,0.0,False,-0.3333333333333333,0.0,23.5,Medium likelihood. GFM positive 10% HEFAS negative 24km web: no specific flood news found for this year
MOL_Magyar_Olaj-_s_G_zipari_Nyrt._Algy_-1011H_CH_termel__k_t,1,22.0,2021-04_2021-05,1,10.0,2021-12,1,47.2,100.0,20.124803,46.182737,,0.0,False,0.0,0.0,15.1,Medium likelihood. GFM positive 22% HEFAS negative 15km web: no specific flood news found for this year
MOL_Magyar_Olaj-_s_G_zipari_Nyrt._Algy_-192_CH_termel__k_t,1,29.0,2021-05,1,7.0,2021-12,1,47.9,100.0,20.183993,46.293395,,0.0,False,-0.3333333333333333,0.0,23.2,Medium likelihood. GFM positive 29% HEFAS negative 23km web: no specific flood news found for this year
MOL_Magyar_Olaj-_s_G_zipari_Nyrt._Algy_-550_CH_termel__k_t,1,7.0,2021-05,1,19.0,2021-12,1,36.7,89.0,20.181897,46.300884,,0.0,False,-0.3333333333333333,0.0,23.7,Medium likelihood. GFM positive 7% HEFAS negative 24km web: no specific flood news found for this year
MOL_Magyar_Olaj-_s_G_zipari_Nyrt._Algy_-_11_CH_termel__k_t,1,2.0,2021-05,1,3.0,2021-12,1,35.7,86.0,20.273069,46.273053,,0.0,False,-0.3333333333333333,0.0,16.1,Medium likelihood. GFM positive 2% HEFAS negative 16km web: no specific flood news found for this year
MOL_Magyar_Olaj-_s_G_zipari_Nyrt._Batt-K-151_CH_termel__k_t,1,1.0,2021-05,1,14.0,2021-12,1,38.0,100.0,21.079184,46.268912,,18.0,True,-0.2994196961938897,2.0,22.2,High likelihood. GFM positive 1% HEFAS positive 22km web: no specific flood news found for this year
MOL_Magyar_Olaj-_s_G_zipari_Nyrt._Ferencsz_ll_s-66_F-66_CH_termel__k_t,0,0.0,2021-05_2021-06,1,1.0,2021-12,1,38.2,70.0,20.329301,46.170377,,0.0,False,-0.3333333333333333,0.0,10.4,Low likelihood. GFM negative 0% HEFAS negative 10km web: no specific flood news found for this year
MOL_Magyar_Olaj-_s_G_zipari_Nyrt._H_dmez_v_s_rhely-1_CH_kutat_f_r_s,1,27.0,2021-05,1,31.0,2021-12,1,42.7,100.0,20.222058,46.401192,,0.0,False,-0.3333333333333333,0.0,28.4,Medium likelihood. GFM positive 27% HEFAS negative 28km web: no specific flood news found for this year
MOL_Magyar_Olaj-_s_G_zipari_Rt.-_KTD_GY_ll.,1,64.0,2021-04_2021-05_2021-08,0,0.0,2021-12,1,58.5,100.0,20.504537,46.272634,,0.0,False,-0.3333333333333333,0.0,8.7,Medium likelihood. GFM positive 64% HEFAS negative 9km web: No major 2020-2023 Danube/Tisza flood headlines; possible overflag/local ponding.
MOL_Magyar_Olaj-_s_G_zipari_Rt._0,1,23.0,2021-04_2021-05,0,0.0,2021-12,1,40.5,96.0,20.460135,46.293314,,0.0,False,-0.3333333333333333,0.0,10.1,Medium likelihood. GFM positive 23% HEFAS negative 10km web: No major 2020-2023 Danube/Tisza flood headlines; possible overflag/local ponding.
MOL_Magyar_Olaj-_s_G_zipari_Rt._1,1,15.0,2021-04_2021-05,1,8.0,2021-12,1,45.6,97.0,20.201674,46.276468,,0.0,False,-0.3333333333333333,0.0,21.2,Medium likelihood. GFM positive 15% HEFAS negative 21km web: no specific flood news found for this year
MOL_Magyar_Olaj-_s_G_zipari_Rt._SZT2_gy_jt__llom_s,1,41.0,2021-05,1,9.0,2021-12,1,54.0,100.0,20.187265,46.28937,,0.0,False,-0.3333333333333333,0.0,22.8,Medium likelihood. GFM positive 41% HEFAS negative 23km web: no specific flood news found for this year
MOL_Nyrt.,0,0.0,,1,2.0,2021-12,1,35.2,49.0,20.718347,47.51497,,234.0,True,0.527615634067247,4.0,14.0,Medium likelihood. GFM negative 0% HEFAS positive 14km web: No major 2020-2023 Danube/Tisza flood headlines; possible overflag/local ponding.
MOSAIC_FERTILIZER_LLC_UNCLE_SAM_PLANT,0,0.0,,1,26.0,2021-12,1,17.5,49.0,-90.76899,30.019601,,0.0,False,0.0,0.0,,Low likelihood. GFM negative 0% HEFAS negative ?km web: no specific flood news found for this year
MOSAIC_PHOSPHATES_CO_FAUSTINA_PLANT,0,0.0,,1,50.0,2021-12,1,18.9,49.0,-90.91475,30.084994,,0.0,False,0.0,0.0,,Low likelihood. GFM negative 0% HEFAS negative ?km web: no specific flood news found for this year
MPC_ALASKA_TERMINAL_CO_LLC-_NORTH_POLE,0,0.0,,1,34.0,2021-12,1,24.0,49.0,-147.348414,64.737267,,0.0,False,0.0,0.0,,Low likelihood. GFM negative 0% HEFAS negative ?km web: no specific flood news found for this year
MPLX_TERMINALS_LLC_-_BAY_CITY_MI_TERMINAL,0,0.0,,1,46.0,2021-12,1,19.8,49.0,-83.865503,43.618565,,0.0,False,0.0,0.0,,Low likelihood. GFM negative 0% HEFAS negative ?km web: no specific flood news found for this year
MPLX_TERMINALS_LLC_-_CHARLESTON_WV_TERMINAL,0,0.0,,1,84.0,2021-12,1,5.5,49.0,-81.644718,38.350258,,0.0,False,0.0,0.0,,Low likelihood. GFM negative 0% HEFAS negative ?km web: no specific flood news found for this year
MPLX_TERMINALS_LLC_-_COVINGTON_KY_TERMINAL,0,0.0,,1,89.0,2021-12,1,9.9,49.0,-84.499831,39.05259,,0.0,False,0.0,0.0,,Low likelihood. GFM negative 0% HEFAS negative ?km web: no specific flood news found for this year
MPLX_TERMINALS_LLC_-_KENOVA_WV_TERMINAL,0,0.0,,1,70.0,2021-12,1,13.8,49.0,-82.587911,38.405556,,0.0,False,0.0,0.0,,Low likelihood. GFM negative 0% HEFAS negative ?km web: no specific flood news found for this year
MPLX_TERMINALS_LLC_-_LOUISVILLE_ALGON_KY_TERMINAL,0,0.0,,1,65.0,2021-12,1,12.6,49.0,-85.829694,38.230634,,0.0,False,0.0,0.0,,Low likelihood. GFM negative 0% HEFAS negative ?km web: no specific flood news found for this year
MPLX_TERMINALS_LLC_-_LOUISVILLE_KRAMERS_KY_TERMINAL,0,0.0,,1,66.0,2021-12,1,16.4,49.0,-85.848915,38.204823,,0.0,False,0.0,0.0,,Low likelihood. GFM negative 0% HEFAS negative ?km web: no specific flood news found for this year
MPLX_TERMINALS_LLC_-_MARIETTA_OH_TERMINAL,0,0.0,,1,55.0,2021-12,1,3.5,49.0,-81.4946,39.380458,,0.0,False,0.0,0.0,,Low likelihood. GFM negative 0% HEFAS negative ?km web: no specific flood news found for this year
MPLX_TERMINALS_LLC_-_MIDLAND_PA_TERMINAL,0,0.0,,1,84.0,2021-12,1,5.6,49.0,-80.441675,40.630116,,0.0,False,0.0,0.0,,Low likelihood. GFM negative 0% HEFAS negative ?km web: no specific flood news found for this year
MPLX_TERMINALS_LLC_-_MONTGOMERY_AL_TERMINAL,0,0.0,,1,65.0,2021-12,1,13.7,49.0,-86.385765,32.352016,,0.0,False,0.0,0.0,,Low likelihood. GFM negative 0% HEFAS negative ?km web: no specific flood news found for this year
MPLX_TERMINALS_LLC_-_NASHVILLE_BORDEAUX_TN_TERMINAL,0,0.0,,1,76.0,2021-12,1,13.1,49.0,-86.833171,36.184477,,0.0,False,0.0,0.0,,Low likelihood. GFM negative 0% HEFAS negative ?km web: no specific flood news found for this year
MPLX_TERMINALS_LLC_-_NASHVILLE_DOWNTOWN_TN_TERMINAL,0,0.0,,1,78.0,2021-12,1,11.9,49.0,-86.774234,36.169678,,0.0,False,0.0,0.0,,Low likelihood. GFM negative 0% HEFAS negative ?km web: no specific flood news found for this year
MPLX_TERMINALS_LLC_-_STEUBENVILLE_OH_TERMINAL,0,0.0,,1,67.0,2021-12,1,7.1,49.0,-80.627413,40.399797,,0.0,False,0.0,0.0,,Low likelihood. GFM negative 0% HEFAS negative ?km web: no specific flood news found for this year
MT._AIRY_TERMINAL_LLC,0,0.0,,1,38.0,2021-12,1,17.2,49.0,-90.643928,30.053863,,0.0,False,0.0,0.0,,Low likelihood. GFM negative 0% HEFAS negative ?km web: no specific flood news found for this year
MULTI-CHEM_GROUP-GARDEN_CITY,0,0.0,,1,11.0,2021-12,1,29.2,49.0,-100.926193,37.989485,,0.0,False,0.0,0.0,,Low likelihood. GFM negative 0% HEFAS negative ?km web: no specific flood news found for this year
MULTI-CHEM_GROUP_GEISMAR_LA_FACILITY,0,0.0,,1,56.0,2021-12,1,20.5,49.0,-91.023749,30.228933,,0.0,False,0.0,0.0,,Low likelihood. GFM negative 0% HEFAS negative ?km web: no specific flood news found for this year
MULTI-CHEM_GROUP_LLC,0,0.0,,1,50.0,2021-12,1,19.7,49.0,-109.241931,41.57001,,0.0,False,0.0,0.0,,Low likelihood. GFM negative 0% HEFAS negative ?km web: no specific flood news found for this year
MUSKOGEE_GENERATING_STATION,0,0.0,,1,34.0,2021-12,1,14.6,49.0,-95.2874,35.7605,,0.0,False,0.0,0.0,,Low likelihood. GFM negative 0% HEFAS negative ?km web: no specific flood news found for this year
M_L_KAPP_GENERATING_STATION,1,5.0,2021-02,1,60.0,2021-12,1,21.8,99.0,-90.234069,41.807699,,0.0,False,0.0,0.0,,Medium likelihood. GFM positive 5% HEFAS negative ?km web: no specific flood news found for this year
MacKenzie_Highway_Station,1,51.0,2021-04_2021-05_2021-06_2021-07_2021-08_2021-09_2021-10_2021-11,1,20.0,2021-12,1,63.7,100.0,-121.347483,61.861734,,0.0,False,0.0,0.0,,Medium likelihood. GFM positive 51% HEFAS negative ?km web: No clear local flood reports for this year; possible ice-jam/ponding.
Magnolia_Landfill,0,0.0,,1,74.0,2021-12,1,13.1,49.0,-91.99197,32.478443,,0.0,False,0.0,0.0,,Low likelihood. GFM negative 0% HEFAS negative ?km web: no specific flood news found for this year
Magyar_Suzuki_Zrt.,0,0.0,,1,38.0,2021-12,1,28.1,49.0,18.745859,47.768847,,0.0,False,-1.0860215053763442,0.0,3.4,Low likelihood. GFM negative 0% HEFAS negative 3km web: no specific flood news found for this year
Marten_Hills_Sour_Gas_Plant_12-18-076-25W4,0,0.0,,1,87.0,2021-12,1,19.5,49.0,-117.891637,55.585578,,0.0,False,0.0,0.0,,Low likelihood. GFM negative 0% HEFAS negative ?km web: no specific flood news found for this year
Masson-Angers,1,2.0,2021-03,1,16.0,2021-12,1,35.0,90.0,-75.38671,45.550293,,0.0,False,0.0,0.0,,Medium likelihood. GFM positive 2% HEFAS negative ?km web: no specific flood news found for this year
McMeekin,0,0.0,,1,52.0,2021-12,1,5.6,49.0,-81.217784,34.053331,,0.0,False,0.0,0.0,,Low likelihood. GFM negative 0% HEFAS negative ?km web: no specific flood news found for this year
Mercedes-Benz_Mercedes-Benz._Werk_Hamburg_0,0,0.0,,1,66.0,2021-12,1,18.4,49.0,9.926507,53.475784,,5.0,True,0.0064814814814814,3.0,8.3,Medium likelihood. GFM negative 0% HEFAS positive 8km web: no specific flood news found for this year
Mercedes-Benz_Mercedes-Benz._Werk_Hamburg_1,0,0.0,,1,66.0,2021-12,1,18.4,49.0,9.926507,53.475784,,5.0,True,0.0064814814814814,3.0,8.3,Medium likelihood. GFM negative 0% HEFAS positive 8km web: no specific flood news found for this year
Mercedes_Benz_AG_Werk_Bremen_0,0,0.0,,1,71.0,2021-12,1,14.2,49.0,8.907812,53.064036,,3.0,True,0.0091995221027479,2.0,3.6,Medium likelihood. GFM negative 0% HEFAS positive 4km web: no specific flood news found for this year
Mercedes_Benz_AG_Werk_Bremen_1,0,0.0,,1,71.0,2021-12,1,14.2,49.0,8.907812,53.064036,,3.0,True,0.0091995221027479,2.0,3.6,Medium likelihood. GFM negative 0% HEFAS positive 4km web: no specific flood news found for this year
Mercedes_Benz_AG_Werk_Rastatt._PKW-Werk_0,0,0.0,,1,61.0,2021-12,1,17.4,49.0,8.183274,48.859308,,1.0,True,-0.005184331797235,2.0,9.5,Medium likelihood. GFM negative 0% HEFAS positive 10km web: no specific flood news found for this year
Mercedes_Benz_AG_Werk_Rastatt._PKW-Werk_1,0,0.0,,1,61.0,2021-12,1,17.4,49.0,8.183274,48.859308,,1.0,True,-0.005184331797235,2.0,9.5,Medium likelihood. GFM negative 0% HEFAS positive 10km web: no specific flood news found for this year
Merck_KGaA,0,0.0,,1,49.0,2021-12,1,19.4,49.0,8.481847,49.767638,,6.0,True,-0.0081541218637992,3.0,11.7,Medium likelihood. GFM negative 0% HEFAS positive 12km web: no specific flood news found for this year
Michelin_Reifenwerke_AG_Co._KGaA,0,0.0,,1,53.0,2021-12,1,19.5,49.0,7.888125,49.857893,,1.0,True,-0.0736047107014849,2.0,1.7,Medium likelihood. GFM negative 0% HEFAS positive 2km web: no specific flood news found for this year
MidAmerican_Energy_Company,0,0.0,,1,83.0,2021-12,1,7.6,34.0,-93.626198,41.587616,,0.0,False,0.0,0.0,,Low likelihood. GFM negative 0% HEFAS negative ?km web: no specific flood news found for this year
MidAmerican_Energy_Company_-_Bettendorf_LNG,0,0.0,,1,50.0,2021-12,1,20.5,49.0,-90.450651,41.544469,,0.0,False,0.0,0.0,,Low likelihood. GFM negative 0% HEFAS negative ?km web: no specific flood news found for this year
MidAmerican_Energy_Company_Local_Natural_Gas_Distribution_Company_-_Illinois,0,0.0,,1,83.0,2021-12,1,7.6,34.0,-93.626198,41.587616,,0.0,False,0.0,0.0,,Low likelihood. GFM negative 0% HEFAS negative ?km web: no specific flood news found for this year
MidAmerican_Energy_Company_Local_Natural_Gas_Distribution_Company_-_Nebraska,0,0.0,,1,83.0,2021-12,1,7.6,34.0,-93.626198,41.587616,,0.0,False,0.0,0.0,,Low likelihood. GFM negative 0% HEFAS negative ?km web: no specific flood news found for this year
MidAmerican_Energy_Company_Local_Natural_Gas_Distribution_Company_-_South_Dakota,0,0.0,,1,83.0,2021-12,1,7.6,34.0,-93.626198,41.587616,,0.0,False,0.0,0.0,,Low likelihood. GFM negative 0% HEFAS negative ?km web: no specific flood news found for this year
MidAmerican_Energy_Local_Gas_Distribution_Company,0,0.0,,1,83.0,2021-12,1,7.6,34.0,-93.626198,41.587616,,0.0,False,0.0,0.0,,Low likelihood. GFM negative 0% HEFAS negative ?km web: no specific flood news found for this year
Mifa_Aluminium_B.V.,1,1.0,2021-07,1,55.0,2021-12,1,22.8,100.0,6.15526,51.385704,,0.0,False,-2.0,-2.0,2.3,Medium likelihood. GFM positive 1% HEFAS negative 2km web: no specific flood news found for this year
Milam_Recycling_and_Disposal_Facility,0,0.0,,1,84.0,2021-12,1,8.9,49.0,-90.125069,38.654992,,0.0,False,0.0,0.0,,Low likelihood. GFM negative 0% HEFAS negative ?km web: no specific flood news found for this year
Mitsue_Compressor_Station_11-30-072-04W5,0,0.0,,1,78.0,2021-12,1,15.4,49.0,-114.607693,55.266803,,0.0,False,0.0,0.0,,Low likelihood. GFM negative 0% HEFAS negative ?km web: no specific flood news found for this year
Mitsue_FST,0,0.0,,1,63.0,2021-12,1,17.5,49.0,-114.588284,55.258276,,0.0,False,0.0,0.0,,Low likelihood. GFM negative 0% HEFAS negative ?km web: no specific flood news found for this year
Mitsue_OB_14-30-72-04W5,0,0.0,,1,73.0,2021-12,1,14.6,49.0,-114.607813,55.26559,,0.0,False,0.0,0.0,,Low likelihood. GFM negative 0% HEFAS negative ?km web: no specific flood news found for this year
Mitsue_Oil_SWB_02-26-074-06W5,0,0.0,,1,94.0,2021-12,1,13.5,49.0,-114.807303,55.432844,,0.0,False,0.0,0.0,,Low likelihood. GFM negative 0% HEFAS negative ?km web: no specific flood news found for this year
Mitsue_Sour_GP_10-30-72-4W5,0,0.0,,1,74.0,2021-12,1,16.7,49.0,-114.601329,55.265572,,0.0,False,0.0,0.0,,Low likelihood. GFM negative 0% HEFAS negative ?km web: no specific flood news found for this year
Mitsue_WPlant_02_10-30-72-4W5,0,0.0,,1,74.0,2021-12,1,17.4,49.0,-114.601398,55.26685,,0.0,False,0.0,0.0,,Low likelihood. GFM negative 0% HEFAS negative ?km web: no specific flood news found for this year
Mondi_Inncoat_GmbH,0,0.0,,1,63.0,2021-12,1,21.0,49.0,12.124455,47.795315,,7.0,True,0.0170848267622461,3.0,5.5,Medium likelihood. GFM negative 0% HEFAS positive 6km web: no specific flood news found for this year
Monroe,0,0.0,,1,64.0,2021-12,1,15.9,49.0,-92.127782,32.527801,,0.0,False,0.0,0.0,,Low likelihood. GFM negative 0% HEFAS negative ?km web: no specific flood news found for this year
Morrisburg_Plant,1,2.0,2021-03,1,77.0,2021-12,1,19.8,82.0,-75.158304,44.913536,,0.0,False,0.0,0.0,,Medium likelihood. GFM positive 2% HEFAS negative ?km web: no specific flood news found for this year
Mosaic_Uncle_Sam_Facility,0,0.0,,1,27.0,2021-12,1,18.3,49.0,-90.769976,30.019945,,0.0,False,0.0,0.0,,Low likelihood. GFM negative 0% HEFAS negative ?km web: no specific flood news found for this year
Muskogee,0,0.0,,1,24.0,2021-12,1,15.1,49.0,-95.284743,35.7617,,0.0,False,0.0,0.0,,Low likelihood. GFM negative 0% HEFAS negative ?km web: no specific flood news found for this year
Mustang,0,0.0,,1,46.0,2021-12,1,20.4,49.0,-97.673231,35.471087,,0.0,False,0.0,0.0,,Low likelihood. GFM negative 0% HEFAS negative ?km web: no specific flood news found for this year
NALCO_COMPANY-ROCK_SPRINGS,0,0.0,,1,60.0,2021-12,1,17.2,49.0,-109.297682,41.55176,,0.0,False,0.0,0.0,,Low likelihood. GFM negative 0% HEFAS negative ?km web: no specific flood news found for this year
NALCO_CO_0,0,0.0,,1,65.0,2021-12,1,20.0,49.0,-90.630979,30.048543,,0.0,False,0.0,0.0,,Low likelihood. GFM negative 0% HEFAS negative ?km web: no specific flood news found for this year
NALCO_CO_1,0,0.0,,1,83.0,2021-12,1,17.6,49.0,-91.236785,30.418993,,0.0,False,0.0,0.0,,Low likelihood. GFM negative 0% HEFAS negative ?km web: no specific flood news found for this year
NATIONAL_PIPE_PLASTICS_INC.,0,0.0,,1,50.0,2021-12,1,10.0,43.0,-76.075096,42.097815,,0.0,False,0.0,0.0,,Low likelihood. GFM negative 0% HEFAS negative ?km web: no specific flood news found for this year
NELSON_DEWEY_GENERATING_STATIO_N,1,14.0,2021-02,1,39.0,2021-12,1,17.3,98.0,-91.008356,42.72288,,0.0,False,0.0,0.0,,Medium likelihood. GFM positive 14% HEFAS negative ?km web: no specific flood news found for this year
NEPTUNE_TECHNOLOGY_GROUP_INC,0,0.0,,1,95.0,2021-12,1,8.5,49.0,-85.894662,32.523582,,0.0,False,0.0,0.0,,Low likelihood. GFM negative 0% HEFAS negative ?km web: no specific flood news found for this year
NESTLE_PURINA_PETCARE_0,0,0.0,,1,83.0,2021-12,1,11.3,49.0,-82.012034,39.940303,,0.0,False,0.0,0.0,,Low likelihood. GFM negative 0% HEFAS negative ?km web: no specific flood news found for this year
NESTLE_PURINA_PETCARE_1,0,0.0,,1,83.0,2021-12,1,11.3,49.0,-82.012034,39.940303,,0.0,False,0.0,0.0,,Low likelihood. GFM negative 0% HEFAS negative ?km web: no specific flood news found for this year
NESTLE_PURINA_PETCARE_2,0,0.0,,1,49.0,2021-12,1,17.6,49.0,-94.868153,39.725767,,0.0,False,0.0,0.0,,Low likelihood. GFM negative 0% HEFAS negative ?km web: no specific flood news found for this year
NESTLE_PURINA_PETCARE_CO_0,1,4.0,2021-02,1,33.0,2021-12,1,24.6,88.0,-90.24068,41.823617,,0.0,False,0.0,0.0,,Medium likelihood. GFM positive 4% HEFAS negative ?km web: no specific flood news found for this year
NESTLE_PURINA_PETCARE_CO_1,0,0.0,,1,33.0,2021-12,1,18.2,49.0,-94.890627,39.719965,,0.0,False,0.0,0.0,,Low likelihood. GFM negative 0% HEFAS negative ?km web: no specific flood news found for this year
NESTLE_PURINA_PETCARE_CO_2,1,4.0,2021-02,1,33.0,2021-12,1,24.6,88.0,-90.24068,41.823617,,0.0,False,0.0,0.0,,Medium likelihood. GFM positive 4% HEFAS negative ?km web: no specific flood news found for this year
NESTLE_PURINA_PETCARE_CO_3,0,0.0,,1,33.0,2021-12,1,18.2,49.0,-94.890627,39.719965,,0.0,False,0.0,0.0,,Low likelihood. GFM negative 0% HEFAS negative ?km web: no specific flood news found for this year
NESTLE_PURINA_PETCARE_CO_4,1,4.0,2021-02,1,33.0,2021-12,1,24.6,88.0,-90.24068,41.823617,,0.0,False,0.0,0.0,,Medium likelihood. GFM positive 4% HEFAS negative ?km web: no specific flood news found for this year
NESTLE_PURINA_PETCARE_CO_5,0,0.0,,1,33.0,2021-12,1,18.2,49.0,-94.890627,39.719965,,0.0,False,0.0,0.0,,Low likelihood. GFM negative 0% HEFAS negative ?km web: no specific flood news found for this year
NESTLE_PURINA_PETCARE_CO_DAVENPORT_FACTORY_0,0,0.0,,1,61.0,2021-12,1,15.3,49.0,-90.608172,41.514642,,0.0,False,0.0,0.0,,Low likelihood. GFM negative 0% HEFAS negative ?km web: no specific flood news found for this year
NESTLE_PURINA_PETCARE_CO_DAVENPORT_FACTORY_1,0,0.0,,1,61.0,2021-12,1,15.3,49.0,-90.608172,41.514642,,0.0,False,0.0,0.0,,Low likelihood. GFM negative 0% HEFAS negative ?km web: no specific flood news found for this year
NESTLE_PURINA_PETCARE_CO_DAVENPORT_FACTORY_2,0,0.0,,1,61.0,2021-12,1,15.3,49.0,-90.608172,41.514642,,0.0,False,0.0,0.0,,Low likelihood. GFM negative 0% HEFAS negative ?km web: no specific flood news found for this year
NEVIS_06-22-039-22W4,1,1.0,2021-01_2021-03_2021-08,1,65.0,2021-12,1,24.5,97.0,-113.06022,52.280195,,0.0,False,0.0,0.0,,Medium likelihood. GFM positive 1% HEFAS negative ?km web: no specific flood news found for this year
NEW_ORLEANS_SHIPYARD,0,0.0,,1,60.0,2021-12,1,16.3,49.0,-90.230622,29.945669,,0.0,False,0.0,0.0,,Low likelihood. GFM negative 0% HEFAS negative ?km web: no specific flood news found for this year
NGPL_Station_342_Johnson_s_Bayou._LA,1,30.0,2021-02_2021-05,1,23.0,2021-12,1,40.6,100.0,-93.753747,29.803602,,0.0,False,0.0,0.0,,Medium likelihood. GFM positive 30% HEFAS negative ?km web: no specific flood news found for this year
NORTHEAST_GENERATING_STATION,0,0.0,,1,50.0,2021-12,1,13.4,49.0,-94.559518,39.1235,,0.0,False,0.0,0.0,,Low likelihood. GFM negative 0% HEFAS negative ?km web: no specific flood news found for this year
NORTHWEST_HARDWOODS,0,0.0,2021-11,1,25.0,2021-12,1,18.1,49.0,-123.029388,49.140371,,0.0,False,0.0,0.0,,Low likelihood. GFM negative 0% HEFAS negative ?km web: no specific flood news found for this year
NORTHWEST_PIPELINE_GP_SUMAS_C_S,1,28.0,2021-02_2021-07_2021-11,1,16.0,2021-12,1,46.8,99.0,-122.221441,49.000983,,0.0,False,0.0,0.0,,Medium likelihood. GFM positive 28% HEFAS negative ?km web: no specific flood news found for this year
NORTHWEST_PIPE_CO_0,0,0.0,,1,53.0,2021-12,1,10.7,43.0,-81.684136,39.252458,,0.0,False,0.0,0.0,,Low likelihood. GFM negative 0% HEFAS negative ?km web: no specific flood news found for this year
NORTHWEST_PIPE_CO_1,0,0.0,,1,47.0,2021-12,1,21.1,49.0,-93.725686,32.519754,,0.0,False,0.0,0.0,,Low likelihood. GFM negative 0% HEFAS negative ?km web: no specific flood news found for this year
NORTHWEST_PIPE_CO_2,0,0.0,,1,59.0,2021-12,1,18.5,49.0,-122.773114,45.608528,,0.0,False,0.0,0.0,,Low likelihood. GFM negative 0% HEFAS negative ?km web: no specific flood news found for this year
NORTH_AMERICAN_GALVANIZING_COMPANY_-WHEELING,0,0.0,,1,76.0,2021-12,1,7.1,49.0,-80.734397,40.015422,,0.0,False,0.0,0.0,,Low likelihood. GFM negative 0% HEFAS negative ?km web: no specific flood news found for this year
NOTUS_PIT,1,3.0,2021-10,1,3.0,2021-12,1,36.6,99.0,-116.787418,43.701346,,0.0,False,0.0,0.0,,Medium likelihood. GFM positive 3% HEFAS negative ?km web: no specific flood news found for this year
NUCOR-YAMATO_STEEL_CO,0,0.0,,1,82.0,2021-12,1,11.0,49.0,-89.775574,35.901863,,0.0,False,0.0,0.0,,Low likelihood. GFM negative 0% HEFAS negative ?km web: no specific flood news found for this year
NUCOR_COATINGS_CORP,1,46.0,2021-04,0,0.0,2021-12,1,50.6,100.0,-89.775064,35.938338,,0.0,False,0.0,0.0,,Medium likelihood. GFM positive 46% HEFAS negative ?km web: no specific flood news found for this year
NUCOR_STEEL-ARKANSAS,1,11.0,2021-04,1,2.0,2021-12,1,29.1,95.0,-89.727088,35.940931,,0.0,False,0.0,0.0,,Medium likelihood. GFM positive 11% HEFAS negative ?km web: no specific flood news found for this year
NUCOR_STEEL_GALLATIN_LLC,1,9.0,2021-02_2021-03,1,40.0,2021-12,1,19.8,100.0,-85.004136,38.766631,,0.0,False,0.0,0.0,,Medium likelihood. GFM positive 9% HEFAS negative ?km web: no specific flood news found for this year
NUCOR_STEEL_JACKSON_INC,0,0.0,,1,43.0,2021-12,1,16.6,49.0,-90.137264,32.312153,,0.0,False,0.0,0.0,,Low likelihood. GFM negative 0% HEFAS negative ?km web: no specific flood news found for this year
NUCOR_STEEL_LOUISIANA_LLC,0,0.0,,1,60.0,2021-12,1,17.8,49.0,-90.8678,30.101628,,0.0,False,0.0,0.0,,Low likelihood. GFM negative 0% HEFAS negative ?km web: no specific flood news found for this year
NUCOR_STEEL_MEMPHIS_INC,0,0.0,,1,19.0,2021-12,1,29.8,49.0,-90.153066,35.049862,,0.0,False,0.0,0.0,,Low likelihood. GFM negative 0% HEFAS negative ?km web: no specific flood news found for this year
NUCOR_STEEL_MEMPHIS_PROCESSING,0,0.0,,1,90.0,2021-12,1,13.8,49.0,-90.126429,35.083115,,0.0,False,0.0,0.0,,Low likelihood. GFM negative 0% HEFAS negative ?km web: no specific flood news found for this year
NUCOR_STEEL_TUSCALOOSA_INC,0,0.0,,1,79.0,2021-12,1,12.1,49.0,-87.506896,33.23367,,0.0,False,0.0,0.0,,Low likelihood. GFM negative 0% HEFAS negative ?km web: no specific flood news found for this year
NUCOR_TUBULAR_PRODUCTS_INC.,0,0.0,,1,52.0,2021-12,1,12.0,49.0,-88.690185,41.32281,,0.0,False,0.0,0.0,,Low likelihood. GFM negative 0% HEFAS negative ?km web: no specific flood news found for this year
NW_Belloy_Dunvegan_Sour_Gas_Processing_Plant_16-36-079-03W6,1,12.0,2021-04_2021-10,1,27.0,2021-12,1,43.1,96.0,-118.317558,55.894989,,0.0,False,0.0,0.0,,Medium likelihood. GFM positive 12% HEFAS negative ?km web: no specific flood news found for this year
Nagyk_r_-III_gy_jt__llom_s,1,75.0,2021-04_2021-05,0,0.0,2021-12,1,66.0,100.0,20.393785,47.239696,,30.0,True,-0.207437275985663,4.0,17.0,High likelihood. GFM positive 75% HEFAS positive 17km web: no specific flood news found for this year
Nelson_Dewey,1,14.0,2021-02,1,36.0,2021-12,1,17.3,98.0,-91.008405,42.722432,,0.0,False,0.0,0.0,,Medium likelihood. GFM positive 14% HEFAS negative ?km web: no specific flood news found for this year
Nestle_Beverages_Smithtown_0,1,8.0,2021-03,1,37.0,2021-12,1,19.9,100.0,152.941319,-31.021173,,0.0,False,0.0,0.0,,Medium likelihood. GFM positive 8% HEFAS negative ?km web: no specific flood news found for this year
Nestle_Beverages_Smithtown_1,1,8.0,2021-03,1,37.0,2021-12,1,19.9,100.0,152.941319,-31.021173,,0.0,False,0.0,0.0,,Medium likelihood. GFM positive 8% HEFAS negative ?km web: no specific flood news found for this year
Nestle_Beverages_Smithtown_2,1,8.0,2021-03,1,37.0,2021-12,1,19.9,100.0,152.941319,-31.021173,,0.0,False,0.0,0.0,,Medium likelihood. GFM positive 8% HEFAS negative ?km web: no specific flood news found for this year
Nevis_Gas_Plant,0,0.0,,1,70.0,2021-12,1,18.5,49.0,-113.076844,52.312859,,0.0,False,0.0,0.0,,Low likelihood. GFM negative 0% HEFAS negative ?km web: no specific flood news found for this year
New_Orleans_Power_Station,0,0.0,,1,59.0,2021-12,1,14.9,49.0,-89.940351,29.995366,,0.0,False,0.0,0.0,,Low likelihood. GFM negative 0% HEFAS negative ?km web: no specific flood news found for this year
New_Westminster_Plant,0,0.0,,1,47.0,2021-12,1,19.6,49.0,-122.875585,49.226636,,0.0,False,0.0,0.0,,Low likelihood. GFM negative 0% HEFAS negative ?km web: no specific flood news found for this year
Nipisi_Sweet_Gas_Plant_12-30-072-04W5,0,0.0,,1,4.0,2021-12,1,15.9,49.0,-114.613033,55.266796,,0.0,False,0.0,0.0,,Low likelihood. GFM negative 0% HEFAS negative ?km web: no specific flood news found for this year
Norman_Wells_Central_Processing_Facility,1,15.0,2021-04_2021-05_2021-06_2021-07_2021-11,1,12.0,2021-12,1,31.5,100.0,-126.88125,65.287268,,0.0,False,0.0,0.0,,Medium likelihood. GFM positive 15% HEFAS negative ?km web: no specific flood news found for this year
North_Tangleflags_Facility,0,0.0,,1,63.0,2021-12,1,24.3,49.0,-109.566984,53.506793,,0.0,False,0.0,0.0,,Low likelihood. GFM negative 0% HEFAS negative ?km web: no specific flood news found for this year
Nucor_Steel_Louisiana_LLC,1,2.0,2021-09,0,0.0,,0,0.0,0.0,-90.860529,30.081305,,0.0,False,0.0,0.0,,Medium likelihood. GFM positive 2% HEFAS negative ?km web: no specific flood news found for this year
OCCIDENTAL_CHEMICAL_CORP,0,0.0,,1,83.0,2021-12,1,15.7,49.0,-90.459005,29.973683,,0.0,False,0.0,0.0,,Low likelihood. GFM negative 0% HEFAS negative ?km web: no specific flood news found for this year
OCCIDENTAL_CHEMICAL_CORP_LULING,0,0.0,,1,37.0,2021-12,1,16.8,49.0,-90.347354,29.930663,,0.0,False,0.0,0.0,,Low likelihood. GFM negative 0% HEFAS negative ?km web: no specific flood news found for this year
OCCIDENTAL_CHEMICAL_CORP_OXYCHEM,0,0.0,,1,34.0,2021-12,1,8.3,49.0,-87.98396,36.049684,,0.0,False,0.0,0.0,,Low likelihood. GFM negative 0% HEFAS negative ?km web: no specific flood news found for this year
OCCIDENTAL_CHEMICAL_CORP_SAUGET_PLANT,0,0.0,,1,57.0,2021-12,1,16.3,49.0,-90.169887,38.600009,,0.0,False,0.0,0.0,,Low likelihood. GFM negative 0% HEFAS negative ?km web: no specific flood news found for this year
OCCIDENTAL_CHEMICAL_HOLDING_CORP,0,0.0,,1,44.0,2021-12,1,23.0,49.0,-90.830805,30.055083,,0.0,False,0.0,0.0,,Low likelihood. GFM negative 0% HEFAS negative ?km web: no specific flood news found for this year
OCCIDENTAL_CHEMICAL_HOLDING_CORP_-_GEISMAR_PLANT,0,0.0,,1,69.0,2021-12,1,17.2,49.0,-90.980396,30.185164,,0.0,False,0.0,0.0,,Low likelihood. GFM negative 0% HEFAS negative ?km web: no specific flood news found for this year
OFS_CS_Lindsay_Booster,0,0.0,2021-11,1,3.0,2021-12,1,32.9,70.0,-97.562932,34.847484,,0.0,False,0.0,0.0,,Low likelihood. GFM negative 0% HEFAS negative ?km web: no specific flood news found for this year
OHMSTEDE_LTD,0,0.0,,1,94.0,2021-12,1,14.3,49.0,-91.063241,30.245119,,0.0,False,0.0,0.0,,Low likelihood. GFM negative 0% HEFAS negative ?km web: no specific flood news found for this year
OKC_WASTE_DISPOSAL_OKLAHOMA_CITY_LNDFLL,0,0.0,,1,42.0,2021-12,1,17.3,49.0,-97.645807,35.450944,,0.0,False,0.0,0.0,,Low likelihood. GFM negative 0% HEFAS negative ?km web: no specific flood news found for this year
OLDCASTLE_LAWN_GARDEN_0,0,0.0,,1,64.0,2021-12,1,14.5,49.0,-88.198027,33.104109,,0.0,False,0.0,0.0,,Low likelihood. GFM negative 0% HEFAS negative ?km web: no specific flood news found for this year
OLDCASTLE_LAWN_GARDEN_1,0,0.0,,1,54.0,2021-12,1,18.6,49.0,-90.184945,38.58795,,0.0,False,0.0,0.0,,Low likelihood. GFM negative 0% HEFAS negative ?km web: no specific flood news found for this year
OLDCASTLE_LAWN_GARDN,0,0.0,,1,61.0,2021-12,1,13.8,43.0,-96.739349,32.697755,,0.0,False,0.0,0.0,,Low likelihood. GFM negative 0% HEFAS negative ?km web: no specific flood news found for this year
OLDCASTLE_MILLER_BONNER_SPRINGS,0,0.0,,1,48.0,2021-12,1,15.1,49.0,-94.853169,39.052728,,0.0,False,0.0,0.0,,Low likelihood. GFM negative 0% HEFAS negative ?km web: no specific flood news found for this year
OLDCASTLE_PRECAST_INC_0,0,0.0,,1,48.0,2021-12,1,11.8,49.0,-74.896592,40.094142,,0.0,False,0.0,0.0,,Low likelihood. GFM negative 0% HEFAS negative ?km web: no specific flood news found for this year
OLDCASTLE_PRECAST_INC_1,1,2.0,2021-02,1,9.0,2021-12,1,20.2,60.0,-95.743484,39.080158,,0.0,False,0.0,0.0,,Medium likelihood. GFM positive 2% HEFAS negative ?km web: no specific flood news found for this year
OLDCASTLE_PRECAST_INC_2,0,0.0,,1,55.0,2021-12,1,22.2,49.0,-105.045859,39.56072,,0.0,False,0.0,0.0,,Low likelihood. GFM negative 0% HEFAS negative ?km web: no specific flood news found for this year
OLDCASTLE_PRECAST_INC_3,1,39.0,2021-04_2021-05,1,12.0,2021-12,1,52.7,100.0,-123.192951,44.125331,,0.0,False,0.0,0.0,,Medium likelihood. GFM positive 39% HEFAS negative ?km web: no specific flood news found for this year
OLIN_CORP,0,0.0,,1,42.0,2021-12,1,16.1,49.0,-79.026699,43.081436,,0.0,False,0.0,0.0,,Low likelihood. GFM negative 0% HEFAS negative ?km web: no specific flood news found for this year
OLIN_CORP_CHARLESTON_PLANT,0,0.0,,1,47.0,2021-12,1,10.5,49.0,-84.781697,35.307563,,0.0,False,0.0,0.0,,Low likelihood. GFM negative 0% HEFAS negative ?km web: no specific flood news found for this year
OLIN_RUSSELLVILLE_CELL_TECHNOLOGIES_LLC,0,0.0,,1,56.0,2021-12,1,12.8,49.0,-93.152115,35.236958,,0.0,False,0.0,0.0,,Low likelihood. GFM negative 0% HEFAS negative ?km web: no specific flood news found for this year
OLIN_WINCHESTER_LLC_MAIN_PLANT,0,0.0,,1,64.0,2021-12,1,14.3,49.0,-90.112802,38.888326,,0.0,False,0.0,0.0,,Low likelihood. GFM negative 0% HEFAS negative ?km web: no specific flood news found for this year
OMV_Downstream_GmbH,0,0.0,,1,63.0,2021-12,1,15.5,49.0,16.493895,48.144726,,3.0,True,0.0089605734767025,2.0,23.3,Medium likelihood. GFM negative 0% HEFAS positive 23km web: no specific flood news found for this year
OXY_VINYLS_LP,0,0.0,,1,66.0,2021-12,1,13.2,49.0,-75.423663,39.76354,,0.0,False,0.0,0.0,,Low likelihood. GFM negative 0% HEFAS negative ?km web: no specific flood news found for this year
Oak_2-7,0,0.0,,1,90.0,2021-12,1,8.8,49.0,-120.672917,56.437302,,0.0,False,0.0,0.0,,Low likelihood. GFM negative 0% HEFAS negative ?km web: no specific flood news found for this year
Ogden_Point_Quarry,0,0.0,,1,47.0,2021-12,1,17.0,49.0,-77.869331,43.987068,,0.0,False,0.0,0.0,,Low likelihood. GFM negative 0% HEFAS negative ?km web: no specific flood news found for this year
Orora_Beverage_Cans,0,0.0,,1,52.0,2021-12,1,19.0,49.0,153.005234,-27.562301,,0.0,False,0.0,0.0,,Low likelihood. GFM negative 0% HEFAS negative ?km web: no specific flood news found for this year
Ostnor_AB._Norra_Fabriken,0,0.0,,1,61.0,2021-12,1,22.1,49.0,14.495395,61.026673,,3.0,True,-0.9919354838709676,2.0,79.4,Medium likelihood. GFM negative 0% HEFAS positive 79km web: no specific flood news found for this year
Ouachita_Plant,0,0.0,,1,34.0,2021-12,1,20.8,49.0,-92.06972,32.705613,,0.0,False,0.0,0.0,,Low likelihood. GFM negative 0% HEFAS negative ?km web: no specific flood news found for this year
PACIFICORP_DAVE_JOHNSTON_PLANT,1,9.0,2021-03_2021-09_2021-12,1,50.0,2021-12,1,31.5,100.0,-105.776094,42.838088,,0.0,False,0.0,0.0,,Medium likelihood. GFM positive 9% HEFAS negative ?km web: no specific flood news found for this year
PACIFIC_ETHANOL_STOCKTON_LLC,0,0.0,,1,54.0,2021-12,1,18.2,49.0,-121.338521,37.941215,,0.0,False,0.0,0.0,,Low likelihood. GFM negative 0% HEFAS negative ?km web: no specific flood news found for this year
PACKAGING_CORP_OF_AMERICA,0,0.0,,1,54.0,2021-12,1,9.2,49.0,-72.618809,42.292245,,0.0,False,0.0,0.0,,Low likelihood. GFM negative 0% HEFAS negative ?km web: no specific flood news found for this year
PACKAGING_CORP_OF_AMERI_CA,1,2.0,2019-03_2019-11,1,51.0,2019-12,1,15.2,93.0,-89.740264,45.450915,,0.0,False,0.0,0.0,,Medium likelihood. GFM positive 2% HEFAS negative ?km web: no specific flood news found for this year
PARKER_HANNIFIN,0,0.0,,1,60.0,2021-12,1,9.7,49.0,-86.130777,41.671062,,0.0,False,0.0,0.0,,Low likelihood. GFM negative 0% HEFAS negative ?km web: no specific flood news found for this year
PARKER_HANNIFIN_LIBERTY_LAKE,0,0.0,,1,62.0,2021-12,1,19.6,49.0,-117.090233,47.677876,,0.0,False,0.0,0.0,,Low likelihood. GFM negative 0% HEFAS negative ?km web: no specific flood news found for this year
PARKER_HANNIFIN_MANHATTAN_FACILITY,0,0.0,,1,39.0,2021-12,1,16.1,49.0,-96.557264,39.195915,,0.0,False,0.0,0.0,,Low likelihood. GFM negative 0% HEFAS negative ?km web: no specific flood news found for this year
PBG_-_WINNIPEG,0,0.0,,1,45.0,2021-12,1,17.8,49.0,-97.213817,49.893894,,0.0,False,0.0,0.0,,Low likelihood. GFM negative 0% HEFAS negative ?km web: no specific flood news found for this year
PCAS_0,0,0.0,,1,56.0,2021-12,1,15.2,49.0,2.324847,48.934175,,0.0,False,-1.0,-1.0,10.4,Low likelihood. GFM negative 0% HEFAS negative 10km web: no specific flood news found for this year
PCAS_1,0,0.0,,1,46.0,2021-12,1,14.7,49.0,4.687739,43.890998,,0.0,False,-1.0,-1.0,11.9,Low likelihood. GFM negative 0% HEFAS negative 12km web: no specific flood news found for this year
PCP_LINDBERGH_5P-33,0,0.0,,1,52.0,2021-12,1,23.7,49.0,-110.546696,53.793006,,0.0,False,0.0,0.0,,Low likelihood. GFM negative 0% HEFAS negative ?km web: no specific flood news found for this year
PECO_Gas_Division,0,0.0,,1,80.0,2021-12,1,5.7,49.0,-75.177777,39.954095,,0.0,False,0.0,0.0,,Low likelihood. GFM negative 0% HEFAS negative ?km web: no specific flood news found for this year
PENTAIR_-_KANSAS_CITY_OPERATION,0,0.0,,1,42.0,2021-12,1,17.6,49.0,-94.671004,39.087842,,0.0,False,0.0,0.0,,Low likelihood. GFM negative 0% HEFAS negative ?km web: no specific flood news found for this year
PEOC_MANNVILLE_3-33-50-8,1,20.0,2021-03_2021-04_2021-07_2021-08_2021-10,1,54.0,2021-12,1,43.0,100.0,-111.115768,53.35104,,0.0,False,0.0,0.0,,Medium likelihood. GFM positive 20% HEFAS negative ?km web: no specific flood news found for this year
PEPSI_BEVERAGES_COMPANY,0,0.0,,1,60.0,2021-12,1,15.5,49.0,-111.990672,33.413236,,0.0,False,0.0,0.0,,Low likelihood. GFM negative 0% HEFAS negative ?km web: no specific flood news found for this year
PERMALOK_A_NORTHWEST_PIPE_CO,0,0.0,,1,34.0,2021-12,1,16.5,49.0,-111.905379,40.754766,,0.0,False,0.0,0.0,,Low likelihood. GFM negative 0% HEFAS negative ?km web: no specific flood news found for this year
PGE_BEAVER_PLANT_PORT_WESTWARD_PLANT,0,0.0,,1,40.0,2021-12,1,22.3,49.0,-123.155314,46.170692,,0.0,False,0.0,0.0,,Low likelihood. GFM negative 0% HEFAS negative ?km web: no specific flood news found for this year
PGE_T_D_Facility,0,0.0,,1,61.0,2021-12,1,10.0,49.0,-122.669964,45.519945,,0.0,False,0.0,0.0,,Low likelihood. GFM negative 0% HEFAS negative ?km web: no specific flood news found for this year
PG_E_GATEWAY_GENERATING_STATION,0,0.0,,1,26.0,2021-12,1,19.9,49.0,-121.759165,38.016646,,0.0,False,0.0,0.0,,Low likelihood. GFM negative 0% HEFAS negative ?km web: no specific flood news found for this year
PHILLIPS_66_-_ALLIANCE_REFINERY,0,0.0,,1,50.0,2021-12,1,18.8,49.0,-89.980891,29.679957,,0.0,False,0.0,0.0,,Low likelihood. GFM negative 0% HEFAS negative ?km web: no specific flood news found for this year
PHILLIPS_66_CO._JONES_CREEK_TERMINAL,0,0.0,,1,63.0,2021-12,1,16.1,49.0,-95.43028,28.94025,,0.0,False,0.0,0.0,,Low likelihood. GFM negative 0% HEFAS negative ?km web: no specific flood news found for this year
PHILLIPS_66_CO_EAST_ST_LOUIS_TERMINAL,0,0.0,,1,36.0,2021-12,1,23.2,49.0,-90.188221,38.582143,,0.0,False,0.0,0.0,,Low likelihood. GFM negative 0% HEFAS negative ?km web: no specific flood news found for this year
PHILLIPS_66_CO_OKLAHOMA_CITY_PRODUCTS_TERMINAL,0,0.0,,1,46.0,2021-12,1,22.1,49.0,-97.431126,35.47735,,0.0,False,0.0,0.0,,Low likelihood. GFM negative 0% HEFAS negative ?km web: no specific flood news found for this year
PHILLIPS_66_CO_SAN_BERNARD_TER_MINAL,0,0.0,,1,82.0,2021-12,1,14.3,49.0,-95.672692,29.061001,,0.0,False,0.0,0.0,,Low likelihood. GFM negative 0% HEFAS negative ?km web: no specific flood news found for this year
PHILLIPS_66_PIPELINE-WICHITA_FALLS_PRODUCTS_CRUDE_TERMINAL,0,0.0,,1,33.0,2021-12,1,17.7,49.0,-98.500095,33.930046,,0.0,False,0.0,0.0,,Low likelihood. GFM negative 0% HEFAS negative ?km web: no specific flood news found for this year
PHILLIPS_66_SAVANNAH_LUBRICANTS_PLANT,0,0.0,,1,57.0,2021-12,1,14.4,49.0,-81.045908,32.077502,,0.0,False,0.0,0.0,,Low likelihood. GFM negative 0% HEFAS negative ?km web: no specific flood news found for this year
PHILLIPS_66_SPOKANE-PARKWATER_TERMINAL,0,0.0,,1,48.0,2021-12,1,16.0,46.0,-117.317143,47.669974,,0.0,False,0.0,0.0,,Low likelihood. GFM negative 0% HEFAS negative ?km web: no specific flood news found for this year
PHILLIPS_66_TERMINAL,0,0.0,,1,48.0,2021-12,1,16.4,49.0,-90.091616,38.811557,,0.0,False,0.0,0.0,,Low likelihood. GFM negative 0% HEFAS negative ?km web: no specific flood news found for this year
PIERCE_MANUFACTURING_INC,0,0.0,,1,25.0,2019-12,1,17.5,49.0,-88.470116,44.243295,,0.0,False,0.0,0.0,,Low likelihood. GFM negative 0% HEFAS negative ?km web: no specific flood news found for this year
PIONEER_AMERICAS_LLC_DBA_OLIN_CHLOR_ALKALI_PRODUCTS,0,0.0,,1,55.0,2021-12,1,20.7,49.0,-91.105643,30.241434,,0.0,False,0.0,0.0,,Low likelihood. GFM negative 0% HEFAS negative ?km web: no specific flood news found for this year
PLAQUEMINE_METHOCEL,0,0.0,,1,67.0,2021-12,1,17.3,49.0,-91.241415,30.318848,,0.0,False,0.0,0.0,,Low likelihood. GFM negative 0% HEFAS negative ?km web: no specific flood news found for this year
PLATTE_CHEMICAL_CO,1,7.0,2021-02,1,22.0,2021-12,1,39.8,82.0,-91.000047,33.41659,,0.0,False,0.0,0.0,,Medium likelihood. GFM positive 7% HEFAS negative ?km web: no specific flood news found for this year
PORTLAND_POWER_PLANT,0,0.0,,1,81.0,2021-12,1,15.0,49.0,-75.07922,40.909536,,0.0,False,0.0,0.0,,Low likelihood. GFM negative 0% HEFAS negative ?km web: no specific flood news found for this year
POWER_DISTRIBUTION_INC,0,0.0,,1,53.0,2021-12,1,17.3,49.0,-117.923035,33.707594,,0.0,False,0.0,0.0,,Low likelihood. GFM negative 0% HEFAS negative ?km web: no specific flood news found for this year
PPG_Coatings_B.V.,0,0.0,,1,59.0,2021-12,1,20.8,49.0,5.412745,51.883293,,0.0,False,-1.3333333333333333,0.0,48.1,Low likelihood. GFM negative 0% HEFAS negative 48km web: no specific flood news found for this year
PPG_Deco_Polska_Sp._z_o.o.,0,0.0,,1,61.0,2021-12,1,23.9,49.0,17.100855,51.125291,,2.0,True,-1.329689366786141,2.0,5.8,Medium likelihood. GFM negative 0% HEFAS positive 6km web: no specific flood news found for this year
PPG_INDUSTRIESINC-SPRINGDALE_COMPLEX,0,0.0,,1,79.0,2021-12,1,4.4,49.0,-79.785727,40.536858,,0.0,False,0.0,0.0,,Low likelihood. GFM negative 0% HEFAS negative ?km web: no specific flood news found for this year
PRAIRIE_CREEK_GENERATING_STATION,1,3.0,2021-02,1,58.0,2021-12,1,20.8,100.0,-91.639266,41.944126,,0.0,False,0.0,0.0,,Medium likelihood. GFM positive 3% HEFAS negative ?km web: no specific flood news found for this year
PRECISION_PACKAGING_INC,0,0.0,,1,70.0,2021-12,1,19.9,49.0,-92.222154,34.75807,,0.0,False,0.0,0.0,,Low likelihood. GFM negative 0% HEFAS negative ?km web: no specific flood news found for this year
PRECOAT_METALS_0,0,0.0,,1,49.0,2021-12,1,15.3,49.0,-90.26282,32.166655,,0.0,False,0.0,0.0,,Low likelihood. GFM negative 0% HEFAS negative ?km web: no specific flood news found for this year
PRECOAT_METALS_1,1,11.0,2021-04,1,58.0,2021-12,1,25.2,100.0,-86.781203,37.929857,,0.0,False,0.0,0.0,,Medium likelihood. GFM positive 11% HEFAS negative ?km web: no specific flood news found for this year
PRECOAT_METALS_2,0,0.0,,1,26.0,2021-12,1,24.7,49.0,-90.129501,38.746303,,0.0,False,0.0,0.0,,Low likelihood. GFM negative 0% HEFAS negative ?km web: no specific flood news found for this year
PREMCOR_HARTFORD_DISTRIBUTION_CENTER,0,0.0,,1,41.0,2021-12,1,12.9,49.0,-90.08613,38.835534,,0.0,False,0.0,0.0,,Low likelihood. GFM negative 0% HEFAS negative ?km web: no specific flood news found for this year
PRINCE_AGRI_PRODUCTS_INC.,0,0.0,2021-01_2021-03_2021-04_2021-05,1,13.0,2021-12,1,25.9,86.0,-91.413374,39.879532,,0.0,False,0.0,0.0,,Low likelihood. GFM negative 0% HEFAS negative ?km web: no specific flood news found for this year
PRYSMIAN,1,1.0,2021-05,1,27.0,2021-12,1,19.9,85.0,3.280006,48.160002,,0.0,False,-1.004480286738351,-1.0,31.5,Medium likelihood. GFM positive 1% HEFAS negative 32km web: no specific flood news found for this year
PRYSMIAN_CABLES_ET_SYSTEMES_FRANCE,0,0.0,,1,74.0,2021-12,1,14.9,49.0,1.124592,49.395133,,0.0,False,-1.0,-1.0,19.4,Low likelihood. GFM negative 0% HEFAS negative 19km web: no specific flood news found for this year
PRYSMIAN_CABLES_SYSTEMS_USA_LLC,0,0.0,,1,35.0,2021-12,1,15.5,49.0,-77.055257,41.231016,,0.0,False,0.0,0.0,,Low likelihood. GFM negative 0% HEFAS negative ?km web: no specific flood news found for this year
PRYSMIAN_CABLE_SYSTEMS_LLC,0,0.0,,1,80.0,2021-12,1,10.9,49.0,-71.472615,42.993939,,0.0,False,0.0,0.0,,Low likelihood. GFM negative 0% HEFAS negative ?km web: no specific flood news found for this year
PUBLIC_SERVICE_COMPANY_OF_COLORADO_ARAPAHOE_STATION,0,0.0,,1,64.0,2021-12,1,13.7,49.0,-104.99948,39.669152,,0.0,False,0.0,0.0,,Low likelihood. GFM negative 0% HEFAS negative ?km web: no specific flood news found for this year
PUBLIC_SERVICE_CO_DENVER_STEAM_PLT,0,0.0,,1,77.0,2021-12,1,7.2,49.0,-105.000219,39.754111,,0.0,False,0.0,0.0,,Low likelihood. GFM negative 0% HEFAS negative ?km web: no specific flood news found for this year
PUBLIC_SERVICE_CO_OF_COLORADO_CHEROKEE_STATION,0,0.0,,1,81.0,2021-12,1,8.7,49.0,-104.964777,39.80775,,0.0,False,0.0,0.0,,Low likelihood. GFM negative 0% HEFAS negative ?km web: no specific flood news found for this year
Paddys_Run,0,0.0,,1,61.0,2021-12,1,14.3,49.0,-85.845326,38.214734,,0.0,False,0.0,0.0,,Low likelihood. GFM negative 0% HEFAS negative ?km web: no specific flood news found for this year
Panasonic_Industrial_Devices_Materials_Europe_GmbH_0,0,0.0,,1,52.0,2021-12,1,21.1,49.0,14.496555,48.231049,,3.0,True,-0.1017025089605734,4.0,21.6,Medium likelihood. GFM negative 0% HEFAS positive 22km web: no specific flood news found for this year
Panasonic_Industrial_Devices_Materials_Europe_GmbH_1,0,0.0,,1,52.0,2021-12,1,21.1,49.0,14.496555,48.231049,,3.0,True,-0.1017025089605734,4.0,21.6,Medium likelihood. GFM negative 0% HEFAS positive 22km web: no specific flood news found for this year
Parker_Hannifin_ECD,0,0.0,,1,53.0,2021-12,1,21.0,49.0,-97.165827,49.831997,,0.0,False,0.0,0.0,,Low likelihood. GFM negative 0% HEFAS negative ?km web: no specific flood news found for this year
Patho_landfill,1,11.0,2021-01_2021-02_2021-03_2021-04_2021-05_2021-10,1,53.0,2021-12,1,49.5,100.0,144.431316,-36.068907,,0.0,False,0.0,0.0,,Medium likelihood. GFM positive 11% HEFAS negative ?km web: no specific flood news found for this year
Pergen_VOF,0,0.0,,1,77.0,2021-12,1,17.1,49.0,4.36753,51.885841,,0.0,False,-2.0,-2.0,81.8,Low likelihood. GFM negative 0% HEFAS negative 82km web: no specific flood news found for this year
Pinto_Oil_SWB_16-31,1,10.0,2021-05_2021-09,1,63.0,2021-12,1,30.9,96.0,-102.658575,49.085726,,0.0,False,0.0,0.0,,Medium likelihood. GFM positive 10% HEFAS negative ?km web: no specific flood news found for this year
Pipestone_Compressor_Station_08-15-070-08W6,1,5.0,2021-04_2021-07_2021-08_2021-10_2021-11,1,80.0,2021-12,1,19.4,100.0,-119.122598,55.059729,,0.0,False,0.0,0.0,,Medium likelihood. GFM positive 5% HEFAS negative ?km web: no specific flood news found for this year
Pipestone_South_Gas_MWB_02-20-070-08W6,1,15.0,2021-04_2021-10_2021-11,1,33.0,2021-12,1,39.2,100.0,-119.179517,55.070648,,0.0,False,0.0,0.0,,Medium likelihood. GFM positive 15% HEFAS negative ?km web: no specific flood news found for this year
Pleasant_Hill_Energy_Center,1,1.0,2021-02,1,6.0,2021-12,1,23.6,89.0,-93.524175,41.557247,,0.0,False,0.0,0.0,,Medium likelihood. GFM positive 1% HEFAS negative ?km web: no specific flood news found for this year
Pollard_Banknote_-_Winnipeg_Plant,0,0.0,,1,42.0,2021-12,1,24.1,49.0,-97.172327,49.836511,,0.0,False,0.0,0.0,,Low likelihood. GFM negative 0% HEFAS negative ?km web: no specific flood news found for this year
Port_Westward,0,0.0,,1,42.0,2021-12,1,14.3,49.0,-123.171719,46.179219,,0.0,False,0.0,0.0,,Low likelihood. GFM negative 0% HEFAS negative ?km web: no specific flood news found for this year
Prairie_Green_IWMF,1,21.0,2021-04_2021-05,1,10.0,2021-12,1,46.0,94.0,-97.130729,50.004689,,0.0,False,0.0,0.0,,Medium likelihood. GFM positive 21% HEFAS negative ?km web: no specific flood news found for this year
Procter_Gamble_Manufacturing_GmbH,0,0.0,,1,50.0,2021-12,1,18.6,49.0,8.494759,49.929807,,9.0,True,-0.0203020993343573,3.0,3.8,Medium likelihood. GFM negative 0% HEFAS positive 4km web: no specific flood news found for this year
Prysmian_Netherlands_B.V.,0,0.0,,1,62.0,2021-12,1,16.8,49.0,4.36425,51.9957,,0.0,False,-2.0,-2.0,93.6,Low likelihood. GFM negative 0% HEFAS negative 94km web: no specific flood news found for this year
QUAD_GRAPHICS_MARKETING_LLC,1,1.0,2021-05,1,28.0,2021-12,1,25.0,71.0,-92.057845,41.796102,,0.0,False,0.0,0.0,,Medium likelihood. GFM positive 1% HEFAS negative ?km web: no specific flood news found for this year
Quaker_Peterborough_Plant,0,0.0,,1,75.0,2021-12,1,10.4,41.0,-78.315383,44.307017,,0.0,False,0.0,0.0,,Low likelihood. GFM negative 0% HEFAS negative ?km web: no specific flood news found for this year
RAMIREZ_LANE_CONCRETE_BATCH_PLANT,0,0.0,,1,76.0,2021-12,1,9.9,49.0,-97.653178,30.244532,,0.0,False,0.0,0.0,,Low likelihood. GFM negative 0% HEFAS negative ?km web: no specific flood news found for this year
RBC_TRANSPORT_DYNAMICS_CORP,0,0.0,,1,56.0,2021-12,1,16.2,49.0,-117.912427,33.708766,,0.0,False,0.0,0.0,,Low likelihood. GFM negative 0% HEFAS negative ?km web: no specific flood news found for this year
READY_MIXED_CONCRETE_CO_COUNCIL_BLUFFS_PLANT,0,0.0,,1,47.0,2021-12,1,25.9,49.0,-95.85617,41.250522,,0.0,False,0.0,0.0,,Low likelihood. GFM negative 0% HEFAS negative ?km web: no specific flood news found for this year
RECOBAT._S.L.,1,17.0,2021-03_2021-04_2021-05_2021-12,1,16.0,2021-12,1,34.3,96.0,-0.526829,41.495435,,6.0,True,0.0101851851851851,1.0,11.6,High likelihood. GFM positive 17% HEFAS positive 12km web: no specific flood news found for this year
RECTICEL_0,0,0.0,,1,54.0,2021-12,1,17.6,49.0,3.862342,51.010029,,1.0,True,-0.706989247311828,2.0,27.6,Medium likelihood. GFM negative 0% HEFAS positive 28km web: no specific flood news found for this year
RECTICEL_1,0,0.0,,1,55.0,2021-12,1,17.6,49.0,3.862497,51.009686,,1.0,True,-0.706989247311828,2.0,27.6,Medium likelihood. GFM negative 0% HEFAS positive 28km web: no specific flood news found for this year
REG_GEISMAR_LLC,0,0.0,,1,66.0,2021-12,1,15.9,49.0,-91.009519,30.203519,,0.0,False,0.0,0.0,,Low likelihood. GFM negative 0% HEFAS negative ?km web: no specific flood news found for this year
REG_GRAYS_HARBOR_LLC,0,0.0,,1,27.0,2021-12,1,19.9,49.0,-123.854097,46.968042,,0.0,False,0.0,0.0,,Low likelihood. GFM negative 0% HEFAS negative ?km web: no specific flood news found for this year
REG_SENECA_LLC,0,0.0,,1,57.0,2021-12,1,13.1,49.0,-88.590235,41.30675,,0.0,False,0.0,0.0,,Low likelihood. GFM negative 0% HEFAS negative ?km web: no specific flood news found for this year
REID_GARDNER_GENERATING_STATION,0,0.0,,1,31.0,2021-12,1,24.3,49.0,-114.632607,36.656506,,0.0,False,0.0,0.0,,Low likelihood. GFM negative 0% HEFAS negative ?km web: no specific flood news found for this year
REPUBLIC_CONDUIT_MANUFACTURING,0,0.0,,1,79.0,2021-12,1,10.8,49.0,-85.887507,38.172082,,0.0,False,0.0,0.0,,Low likelihood. GFM negative 0% HEFAS negative ?km web: no specific flood news found for this year
RESOLUTE_FP_US_INC_-_CALHOUN_OPERATIONS,0,0.0,,1,82.0,2021-12,1,6.7,44.0,-84.756617,35.296351,,0.0,False,0.0,0.0,,Low likelihood. GFM negative 0% HEFAS negative ?km web: no specific flood news found for this year
RESOLUTE_FP_US_INC_COOSA_PINES_OPERATIONS,0,0.0,,1,47.0,2021-12,1,13.6,49.0,-86.357873,33.326706,,0.0,False,0.0,0.0,,Low likelihood. GFM negative 0% HEFAS negative ?km web: no specific flood news found for this year
REXAM_BEVERAGE_CAN_CO,0,0.0,,1,45.0,2021-12,1,17.0,49.0,-93.081159,44.940591,,0.0,False,0.0,0.0,,Low likelihood. GFM negative 0% HEFAS negative ?km web: no specific flood news found for this year
ROADTEC_INC_RIVERSIDE_DRIVE_PLANT,0,0.0,,1,79.0,2021-12,1,12.1,49.0,-85.259126,35.076087,,0.0,False,0.0,0.0,,Low likelihood. GFM negative 0% HEFAS negative ?km web: no specific flood news found for this year
ROHM_HAAS_-_LOUISVILLE_PLANT,0,0.0,,1,56.0,2021-12,1,14.7,49.0,-85.848037,38.212339,,0.0,False,0.0,0.0,,Low likelihood. GFM negative 0% HEFAS negative ?km web: no specific flood news found for this year
ROHM_HAAS_CHEMICALS_LLC,0,0.0,,1,53.0,2021-12,1,15.9,49.0,-74.874098,40.093889,,0.0,False,0.0,0.0,,Low likelihood. GFM negative 0% HEFAS negative ?km web: no specific flood news found for this year
ROLL_FORMING_CORP,0,0.0,,1,57.0,2021-12,1,12.8,49.0,-85.669124,38.327023,,0.0,False,0.0,0.0,,Low likelihood. GFM negative 0% HEFAS negative ?km web: no specific flood news found for this year
ROTEX_GLOBAL_LLC,0,0.0,,1,67.0,2021-12,1,14.3,49.0,-84.530442,39.161572,,0.0,False,0.0,0.0,,Low likelihood. GFM negative 0% HEFAS negative ?km web: no specific flood news found for this year
RUBIS_TERMINAL,0,0.0,,1,58.0,2021-12,1,24.9,49.0,7.797691,48.591246,,1.0,True,0.0018518518518518,2.0,21.9,Medium likelihood. GFM negative 0% HEFAS positive 22km web: no specific flood news found for this year
RUST-OLEUM_-_PHOENIX,0,0.0,,1,76.0,2021-12,1,10.4,49.0,-112.067821,33.417098,,0.0,False,0.0,0.0,,Low likelihood. GFM negative 0% HEFAS negative ?km web: no specific flood news found for this year
RUSTOLEUM_CORP,0,0.0,,1,72.0,2021-12,1,10.9,48.0,-82.283629,38.555487,,0.0,False,0.0,0.0,,Low likelihood. GFM negative 0% HEFAS negative ?km web: no specific flood news found for this year
Rapids_Energy_Center,0,0.0,,1,44.0,2021-12,1,17.5,49.0,-93.62814,47.263966,,0.0,False,0.0,0.0,,Low likelihood. GFM negative 0% HEFAS negative ?km web: no specific flood news found for this year
Renewi_Nederland_BV,0,0.0,,1,42.0,2021-12,1,18.9,49.0,4.52282,51.885522,,0.0,False,-2.0,-2.0,79.0,Low likelihood. GFM negative 0% HEFAS negative 79km web: no specific flood news found for this year
Rio_Bravo_Generating_Station,0,0.0,,1,59.0,2021-12,1,21.5,49.0,-106.669981,35.04421,,0.0,False,0.0,0.0,,Low likelihood. GFM negative 0% HEFAS negative ?km web: no specific flood news found for this year
Rio_Grande,0,0.0,,1,66.0,2021-12,1,15.3,49.0,-106.547139,31.804718,,0.0,False,0.0,0.0,,Low likelihood. GFM negative 0% HEFAS negative ?km web: no specific flood news found for this year
Rio_Tinto_Fer_et_Titane_inc.-_Complexe_de_Sorel-Tracy_0,0,0.0,,1,65.0,2021-12,1,14.2,49.0,-73.139171,46.044734,,0.0,False,0.0,0.0,,Low likelihood. GFM negative 0% HEFAS negative ?km web: no specific flood news found for this year
Rio_Tinto_Fer_et_Titane_inc.-_Complexe_de_Sorel-Tracy_1,0,0.0,,1,65.0,2021-12,1,14.2,49.0,-73.139171,46.044734,,0.0,False,0.0,0.0,,Low likelihood. GFM negative 0% HEFAS negative ?km web: no specific flood news found for this year
Rio_Tinto_Fer_et_Titane_inc.-_Complexe_de_Sorel-Tracy_2,0,0.0,,1,65.0,2021-12,1,14.2,49.0,-73.139171,46.044734,,0.0,False,0.0,0.0,,Low likelihood. GFM negative 0% HEFAS negative ?km web: no specific flood news found for this year
Rio_Tinto_Fer_et_Titane_inc._-_HAVRE-SAINT-PIERRE_0,0,0.0,,1,61.0,2021-12,1,7.8,49.0,-63.606283,50.243505,,0.0,False,0.0,0.0,,Low likelihood. GFM negative 0% HEFAS negative ?km web: no specific flood news found for this year
Rio_Tinto_Fer_et_Titane_inc._-_HAVRE-SAINT-PIERRE_1,0,0.0,,1,61.0,2021-12,1,7.8,49.0,-63.606283,50.243505,,0.0,False,0.0,0.0,,Low likelihood. GFM negative 0% HEFAS negative ?km web: no specific flood news found for this year
Rio_Tinto_Fer_et_Titane_inc._-_HAVRE-SAINT-PIERRE_2,0,0.0,,1,61.0,2021-12,1,7.8,49.0,-63.606283,50.243505,,0.0,False,0.0,0.0,,Low likelihood. GFM negative 0% HEFAS negative ?km web: no specific flood news found for this year
Rock_River,0,0.0,,1,3.0,2021-12,1,15.5,49.0,-89.029157,42.583104,,0.0,False,0.0,0.0,,Low likelihood. GFM negative 0% HEFAS negative ?km web: no specific flood news found for this year
Rollingstock_Maintenance_Rockhampton,0,0.0,,1,55.0,2021-12,1,16.4,49.0,150.517205,-23.387223,,0.0,False,0.0,0.0,,Low likelihood. GFM negative 0% HEFAS negative ?km web: no specific flood news found for this year
Rothschild_Biomass_Cogeneration_Plant,0,0.0,2019-04,1,71.0,2019-12,1,17.2,82.0,-89.625845,44.888333,,0.0,False,0.0,0.0,,Low likelihood. GFM negative 0% HEFAS negative ?km web: no specific flood news found for this year
SACRAMENTO-_CAMPBELL_SOUP_SUPPLY_CO,0,0.0,,1,41.0,2021-12,1,20.4,49.0,-121.467279,38.510603,,0.0,False,0.0,0.0,,Low likelihood. GFM negative 0% HEFAS negative ?km web: no specific flood news found for this year
SAF-HOLLAND_INC_DUMAS,1,1.0,2021-02,1,14.0,2021-12,1,35.8,75.0,-91.48653,33.865459,,0.0,False,0.0,0.0,,Medium likelihood. GFM positive 1% HEFAS negative ?km web: no specific flood news found for this year
SAFETY-KLEEN_SYSTEMS._INC.,0,0.0,,1,59.0,2021-12,1,14.0,49.0,-90.180944,32.28816,,0.0,False,0.0,0.0,,Low likelihood. GFM negative 0% HEFAS negative ?km web: no specific flood news found for this year
SAFETY-KLEEN_SYSTEMS_-_METAIRIE,0,0.0,,1,51.0,2021-12,1,16.8,49.0,-90.152568,29.974344,,0.0,False,0.0,0.0,,Low likelihood. GFM negative 0% HEFAS negative ?km web: no specific flood news found for this year
SAFETY-KLEEN_SYSTEMS_-_ST_ROSE,0,0.0,,1,49.0,2021-12,1,23.5,49.0,-90.291797,29.969459,,0.0,False,0.0,0.0,,Low likelihood. GFM negative 0% HEFAS negative ?km web: no specific flood news found for this year
SAFETY-KLEEN_SYSTEMS_KENNER_KEN,0,0.0,,1,46.0,2021-12,1,22.6,49.0,-90.277028,30.000913,,0.0,False,0.0,0.0,,Low likelihood. GFM negative 0% HEFAS negative ?km web: no specific flood news found for this year
SAFETY-KLEEN_SYSTEMS_MILLINGTON_MIL,0,0.0,,1,46.0,2021-12,1,22.4,49.0,-89.945701,35.27333,,0.0,False,0.0,0.0,,Low likelihood. GFM negative 0% HEFAS negative ?km web: no specific flood news found for this year
SAFETY-KLEEN_SYSTEMS_POCA_POC,0,0.0,,1,71.0,2021-12,1,7.6,49.0,-81.819526,38.451169,,0.0,False,0.0,0.0,,Low likelihood. GFM negative 0% HEFAS negative ?km web: no specific flood news found for this year
SAFETY-KLEEN_SYSTEMS_WICHITA_WIB,0,0.0,,1,34.0,2021-12,1,22.6,43.0,-97.398842,37.671614,,0.0,False,0.0,0.0,,Low likelihood. GFM negative 0% HEFAS negative ?km web: no specific flood news found for this year
SAFETY-KLEEN_SYS_INC,0,0.0,,1,75.0,2021-12,1,13.8,49.0,-95.733362,36.238006,,0.0,False,0.0,0.0,,Low likelihood. GFM negative 0% HEFAS negative ?km web: no specific flood news found for this year
SAFRAN_AIRCRAFT_ENGINES_EX_SNECMA__0,0,0.0,,1,26.0,2021-12,1,14.4,49.0,0.546529,46.845632,,0.0,False,-1.0,-1.0,3.7,Low likelihood. GFM negative 0% HEFAS negative 4km web: no specific flood news found for this year
SAFRAN_AIRCRAFT_ENGINES_EX_SNECMA__1,0,0.0,,1,26.0,2021-12,1,14.4,49.0,0.546529,46.845632,,0.0,False,-1.0,-1.0,3.7,Low likelihood. GFM negative 0% HEFAS negative 4km web: no specific flood news found for this year
SAFRAN_CABIN_MATERIALS_LLC_0,0,0.0,,1,54.0,2021-12,1,15.1,49.0,-117.040121,48.185345,,0.0,False,0.0,0.0,,Low likelihood. GFM negative 0% HEFAS negative ?km web: no specific flood news found for this year
SAFRAN_CABIN_MATERIALS_LLC_1,0,0.0,,1,54.0,2021-12,1,15.1,49.0,-117.040121,48.185345,,0.0,False,0.0,0.0,,Low likelihood. GFM negative 0% HEFAS negative ?km web: no specific flood news found for this year
SAFRAN_TRANSMISSION_SYSTEMS_0,0,0.0,,1,70.0,2021-12,1,15.6,49.0,2.248066,48.933384,,0.0,False,-1.0083333333333333,-1.0,13.1,Low likelihood. GFM negative 0% HEFAS negative 13km web: no specific flood news found for this year
SAFRAN_TRANSMISSION_SYSTEMS_1,0,0.0,,1,70.0,2021-12,1,15.6,49.0,2.248066,48.933384,,0.0,False,-1.0083333333333333,-1.0,13.1,Low likelihood. GFM negative 0% HEFAS negative 13km web: no specific flood news found for this year
SAGINAW_METAL_CASTING_OPERATIONS,0,0.0,,1,34.0,2021-12,1,23.3,49.0,-83.920414,43.45033,,0.0,False,0.0,0.0,,Low likelihood. GFM negative 0% HEFAS negative ?km web: no specific flood news found for this year
SALEM_ASPHALT,0,0.0,2021-02,1,26.0,2021-12,1,18.6,84.0,-123.005169,45.061727,,0.0,False,0.0,0.0,,Low likelihood. GFM negative 0% HEFAS negative ?km web: no specific flood news found for this year
SANDVIK_SPECIAL_METALS_LLC,1,2.0,2021-04,1,42.0,2021-12,1,22.1,58.0,-119.011223,46.145238,,0.0,False,0.0,0.0,,Medium likelihood. GFM positive 2% HEFAS negative ?km web: no specific flood news found for this year
SANOFI_CHIMIE,0,0.0,,1,63.0,2021-12,1,17.8,49.0,2.414106,48.778282,,0.0,False,-1.0,-1.0,0.4,Low likelihood. GFM negative 0% HEFAS negative 0km web: no specific flood news found for this year
SANOFI_PASTEUR,0,0.0,,1,66.0,2021-12,1,13.6,49.0,1.175148,49.241397,,0.0,False,-1.0,-1.0,1.9,Low likelihood. GFM negative 0% HEFAS negative 2km web: no specific flood news found for this year
SANOFI_PASTEUR_NVL,0,0.0,,1,59.0,2021-12,1,17.6,49.0,4.827789,45.881053,,0.0,False,-1.0,-1.0,11.2,Low likelihood. GFM negative 0% HEFAS negative 11km web: no specific flood news found for this year
SARNIA,0,0.0,,1,34.0,2021-12,1,20.2,49.0,-82.494081,42.638514,,0.0,False,0.0,0.0,,Low likelihood. GFM negative 0% HEFAS negative ?km web: no specific flood news found for this year
SCHLUMBERGER_ROSHARON_CAMPUS,1,20.0,2021-01_2021-02_2021-03_2021-04,1,10.0,2021-12,1,38.4,100.0,-95.441479,29.368405,,0.0,False,0.0,0.0,,Medium likelihood. GFM positive 20% HEFAS negative ?km web: no specific flood news found for this year
SCHNEIDER_ELECTRIC_ALPES_EX_MGA,0,0.0,,1,49.0,2021-12,1,20.6,49.0,6.029098,45.476127,,4.0,True,-0.6594384707287932,2.0,73.0,Medium likelihood. GFM negative 0% HEFAS positive 73km web: no specific flood news found for this year
SCHULZ_XTRUDED_PRODUCTS,1,8.0,2021-04,1,10.0,2021-12,1,31.4,98.0,-90.268898,34.821895,,0.0,False,0.0,0.0,,Medium likelihood. GFM positive 8% HEFAS negative ?km web: no specific flood news found for this year
SEALED_AIR_CORP,0,0.0,,1,39.0,2021-12,1,17.1,49.0,-94.895291,39.719187,,0.0,False,0.0,0.0,,Low likelihood. GFM negative 0% HEFAS negative ?km web: no specific flood news found for this year
SEIBERT_LAKE_15-19-063-08W4,1,1.0,2021-10,1,64.0,2021-12,1,22.2,92.0,-111.199742,54.469581,,0.0,False,0.0,0.0,,Medium likelihood. GFM positive 1% HEFAS negative ?km web: no specific flood news found for this year
SEMICONDUCTOR_COMPONENTS_INDUSTRIES_LLC,0,0.0,,1,69.0,2021-12,1,11.3,49.0,-77.628279,43.203582,,0.0,False,0.0,0.0,,Low likelihood. GFM negative 0% HEFAS negative ?km web: no specific flood news found for this year
SHAW_INDUSTRIES_GROUP_INC_PLANT_8S,0,0.0,,1,81.0,2021-12,1,13.8,49.0,-81.151344,34.047264,,0.0,False,0.0,0.0,,Low likelihood. GFM negative 0% HEFAS negative ?km web: no specific flood news found for this year
SHENANGO_INC,0,0.0,,1,51.0,2021-12,1,10.6,49.0,-80.078062,40.496115,,0.0,False,0.0,0.0,,Low likelihood. GFM negative 0% HEFAS negative ?km web: no specific flood news found for this year
SHERWIN-WILLIAMS_CO_0,0,0.0,,1,62.0,2021-12,1,6.4,49.0,-80.042845,40.472268,,0.0,False,0.0,0.0,,Low likelihood. GFM negative 0% HEFAS negative ?km web: no specific flood news found for this year
SHERWIN-WILLIAMS_CO_1,0,0.0,,1,59.0,2021-12,1,11.6,49.0,-89.095151,42.255342,,0.0,False,0.0,0.0,,Low likelihood. GFM negative 0% HEFAS negative ?km web: no specific flood news found for this year
SIEMENS_GAMESA_RENEWABLE_ENERGY_INC.,0,0.0,,1,34.0,2021-12,1,23.7,49.0,-91.428774,40.582571,,0.0,False,0.0,0.0,,Low likelihood. GFM negative 0% HEFAS negative ?km web: no specific flood news found for this year
SIEMENS_HEALTHINEERS,0,0.0,,1,41.0,2021-12,1,13.1,49.0,-86.14993,41.657896,,0.0,False,0.0,0.0,,Low likelihood. GFM negative 0% HEFAS negative ?km web: no specific flood news found for this year
SIEMENS_INDUSTRY_INC,0,0.0,,1,61.0,2021-12,1,7.8,49.0,-79.898189,40.413716,,0.0,False,0.0,0.0,,Low likelihood. GFM negative 0% HEFAS negative ?km web: no specific flood news found for this year
SIKA-FAIRLESS_HILLS_PA,0,0.0,,1,41.0,2021-12,1,22.0,49.0,-74.750486,40.162276,,0.0,False,0.0,0.0,,Low likelihood. GFM negative 0% HEFAS negative ?km web: no specific flood news found for this year
SIKORSKY_AIRCRAFT_STRATFORD_FACILITY,0,0.0,,1,71.0,2021-12,1,15.4,49.0,-73.097579,41.248392,,0.0,False,0.0,0.0,,Low likelihood. GFM negative 0% HEFAS negative ?km web: no specific flood news found for this year
SILGAN_CONTAINERS_MANUFACTURING_CORP_0,0,0.0,,1,52.0,2021-12,1,13.9,49.0,-93.336434,44.779644,,0.0,False,0.0,0.0,,Low likelihood. GFM negative 0% HEFAS negative ?km web: no specific flood news found for this year
SILGAN_CONTAINERS_MANUFACTURING_CORP_1,0,0.0,,1,35.0,2021-12,1,17.7,49.0,-94.892731,39.71948,,0.0,False,0.0,0.0,,Low likelihood. GFM negative 0% HEFAS negative ?km web: no specific flood news found for this year
SILGAN_CONTAINERS_MFG_CORP,0,0.0,,1,41.0,2021-12,1,20.4,49.0,-121.467279,38.510603,,0.0,False,0.0,0.0,,Low likelihood. GFM negative 0% HEFAS negative ?km web: no specific flood news found for this year
SIOUXLAND_CONCRETE_CO,0,0.0,2021-02,1,6.0,2021-12,1,28.3,76.0,-96.40534,42.442005,,0.0,False,0.0,0.0,,Low likelihood. GFM negative 0% HEFAS negative ?km web: no specific flood news found for this year
SIT_SpA_-_stabilimento_di_Rovigo,1,15.0,2021-04,1,21.0,2021-12,1,33.5,100.0,11.748264,45.080781,,4.0,True,0.010752688172043,4.0,24.1,High likelihood. GFM positive 15% HEFAS positive 24km web: Po Valley high water mid-Nov 2019 (Rovigo cleanup 2019-11-18) https://video.storyful.com/record/467
SKBT0015054_Tank,0,0.0,,1,43.0,2021-12,1,26.8,49.0,-109.888055,52.931157,,0.0,False,0.0,0.0,,Low likelihood. GFM negative 0% HEFAS negative ?km web: no specific flood news found for this year
SKBTB4L2211_Alameda_East_Oil_Battery_05-13-003-02W2,1,22.0,2021-03_2021-05_2021-09,1,53.0,2021-12,1,34.4,100.0,-102.160476,49.208154,,0.0,False,0.0,0.0,,Medium likelihood. GFM positive 22% HEFAS negative ?km web: no specific flood news found for this year
SKBTB4L2215,1,7.0,2021-09,1,54.0,2021-12,1,28.2,94.0,-102.059125,49.191426,,0.0,False,0.0,0.0,,Medium likelihood. GFM positive 7% HEFAS negative ?km web: no specific flood news found for this year
SKYLINE_STEEL_LLC-ARMOREL,1,11.0,2021-04,1,12.0,2021-12,1,33.9,100.0,-89.776863,35.916068,,0.0,False,0.0,0.0,,Medium likelihood. GFM positive 11% HEFAS negative ?km web: no specific flood news found for this year
SKYLINE_STEEL_LLC-BELPRE,0,0.0,,1,55.0,2021-12,1,3.8,38.0,-81.562922,39.322164,,0.0,False,0.0,0.0,,Low likelihood. GFM negative 0% HEFAS negative ?km web: no specific flood news found for this year
SKYLINE_STEEL_LLC-FAIRLESS_HILLS,0,0.0,,1,31.0,2021-12,1,23.0,49.0,-74.752148,40.16109,,0.0,False,0.0,0.0,,Low likelihood. GFM negative 0% HEFAS negative ?km web: no specific flood news found for this year
SKYLINE_STEEL_LLC-LONGVIEW,1,2.0,2021-07,1,28.0,2021-12,1,20.8,80.0,-122.935585,46.110934,,0.0,False,0.0,0.0,,Medium likelihood. GFM positive 2% HEFAS negative ?km web: no specific flood news found for this year
SMITH_WEST_16-01,0,0.0,,1,29.0,2021-12,1,30.6,49.0,-114.158525,55.123658,,0.0,False,0.0,0.0,,Low likelihood. GFM negative 0% HEFAS negative ?km web: no specific flood news found for this year
SNG_Station_4020_Bear_Creek_Storage._LA,1,74.0,2021-02_2021-05,1,3.0,2021-12,1,60.8,100.0,-93.057614,31.728631,,0.0,False,0.0,0.0,,Medium likelihood. GFM positive 74% HEFAS negative ?km web: Hurricane Ida Aug 2021 caused severe flooding in Louisiana https://en.wikipedia.org/wiki/Hurricane_Ida
SNG_Station_5000_Shadyside._LA,0,0.0,,1,49.0,2021-12,1,17.7,49.0,-91.416616,29.728286,,0.0,False,0.0,0.0,,Low likelihood. GFM negative 0% HEFAS negative ?km web: no specific flood news found for this year
SNG_Station_5010_White_Castle._LA,0,0.0,,1,28.0,2021-12,1,21.2,49.0,-91.102743,30.197137,,0.0,False,0.0,0.0,,Low likelihood. GFM negative 0% HEFAS negative ?km web: no specific flood news found for this year
SNG_Station_5110_Toca._LA,0,0.0,,1,74.0,2021-12,1,14.5,49.0,-89.830613,29.867405,,0.0,False,0.0,0.0,,Low likelihood. GFM negative 0% HEFAS negative ?km web: no specific flood news found for this year
SOLUTIA_INC_P2S5_PLANT,0,0.0,,1,61.0,2021-12,1,16.3,49.0,-90.168819,38.597309,,0.0,False,0.0,0.0,,Low likelihood. GFM negative 0% HEFAS negative ?km web: no specific flood news found for this year
SOLVAY_CHEMICALS_INC,0,0.0,,1,58.0,2021-12,1,20.5,49.0,-122.982491,46.136963,,0.0,False,0.0,0.0,,Low likelihood. GFM negative 0% HEFAS negative ?km web: no specific flood news found for this year
SOLVAY_Chemicals_GmbH_0,1,1.0,2021-02_2021-04_2021-05,1,57.0,2021-12,1,20.1,93.0,11.750658,51.801183,,1.0,True,-0.0195340501792114,3.0,1.2,High likelihood. GFM positive 1% HEFAS positive 1km web: no specific flood news found for this year
SOLVAY_Chemicals_GmbH_1,1,1.0,2021-02_2021-04_2021-05,1,57.0,2021-12,1,20.1,93.0,11.750658,51.801183,,1.0,True,-0.0195340501792114,3.0,1.2,High likelihood. GFM positive 1% HEFAS positive 1km web: no specific flood news found for this year
SOLVAY_FLUORIDES_LLC,0,0.0,,1,60.0,2021-12,1,15.9,49.0,-90.12693,38.599029,,0.0,False,0.0,0.0,,Low likelihood. GFM negative 0% HEFAS negative ?km web: no specific flood news found for this year
SOLVAY_SPECIALTY_POLYMERS_USA_LLC_0,0,0.0,,1,80.0,2021-12,1,12.4,49.0,-75.209556,39.84545,,0.0,False,0.0,0.0,,Low likelihood. GFM negative 0% HEFAS negative ?km web: no specific flood news found for this year
SOLVAY_SPECIALTY_POLYMERS_USA_LLC_1,0,0.0,,1,56.0,2021-12,1,7.7,49.0,-81.515243,39.370424,,0.0,False,0.0,0.0,,Low likelihood. GFM negative 0% HEFAS negative ?km web: no specific flood news found for this year
SONOCO_FLEXIBLE_PACKAGING,1,23.0,2021-02,1,53.0,2021-12,1,32.9,98.0,-84.315741,39.564884,,0.0,False,0.0,0.0,,Medium likelihood. GFM positive 23% HEFAS negative ?km web: no specific flood news found for this year
SONOCO_PRODUCTS_CO_0,0,0.0,,1,66.0,2021-12,1,14.4,49.0,-72.607982,42.19358,,0.0,False,0.0,0.0,,Low likelihood. GFM negative 0% HEFAS negative ?km web: no specific flood news found for this year
SONOCO_PRODUCTS_CO_1,0,0.0,,1,77.0,2021-12,1,5.0,23.0,-83.205736,36.017464,,0.0,False,0.0,0.0,,Low likelihood. GFM negative 0% HEFAS negative ?km web: no specific flood news found for this year
SONOCO_PRODUCTS_CO_2,0,0.0,,1,75.0,2021-12,1,8.6,49.0,-89.074215,42.450961,,0.0,False,0.0,0.0,,Low likelihood. GFM negative 0% HEFAS negative ?km web: no specific flood news found for this year
SOUTH_VALLEY_MATERIALS_INC-HANFORD_RMC,1,5.0,2021-02_2021-04_2021-11,1,24.0,2021-12,1,42.4,97.0,-119.597801,36.313481,,0.0,False,0.0,0.0,,Medium likelihood. GFM positive 5% HEFAS negative ?km web: no specific flood news found for this year
SPECIALTY_PRODUCTS_US_LLC_-_POLYOX_PLANT,0,0.0,,1,65.0,2021-12,1,11.0,46.0,-81.776307,38.383334,,0.0,False,0.0,0.0,,Low likelihood. GFM negative 0% HEFAS negative ?km web: no specific flood news found for this year
SPENSALL_A_DIV_OF_FASTENAL_MANUFACTURING,1,1.0,2019-03_2019-04_2019-05_2019-06_2019-07_2019-11,1,50.0,2019-12,1,24.5,100.0,-91.682501,44.061863,,0.0,False,0.0,0.0,,Medium likelihood. GFM positive 1% HEFAS negative ?km web: no specific flood news found for this year
SPS_TECHNOLOGIES_LLC,0,0.0,,1,53.0,2021-12,1,17.2,49.0,-117.919655,33.711105,,0.0,False,0.0,0.0,,Low likelihood. GFM negative 0% HEFAS negative ?km web: no specific flood news found for this year
SPURFIELD_07-28,0,0.0,,1,44.0,2021-12,1,22.8,49.0,-114.241037,55.174747,,0.0,False,0.0,0.0,,Low likelihood. GFM negative 0% HEFAS negative ?km web: no specific flood news found for this year
SPUR_11-6-73-1W5,0,0.0,,1,85.0,2021-12,1,14.6,49.0,-114.145814,55.294831,,0.0,False,0.0,0.0,,Low likelihood. GFM negative 0% HEFAS negative ?km web: no specific flood news found for this year
SPX_TRANSFORMER_SOLUTIONS,0,0.0,,1,65.0,2021-12,1,16.4,49.0,-96.882395,32.827948,,0.0,False,0.0,0.0,,Low likelihood. GFM negative 0% HEFAS negative ?km web: no specific flood news found for this year
ST._ANDRE,0,0.0,,1,77.0,2021-12,1,18.3,49.0,-74.336072,45.565286,,0.0,False,0.0,0.0,,Low likelihood. GFM negative 0% HEFAS negative ?km web: no specific flood news found for this year
STABILIMENTO_DI_MAGENTA_0,0,0.0,2021-08,1,26.0,2021-12,1,25.9,49.0,8.833392,45.449971,,21.0,True,0.0708013312852022,5.0,12.6,Medium likelihood. GFM negative 0% HEFAS positive 13km web: no specific flood news found for this year
STABILIMENTO_DI_MAGENTA_1,0,0.0,2021-08,1,26.0,2021-12,1,25.9,49.0,8.833392,45.449971,,21.0,True,0.0708013312852022,5.0,12.6,Medium likelihood. GFM negative 0% HEFAS positive 13km web: no specific flood news found for this year
STANDARD_MATERIALS_GROUP_INC_TULSA_W_23RD,0,0.0,,1,26.0,2021-12,1,14.7,49.0,-95.994873,36.130543,,0.0,False,0.0,0.0,,Low likelihood. GFM negative 0% HEFAS negative ?km web: no specific flood news found for this year
STANDARD_READY_MIX_CONCRETE_CO_SIOUX_CITY_PLANT,0,0.0,,1,52.0,2021-12,1,17.4,44.0,-96.389425,42.503594,,0.0,False,0.0,0.0,,Low likelihood. GFM negative 0% HEFAS negative ?km web: no specific flood news found for this year
STARMARK_CABINETRY,0,0.0,,1,42.0,2021-12,1,20.1,38.0,-96.71874,43.58937,,0.0,False,0.0,0.0,,Low likelihood. GFM negative 0% HEFAS negative ?km web: no specific flood news found for this year
STATE_INDUSTRIES_INC.,0,0.0,,1,69.0,2021-12,1,13.8,49.0,-87.066738,36.269686,,0.0,False,0.0,0.0,,Low likelihood. GFM negative 0% HEFAS negative ?km web: no specific flood news found for this year
STEEL_DYNAMICS_INC.,1,3.0,2021-04,1,46.0,2021-12,1,19.2,94.0,-85.673081,38.322878,,0.0,False,0.0,0.0,,Medium likelihood. GFM positive 3% HEFAS negative ?km web: no specific flood news found for this year
STEEL_DYNAMICS_INC._-_TECHS_DIV_-_GALVTECH_PLANT,0,0.0,,1,75.0,2021-12,1,7.0,49.0,-79.932914,40.39272,,0.0,False,0.0,0.0,,Low likelihood. GFM negative 0% HEFAS negative ?km web: no specific flood news found for this year
STEPAN_CO,0,0.0,,1,57.0,2021-12,1,14.4,49.0,-117.915327,33.849206,,0.0,False,0.0,0.0,,Low likelihood. GFM negative 0% HEFAS negative ?km web: no specific flood news found for this year
STEPAN_CO_-_FIELDSBORO_PLANT,0,0.0,,1,75.0,2021-12,1,8.8,49.0,-74.734855,40.134015,,0.0,False,0.0,0.0,,Low likelihood. GFM negative 0% HEFAS negative ?km web: no specific flood news found for this year
STEP_-_ROSNY-SUR-SEINE,1,1.0,2021-04,1,60.0,2021-12,1,17.1,97.0,1.649995,49.000485,,0.0,False,-1.0083333333333333,-1.0,13.3,Medium likelihood. GFM positive 1% HEFAS negative 13km web: no specific flood news found for this year
STEP_-_VILLEFRANCHE_SUR_SAONE,0,0.0,,1,60.0,2021-12,1,14.9,49.0,4.739439,45.986076,,0.0,False,-1.0,-1.0,14.7,Low likelihood. GFM negative 0% HEFAS negative 15km web: no specific flood news found for this year
STERLING_STEEL_CO_LLC,1,5.0,2021-02,1,67.0,2021-12,1,17.7,100.0,-89.709731,41.786253,,0.0,False,0.0,0.0,,Medium likelihood. GFM positive 5% HEFAS negative ?km web: no specific flood news found for this year
ST_CHARLES_OPERATIONS_TAFT_STAR_UNION_CARBIDE_CORP,0,0.0,,1,64.0,2021-12,1,14.9,49.0,-90.4437,29.982885,,0.0,False,0.0,0.0,,Low likelihood. GFM negative 0% HEFAS negative ?km web: no specific flood news found for this year
ST_MICROELECTRONICS,0,0.0,,1,64.0,2021-12,1,17.3,49.0,5.884543,45.267056,,0.0,False,-1.0,-1.0,75.6,Low likelihood. GFM negative 0% HEFAS negative 76km web: no specific flood news found for this year
SUEZ_EAU_INDUSTRIELLE_EX_ONDEO_IS,0,0.0,,1,72.0,2021-12,1,17.7,49.0,2.506907,49.291332,,0.0,False,-1.0,-1.0,46.2,Low likelihood. GFM negative 0% HEFAS negative 46km web: no specific flood news found for this year
SUEZ_ORGANIQUE_SAS,1,4.0,2021-04,1,36.0,2021-12,1,23.3,88.0,4.707316,44.261277,,0.0,False,-1.0,-1.0,13.8,Medium likelihood. GFM positive 4% HEFAS negative 14km web: no specific flood news found for this year
SUEZ_RR_IWS_CHEMICALS_FRANCE,0,0.0,,1,70.0,2021-12,1,16.8,49.0,2.295658,48.948026,,0.0,False,-1.0083333333333333,-1.0,12.6,Low likelihood. GFM negative 0% HEFAS negative 13km web: no specific flood news found for this year
SUEZ_RR_IWS_CHEMICAL_FRANCE_EX_SITA,0,0.0,,1,51.0,2021-12,1,22.1,49.0,7.925551,48.747897,,0.0,False,-0.007168458781362,0.0,17.5,Low likelihood. GFM negative 0% HEFAS negative 18km web: no specific flood news found for this year
SUEZ_RR_IWS_MINERALS_FRANCE_0,0,0.0,,1,80.0,2021-12,1,17.8,49.0,2.282424,48.9461,,0.0,False,-1.0083333333333333,-1.0,12.8,Low likelihood. GFM negative 0% HEFAS negative 13km web: no specific flood news found for this year
SUEZ_RR_IWS_MINERALS_FRANCE_1,0,0.0,,1,78.0,2021-12,1,13.7,49.0,4.814064,45.627125,,0.0,False,-1.0,-1.0,27.6,Low likelihood. GFM negative 0% HEFAS negative 28km web: no specific flood news found for this year
SUEZ_RV_CENTRE_EST_-_PONT_DU_CH_TEAU,1,5.0,2021-04,1,40.0,2021-12,1,21.0,92.0,3.266919,45.808711,,0.0,False,-1.0,-1.0,21.9,Medium likelihood. GFM positive 5% HEFAS negative 22km web: no specific flood news found for this year
SUEZ_RV_MEDITERRANEE,0,0.0,,1,42.0,2021-12,1,23.7,49.0,4.932567,43.980749,,0.0,False,-1.0,-1.0,31.1,Low likelihood. GFM negative 0% HEFAS negative 31km web: no specific flood news found for this year
SUEZ_RV_YONNE_METAUX,0,0.0,,1,60.0,2021-12,1,19.3,49.0,3.384788,47.97343,,0.0,False,-0.6666666666666666,0.0,17.1,Low likelihood. GFM negative 0% HEFAS negative 17km web: no specific flood news found for this year
SUEZ_Schiedam,0,0.0,,1,77.0,2021-12,1,25.9,49.0,4.389171,51.902362,,0.0,False,-2.0,-2.0,83.1,Low likelihood. GFM negative 0% HEFAS negative 83km web: no specific flood news found for this year
SWVA._INC.,0,0.0,,1,49.0,2021-12,1,11.0,49.0,-82.42533,38.426515,,0.0,False,0.0,0.0,,Low likelihood. GFM negative 0% HEFAS negative ?km web: no specific flood news found for this year
SWVA_INC,0,0.0,,1,52.0,2021-12,1,9.4,49.0,-82.433309,38.425482,,0.0,False,0.0,0.0,,Low likelihood. GFM negative 0% HEFAS negative ?km web: no specific flood news found for this year
SYPRIS_TECHNOLOGIES_INC,0,0.0,,1,60.0,2021-12,1,15.2,49.0,-85.798645,38.249569,,0.0,False,0.0,0.0,,Low likelihood. GFM negative 0% HEFAS negative ?km web: no specific flood news found for this year
S_dzucker_AG._Werk_Ochsenfurt,0,0.0,,1,77.0,2021-12,1,11.6,49.0,10.080141,49.666694,,10.0,True,0.0242575524833589,4.0,17.6,Medium likelihood. GFM negative 0% HEFAS positive 18km web: no specific flood news found for this year
S_dzucker_AG._Werk_Plattling,0,0.0,,1,40.0,2021-12,1,25.6,49.0,12.88265,48.787554,,21.0,True,0.08655273937532,3.0,1.9,Medium likelihood. GFM negative 0% HEFAS positive 2km web: no specific flood news found for this year
S_dzucker_Werk_Regensburg_0,0,0.0,,1,62.0,2021-12,1,16.3,49.0,12.126112,49.012494,,13.0,True,0.0519713261648745,3.0,1.5,Medium likelihood. GFM negative 0% HEFAS positive 2km web: no specific flood news found for this year
S_dzucker_Werk_Regensburg_1,1,6.0,2021-06,1,31.0,2021-12,1,25.2,92.0,12.15338,49.003989,,13.0,True,0.0519713261648745,3.0,2.4,High likelihood. GFM positive 6% HEFAS positive 2km web: no specific flood news found for this year
Salinas_River_Cogeneration_Facility,0,0.0,,1,22.0,2021-12,1,34.8,49.0,-120.867921,35.951487,,0.0,False,0.0,0.0,,Low likelihood. GFM negative 0% HEFAS negative ?km web: no specific flood news found for this year
Salzgitter_Mannesmann_Grobblech_GmbH,0,0.0,,1,64.0,2021-12,1,16.2,49.0,6.87525,51.438412,,18.0,True,0.0522273425499231,2.0,10.4,Medium likelihood. GFM negative 0% HEFAS positive 10km web: no specific flood news found for this year
Sandoz_GmbH_0,1,9.0,2021-01_2021-02,1,71.0,2021-12,1,24.7,100.0,11.979495,47.467247,,18.0,True,0.0478494623655913,4.0,8.9,High likelihood. GFM positive 9% HEFAS positive 9km web: no specific flood news found for this year
Sandoz_GmbH_1,1,9.0,2021-01_2021-02,1,71.0,2021-12,1,24.7,100.0,11.979495,47.467247,,18.0,True,0.0478494623655913,4.0,8.9,High likelihood. GFM positive 9% HEFAS positive 9km web: no specific flood news found for this year
Sandoz_GmbH_2,1,9.0,2021-01_2021-02,1,71.0,2021-12,1,24.7,100.0,11.979495,47.467247,,18.0,True,0.0478494623655913,4.0,8.9,High likelihood. GFM positive 9% HEFAS positive 9km web: no specific flood news found for this year
Sandoz_GmbH_3,1,9.0,2021-01_2021-02,1,71.0,2021-12,1,24.7,100.0,11.979495,47.467247,,18.0,True,0.0478494623655913,4.0,8.9,High likelihood. GFM positive 9% HEFAS positive 9km web: no specific flood news found for this year
Sandtoft_Roof_Tiles_Ltd,1,21.0,2021-01_2021-02_2021-05_2021-06,1,16.0,2021-12,1,38.5,100.0,-0.698757,53.736553,,0.0,False,-2.0,-2.0,5.2,Medium likelihood. GFM positive 21% HEFAS negative 5km web: no specific flood news found for this year
Sanofi-Aventis_Deutschland_GmbH,0,0.0,,1,72.0,2021-12,1,14.5,49.0,8.53758,50.095309,,16.0,True,0.0271185355862775,3.0,10.9,Medium likelihood. GFM negative 0% HEFAS positive 11km web: no specific flood news found for this year
Sarnia_Cogen_Plant,0,0.0,,1,66.0,2021-12,1,10.0,49.0,-82.414648,42.958546,,0.0,False,0.0,0.0,,Low likelihood. GFM negative 0% HEFAS negative ?km web: no specific flood news found for this year
Sceptre_Oil_Battery_06-24,0,0.0,,1,69.0,2021-12,1,18.1,49.0,-115.038079,53.067255,,0.0,False,0.0,0.0,,Low likelihood. GFM negative 0% HEFAS negative ?km web: no specific flood news found for this year
Seven_Hills_Paperboard._LLC,0,0.0,,1,94.0,2021-12,1,5.8,49.0,-79.128067,37.403776,,0.0,False,0.0,0.0,,Low likelihood. GFM negative 0% HEFAS negative ?km web: no specific flood news found for this year
Shenango_Incorporated,0,0.0,,1,54.0,2021-12,1,9.0,49.0,-80.075615,40.496688,,0.0,False,0.0,0.0,,Low likelihood. GFM negative 0% HEFAS negative ?km web: no specific flood news found for this year
Siemens_AG._SI_EP_MF_RBG._Ger_tewerk_Regensburg,0,0.0,,1,51.0,2021-12,1,17.4,49.0,12.144348,49.008102,,13.0,True,0.0519713261648745,3.0,1.8,Medium likelihood. GFM negative 0% HEFAS positive 2km web: no specific flood news found for this year
Siemens_Energy.inc,0,0.0,,1,57.0,2021-12,1,14.2,49.0,-90.162081,32.249418,,0.0,False,0.0,0.0,,Low likelihood. GFM negative 0% HEFAS negative ?km web: no specific flood news found for this year
Siemens_Transformateurs_Canada_Inc.,0,0.0,,1,60.0,2021-12,1,22.7,49.0,-72.56144,46.331938,,0.0,False,0.0,0.0,,Low likelihood. GFM negative 0% HEFAS negative ?km web: no specific flood news found for this year
Sioux,0,0.0,,1,74.0,2021-12,1,13.2,49.0,-90.291725,38.915764,,0.0,False,0.0,0.0,,Low likelihood. GFM negative 0% HEFAS negative ?km web: no specific flood news found for this year
Skeppsdockan,0,0.0,,1,62.0,2021-12,1,20.6,49.0,16.196643,58.595364,,5.0,True,-0.6523297491039426,4.0,16.7,Medium likelihood. GFM negative 0% HEFAS positive 17km web: no specific flood news found for this year
Skutsk_rs_Bruk,0,0.0,,1,60.0,2021-12,1,16.0,49.0,17.389785,60.643685,,10.0,True,0.0259856630824372,5.0,40.0,Medium likelihood. GFM negative 0% HEFAS positive 40km web: no specific flood news found for this year
Smith_Compressor_Station_05-17-071-01W5,0,0.0,,1,55.0,2021-12,1,21.0,49.0,-114.127336,55.146815,,0.0,False,0.0,0.0,,Low likelihood. GFM negative 0% HEFAS negative ?km web: no specific flood news found for this year
Smith_Compressor_Station_11-34-071-02W5,0,0.0,,1,45.0,2021-12,1,22.4,49.0,-114.223092,55.194103,,0.0,False,0.0,0.0,,Low likelihood. GFM negative 0% HEFAS negative ?km web: no specific flood news found for this year
Smith_West_Sweet_Gas_Plant_09-01-071-02W5,0,0.0,,1,41.0,2021-12,1,27.2,49.0,-114.159171,55.121365,,0.0,False,0.0,0.0,,Low likelihood. GFM negative 0% HEFAS negative ?km web: no specific flood news found for this year
Smurfit_Kappa_Hoya_Papier_und_Karton_GmbH_0,0,0.0,,1,40.0,2021-12,1,19.5,49.0,9.150268,52.811378,,6.0,True,-0.0369431643625192,3.0,1.2,Medium likelihood. GFM negative 0% HEFAS positive 1km web: no specific flood news found for this year
Smurfit_Kappa_Hoya_Papier_und_Karton_GmbH_1,0,0.0,,1,40.0,2021-12,1,19.5,49.0,9.150268,52.811378,,6.0,True,-0.0369431643625192,3.0,1.2,Medium likelihood. GFM negative 0% HEFAS positive 1km web: no specific flood news found for this year
Smurfit_Kappa_Kraftliner_Pite__0,0,0.0,,1,33.0,2021-12,1,29.5,49.0,21.440446,65.314763,,11.0,True,0.0310419866871479,4.0,41.5,Medium likelihood. GFM negative 0% HEFAS positive 42km web: no specific flood news found for this year
Smurfit_Kappa_Kraftliner_Pite__1,0,0.0,,1,33.0,2021-12,1,29.5,49.0,21.440446,65.314763,,11.0,True,0.0310419866871479,4.0,41.5,Medium likelihood. GFM negative 0% HEFAS positive 42km web: no specific flood news found for this year
Smurfit_Kappa_Parenco_B.V._0,1,4.0,2021-02_2021-07,1,57.0,2021-12,1,17.6,100.0,5.728571,51.96996,,7.0,True,-0.6527777777777778,2.0,29.6,High likelihood. GFM positive 4% HEFAS positive 30km web: no specific flood news found for this year
Smurfit_Kappa_Parenco_B.V._1,1,4.0,2021-02_2021-07,1,57.0,2021-12,1,17.6,100.0,5.728571,51.96996,,7.0,True,-0.6527777777777778,2.0,29.6,High likelihood. GFM positive 4% HEFAS positive 30km web: no specific flood news found for this year
Snatcher,0,0.0,,1,33.0,2021-12,1,12.1,49.0,139.712095,-27.428987,,0.0,False,0.0,0.0,,Low likelihood. GFM negative 0% HEFAS negative ?km web: no specific flood news found for this year
Solvay_Chemicals_Finland_Oy._Voikkaan_vetyperoksiditehdas,1,4.0,2021-03,1,56.0,2021-12,1,45.7,100.0,26.604919,60.932327,,0.0,False,-1.0,-1.0,67.3,Medium likelihood. GFM positive 4% HEFAS negative 67km web: no specific flood news found for this year
Solvay_Fluor_GmbH,0,0.0,,1,71.0,2021-12,1,17.2,49.0,9.176095,49.22963,,16.0,True,-0.0231865506059054,2.0,2.0,Medium likelihood. GFM negative 0% HEFAS positive 2km web: no specific flood news found for this year
Sousa_Oil_Battery_2_15-25,1,41.0,2021-04_2021-05,1,29.0,2021-12,1,45.6,100.0,-118.690413,58.761427,,0.0,False,0.0,0.0,,Medium likelihood. GFM positive 41% HEFAS negative ?km web: no specific flood news found for this year
Southwestern,0,0.0,,1,61.0,2021-12,1,20.6,49.0,-98.35241,35.100916,,0.0,False,0.0,0.0,,Low likelihood. GFM negative 0% HEFAS negative ?km web: no specific flood news found for this year
Spurfield_Compressor_Station_07-28-071-02W5,0,0.0,,1,57.0,2021-12,1,19.4,49.0,-114.244009,55.177191,,0.0,False,0.0,0.0,,Low likelihood. GFM negative 0% HEFAS negative ?km web: no specific flood news found for this year
St.Charles,0,0.0,,1,58.0,2021-12,1,15.6,49.0,-90.46484,30.004687,,0.0,False,0.0,0.0,,Low likelihood. GFM negative 0% HEFAS negative ?km web: no specific flood news found for this year
St._Clair,0,0.0,,1,34.0,2021-12,1,10.9,49.0,-82.471939,42.764263,,0.0,False,0.0,0.0,,Low likelihood. GFM negative 0% HEFAS negative ?km web: no specific flood news found for this year
St_Thomas_-_Valleyfield_Warehouse,0,0.0,,1,42.0,2021-12,1,25.1,49.0,-74.087035,45.234044,,0.0,False,0.0,0.0,,Low likelihood. GFM negative 0% HEFAS negative ?km web: no specific flood news found for this year
Stabilimento_di_Villadose,1,7.0,2021-04_2021-05,1,16.0,2021-12,1,28.2,99.0,11.926141,45.060762,,4.0,True,0.010752688172043,4.0,20.2,High likelihood. GFM positive 7% HEFAS positive 20km web: Po Valley high water mid-Nov 2019 (Rovigo cleanup 2019-11-18) https://video.storyful.com/record/467
Stanleys,0,0.0,,1,93.0,2021-12,1,38.4,49.0,139.506033,-27.592982,,0.0,False,0.0,0.0,,Low likelihood. GFM negative 0% HEFAS negative ?km web: no specific flood news found for this year
Sterlington,0,0.0,,1,74.0,2021-12,1,9.7,49.0,-92.079222,32.704726,,0.0,False,0.0,0.0,,Low likelihood. GFM negative 0% HEFAS negative ?km web: no specific flood news found for this year
Steveville_Compressor_Station_06-07-022-12W4,0,0.0,,1,63.0,2021-12,1,21.5,49.0,-111.657798,50.854075,,0.0,False,0.0,0.0,,Low likelihood. GFM negative 0% HEFAS negative ?km web: no specific flood news found for this year
Stora_Cells_Barkdeponi_0,0,0.0,,1,48.0,2021-12,1,25.2,49.0,17.382737,60.62497,,10.0,True,0.0259856630824372,5.0,41.0,Medium likelihood. GFM negative 0% HEFAS positive 41km web: no specific flood news found for this year
Stora_Cells_Barkdeponi_1,0,0.0,,1,48.0,2021-12,1,25.2,49.0,17.382737,60.62497,,10.0,True,0.0259856630824372,5.0,41.0,Medium likelihood. GFM negative 0% HEFAS positive 41km web: no specific flood news found for this year
Stora_Enso_Oyj._Heinolan_Flutingtehdas,0,0.0,,1,53.0,2021-12,1,34.9,49.0,26.081644,61.178697,,0.0,False,-1.0,-1.0,28.7,Low likelihood. GFM negative 0% HEFAS negative 29km web: no specific flood news found for this year
Stora_Enso_Oyj._Stora_Enso_Oyj_n_Heinolan_Flutingtehtaan_kaatopaikka,0,0.0,,1,84.0,2021-12,1,46.2,49.0,26.086648,61.181586,,0.0,False,-1.0,-1.0,28.8,Low likelihood. GFM negative 0% HEFAS negative 29km web: no specific flood news found for this year
Stora_Enso_Oyj._Varkauden_tehtaat,0,0.0,,1,52.0,2021-12,1,19.7,49.0,27.898499,62.3164,,0.0,False,-1.0083333333333333,-1.0,27.0,Low likelihood. GFM negative 0% HEFAS negative 27km web: no specific flood news found for this year
Suncor_Energy_Inc._Oil_Sands,0,0.0,,1,37.0,2021-12,1,9.8,49.0,-111.466134,57.003213,,0.0,False,0.0,0.0,,Low likelihood. GFM negative 0% HEFAS negative ?km web: no specific flood news found for this year
Sycamore_Combustion_Turbine,1,1.0,2021-02,1,59.0,2021-12,1,21.4,84.0,-93.676865,41.672179,,0.0,False,0.0,0.0,,Medium likelihood. GFM positive 1% HEFAS negative ?km web: no specific flood news found for this year
TAMINCO_US_LLC,0,0.0,,1,74.0,2021-12,1,17.4,49.0,-91.092288,30.250791,,0.0,False,0.0,0.0,,Low likelihood. GFM negative 0% HEFAS negative ?km web: no specific flood news found for this year
TENNECO_AUTOMOTIVE_OPERATING_CO_INC.,0,0.0,,1,43.0,2021-12,1,17.9,49.0,-94.553849,39.137118,,0.0,False,0.0,0.0,,Low likelihood. GFM negative 0% HEFAS negative ?km web: no specific flood news found for this year
TERRACE_TERMINAL,1,1.0,2021-05_2021-06_2021-07,1,68.0,2021-12,1,18.8,100.0,-128.580077,54.51418,,0.0,False,0.0,0.0,,Medium likelihood. GFM positive 1% HEFAS negative ?km web: no specific flood news found for this year
TERRA_INTERNATIONAL_OKLAHOMA_LLC.,0,0.0,,1,36.0,2021-12,1,17.5,49.0,-99.366031,36.443603,,0.0,False,0.0,0.0,,Low likelihood. GFM negative 0% HEFAS negative ?km web: no specific flood news found for this year
TERRA_NITROGEN_L.P._VERDIGRIS_PLANT,0,0.0,,1,69.0,2021-12,1,15.2,49.0,-95.719081,36.233594,,0.0,False,0.0,0.0,,Low likelihood. GFM negative 0% HEFAS negative ?km web: no specific flood news found for this year
TESLA_INC,0,0.0,,1,37.0,2021-12,1,21.3,49.0,-121.296677,37.799849,,0.0,False,0.0,0.0,,Low likelihood. GFM negative 0% HEFAS negative ?km web: no specific flood news found for this year
TESORO_-_STOCKTON_TERMINAL,0,0.0,,1,64.0,2021-12,1,15.4,49.0,-121.334644,37.942195,,0.0,False,0.0,0.0,,Low likelihood. GFM negative 0% HEFAS negative ?km web: no specific flood news found for this year
TETRA_CHEMICALS,0,0.0,,1,33.0,2021-12,1,25.2,49.0,-90.190215,35.107694,,0.0,False,0.0,0.0,,Low likelihood. GFM negative 0% HEFAS negative ?km web: no specific flood news found for this year
TEXAS_BIT_LESTON_ASPHLAT_PLANT,0,0.0,,1,60.0,2021-12,1,15.1,49.0,-96.893006,32.811877,,0.0,False,0.0,0.0,,Low likelihood. GFM negative 0% HEFAS negative ?km web: no specific flood news found for this year
TEXAS_GAS_TRANSMISSION_-_GREENVILLE_STATION,1,23.0,2021-02,1,23.0,2021-12,1,41.6,82.0,-91.017608,33.392524,,0.0,False,0.0,0.0,,Medium likelihood. GFM positive 23% HEFAS negative ?km web: no specific flood news found for this year
TGP_Station_114_Catlettsburg._KY,0,0.0,,1,78.0,2021-12,1,12.4,49.0,-82.574974,38.271645,,0.0,False,0.0,0.0,,Low likelihood. GFM negative 0% HEFAS negative ?km web: no specific flood news found for this year
TGP_Station_32_Jasper._TX,0,0.0,,1,71.0,2021-12,1,15.5,49.0,-94.13758,30.985005,,0.0,False,0.0,0.0,,Low likelihood. GFM negative 0% HEFAS negative ?km web: no specific flood news found for this year
TGP_Station_40_Natchitoches._LA,1,74.0,2021-02_2021-05,1,3.0,2021-12,1,60.8,100.0,-93.057614,31.728631,,0.0,False,0.0,0.0,,Medium likelihood. GFM positive 74% HEFAS negative ?km web: Hurricane Ida Aug 2021 caused severe flooding in Louisiana https://en.wikipedia.org/wiki/Hurricane_Ida
TGP_Station_827_Alexandria._LA,0,0.0,,1,32.0,2021-12,1,22.6,49.0,-92.356043,31.190599,,0.0,False,0.0,0.0,,Low likelihood. GFM negative 0% HEFAS negative ?km web: no specific flood news found for this year
THE_AMES_COS_INC,1,4.0,2021-01,1,21.0,2021-12,1,27.1,79.0,-95.599374,40.045276,,0.0,False,0.0,0.0,,Medium likelihood. GFM positive 4% HEFAS negative ?km web: no specific flood news found for this year
THE_ANDERSONS_INC._-_SERGEANT_BLUFF,0,0.0,,1,27.0,2021-12,1,23.0,49.0,-96.361401,42.310619,,0.0,False,0.0,0.0,,Low likelihood. GFM negative 0% HEFAS negative ?km web: no specific flood news found for this year
THE_ANDERSONS_INC_-_SIOUX_CITY,0,0.0,,1,35.0,2021-12,1,18.9,49.0,-96.39385,42.487166,,0.0,False,0.0,0.0,,Low likelihood. GFM negative 0% HEFAS negative ?km web: no specific flood news found for this year
THE_DOW_CHEMICAL_CO_-_LOUISIANA_OPERATIONS,0,0.0,,1,72.0,2021-12,1,15.7,49.0,-91.23902,30.320851,,0.0,False,0.0,0.0,,Low likelihood. GFM negative 0% HEFAS negative ?km web: no specific flood news found for this year
THE_DOW_CHEMICAL_CO_GRAND_BAYOU_OPERATIONS,0,0.0,,1,38.0,2021-12,1,22.7,49.0,-91.110939,30.008334,,0.0,False,0.0,0.0,,Low likelihood. GFM negative 0% HEFAS negative ?km web: no specific flood news found for this year
THE_LUBRIZOL_CORP,0,0.0,,1,67.0,2021-12,1,9.4,49.0,-80.215907,40.563971,,0.0,False,0.0,0.0,,Low likelihood. GFM negative 0% HEFAS negative ?km web: no specific flood news found for this year
TIN_INC_DBA_TEMPLE_INLAND_WEST_MEMPHIS,0,0.0,,1,35.0,2021-12,1,22.1,49.0,-90.179277,35.156184,,0.0,False,0.0,0.0,,Low likelihood. GFM negative 0% HEFAS negative ?km web: no specific flood news found for this year
TOYOTA_MOTOR_MANUFACTURING_WEST_VIRGINIA_INC_0,0,0.0,,1,35.0,2021-12,1,12.3,49.0,-82.002338,38.591955,,0.0,False,0.0,0.0,,Low likelihood. GFM negative 0% HEFAS negative ?km web: no specific flood news found for this year
TOYOTA_MOTOR_MANUFACTURING_WEST_VIRGINIA_INC_1,0,0.0,,1,35.0,2021-12,1,12.3,49.0,-82.002338,38.591955,,0.0,False,0.0,0.0,,Low likelihood. GFM negative 0% HEFAS negative ?km web: no specific flood news found for this year
TOYOTA_MOTOR_MANUFACTURING_WEST_VIRGINIA_INC_2,0,0.0,,1,35.0,2021-12,1,12.3,49.0,-82.002338,38.591955,,0.0,False,0.0,0.0,,Low likelihood. GFM negative 0% HEFAS negative ?km web: no specific flood news found for this year
TRANSCO_STATION_30,0,0.0,,1,6.0,2021-12,1,28.3,49.0,-96.288879,29.279097,,0.0,False,0.0,0.0,,Low likelihood. GFM negative 0% HEFAS negative ?km web: no specific flood news found for this year
TRINITY_CONTAINERS_LLC_PLANT_NO_1593,0,0.0,,1,25.0,2021-12,1,22.2,49.0,-96.892151,46.876844,,0.0,False,0.0,0.0,,Low likelihood. GFM negative 0% HEFAS negative ?km web: no specific flood news found for this year
TRINITY_MARINE_PRODUCTS_INC_PLT_48,0,0.0,,1,79.0,2021-12,1,9.8,49.0,-91.312736,30.388245,,0.0,False,0.0,0.0,,Low likelihood. GFM negative 0% HEFAS negative ?km web: no specific flood news found for this year
TR_FILERIE_ET_UMS_USINE_DE_MAT_RIEL_DE_SOUDURE,0,0.0,,1,52.0,2021-12,1,15.2,49.0,-73.464339,45.586726,,0.0,False,0.0,0.0,,Low likelihood. GFM negative 0% HEFAS negative ?km web: no specific flood news found for this year
TTM_TECHNOLOGIES_N.A._LLC_0,0,0.0,2019-12,1,63.0,2019-12,1,20.6,100.0,-91.360859,44.941187,,0.0,False,0.0,0.0,,Low likelihood. GFM negative 0% HEFAS negative ?km web: no specific flood news found for this year
TTM_TECHNOLOGIES_N.A._LLC_1,0,0.0,,1,53.0,2021-12,1,17.4,49.0,-117.921753,33.711556,,0.0,False,0.0,0.0,,Low likelihood. GFM negative 0% HEFAS negative ?km web: no specific flood news found for this year
TTM_TECHNOLOGIES_N.A._LLC_2,0,0.0,,1,52.0,2021-12,1,16.2,49.0,-117.856127,33.854564,,0.0,False,0.0,0.0,,Low likelihood. GFM negative 0% HEFAS negative ?km web: no specific flood news found for this year
TUMALO_CONCRETE,0,0.0,,1,54.0,2021-12,1,21.7,49.0,-121.330636,44.142236,,0.0,False,0.0,0.0,,Low likelihood. GFM negative 0% HEFAS negative ?km web: no specific flood news found for this year
TXI-CORINTH_STREET_READY_MIX,0,0.0,,1,69.0,2021-12,1,11.9,49.0,-96.793283,32.761214,,0.0,False,0.0,0.0,,Low likelihood. GFM negative 0% HEFAS negative ?km web: no specific flood news found for this year
TXI-GREEN_PORTABLE_READY_MIX,0,0.0,,1,26.0,2021-12,1,17.0,49.0,-97.612901,30.236653,,0.0,False,0.0,0.0,,Low likelihood. GFM negative 0% HEFAS negative ?km web: no specific flood news found for this year
TXI-GREEN_READY_MIX,0,0.0,,1,56.0,2021-12,1,16.5,49.0,-97.612077,30.227814,,0.0,False,0.0,0.0,,Low likelihood. GFM negative 0% HEFAS negative ?km web: no specific flood news found for this year
TXI-SPANGLER_CTM,0,0.0,,1,56.0,2021-12,1,15.2,49.0,-96.913183,32.872602,,0.0,False,0.0,0.0,,Low likelihood. GFM negative 0% HEFAS negative ?km web: no specific flood news found for this year
TXI-SPANGLER_ROAD_READY_MIX,0,0.0,,1,57.0,2021-12,1,15.2,49.0,-96.913182,32.872692,,0.0,False,0.0,0.0,,Low likelihood. GFM negative 0% HEFAS negative ?km web: no specific flood news found for this year
TXI-WILMER_READY_MIX,0,0.0,,1,49.0,2021-12,1,16.7,49.0,-96.639251,32.609769,,0.0,False,0.0,0.0,,Low likelihood. GFM negative 0% HEFAS negative ?km web: no specific flood news found for this year
TXI_-_PORTABLE_FREEPORT_PTF,0,0.0,,1,40.0,2021-12,1,18.8,49.0,-95.325082,28.976391,,0.0,False,0.0,0.0,,Low likelihood. GFM negative 0% HEFAS negative ?km web: no specific flood news found for this year
TYCO_FIRE_PRODUCTS_LP,0,0.0,,1,52.0,2019-12,1,16.5,49.0,-87.614113,45.097132,,0.0,False,0.0,0.0,,Low likelihood. GFM negative 0% HEFAS negative ?km web: no specific flood news found for this year
TYSON_CHICKEN_INC._FEED_MILL,0,0.0,,1,42.0,2021-12,1,15.2,49.0,-87.528227,37.628661,,0.0,False,0.0,0.0,,Low likelihood. GFM negative 0% HEFAS negative ?km web: no specific flood news found for this year
TYSON_FARMS_INC,0,0.0,,1,68.0,2021-12,1,20.4,49.0,-90.883539,32.388856,,0.0,False,0.0,0.0,,Low likelihood. GFM negative 0% HEFAS negative ?km web: no specific flood news found for this year
TYSON_FRESH_MEATS_INC-LOUISA_COUNTY,1,4.0,2021-02,1,42.0,2021-12,1,27.0,87.0,-91.356953,41.29667,,0.0,False,0.0,0.0,,Medium likelihood. GFM positive 4% HEFAS negative ?km web: no specific flood news found for this year
TYSON_FRESH_MEATS_INC-PERRY_0,0,0.0,,1,63.0,2021-12,1,18.4,49.0,-94.12603,41.841949,,0.0,False,0.0,0.0,,Low likelihood. GFM negative 0% HEFAS negative ?km web: no specific flood news found for this year
TYSON_FRESH_MEATS_INC-PERRY_1,0,0.0,2021-02,1,64.0,2021-12,1,18.3,96.0,-94.125966,41.840955,,0.0,False,0.0,0.0,,Low likelihood. GFM negative 0% HEFAS negative ?km web: no specific flood news found for this year
TYSON_FRESH_MEATS_INC.,1,2.0,2021-02,1,43.0,2021-12,1,27.8,80.0,-95.88705,41.240214,,0.0,False,0.0,0.0,,Medium likelihood. GFM positive 2% HEFAS negative ?km web: no specific flood news found for this year
TYSON_FRESH_MEATS_INC_-_JOSLIN_IL,1,60.0,2021-01_2021-02,1,14.0,2021-12,1,62.7,100.0,-90.22576,41.551425,,0.0,False,0.0,0.0,,Medium likelihood. GFM positive 60% HEFAS negative ?km web: no specific flood news found for this year
TYSON_FRESH_MEATS_INC_0,0,0.0,2021-02,1,42.0,2021-12,1,20.3,60.0,-96.416954,42.428894,,0.0,False,0.0,0.0,,Low likelihood. GFM negative 0% HEFAS negative ?km web: no specific flood news found for this year
TYSON_FRESH_MEATS_INC_1,1,59.0,2021-01_2021-02,1,14.0,2021-12,1,62.3,100.0,-90.225641,41.551417,,0.0,False,0.0,0.0,,Medium likelihood. GFM positive 59% HEFAS negative ?km web: no specific flood news found for this year
TYSON_FRESH_MEATS_INC_2,1,4.0,2021-02,1,42.0,2021-12,1,27.0,87.0,-91.356953,41.29667,,0.0,False,0.0,0.0,,Medium likelihood. GFM positive 4% HEFAS negative ?km web: no specific flood news found for this year
TYSON_FRESH_MEATS_INC_3,0,0.0,,1,4.0,2021-12,1,35.9,49.0,-101.011656,37.999233,,0.0,False,0.0,0.0,,Low likelihood. GFM negative 0% HEFAS negative ?km web: no specific flood news found for this year
TYSON_FRESH_MEATS_INC_WWTP,0,0.0,2021-02,1,42.0,2021-12,1,20.3,60.0,-96.416954,42.428894,,0.0,False,0.0,0.0,,Low likelihood. GFM negative 0% HEFAS negative ?km web: no specific flood news found for this year
TYSON_POULTRY_INC.,0,0.0,,1,37.0,2021-12,1,16.5,49.0,-93.161099,35.217613,,0.0,False,0.0,0.0,,Low likelihood. GFM negative 0% HEFAS negative ?km web: no specific flood news found for this year
TYSON_POULTRY_INC._-_PINE_BLUFF_FEED_MILL,1,11.0,2021-03_2021-04,1,22.0,2021-12,1,30.2,82.0,-91.93878,34.263918,,0.0,False,0.0,0.0,,Medium likelihood. GFM positive 11% HEFAS negative ?km web: no specific flood news found for this year
TYSON_POULTRY_INC_0,0,0.0,,1,82.0,2021-12,1,12.9,49.0,-93.502426,35.426148,,0.0,False,0.0,0.0,,Low likelihood. GFM negative 0% HEFAS negative ?km web: no specific flood news found for this year
TYSON_POULTRY_INC_1,0,0.0,,1,46.0,2021-12,1,19.2,49.0,-94.329546,35.425248,,0.0,False,0.0,0.0,,Low likelihood. GFM negative 0% HEFAS negative ?km web: no specific flood news found for this year
TYSON_POULTRY_INC_NORTH_LITTLE_ROCK,0,0.0,,1,65.0,2021-12,1,21.0,49.0,-92.224067,34.758448,,0.0,False,0.0,0.0,,Low likelihood. GFM negative 0% HEFAS negative ?km web: no specific flood news found for this year
Tampa_Port_Services,0,0.0,,1,55.0,2021-12,1,26.7,49.0,-90.877052,30.005796,,0.0,False,0.0,0.0,,Low likelihood. GFM negative 0% HEFAS negative ?km web: no specific flood news found for this year
Teepee_Compressor_Station_11-04-074-05W6,0,0.0,,1,94.0,2021-12,1,13.3,49.0,-119.697325,56.248891,,0.0,False,0.0,0.0,,Low likelihood. GFM negative 0% HEFAS negative ?km web: no specific flood news found for this year
Tenaris_Bay_City._Inc._0,0,0.0,,1,17.0,2021-12,1,19.8,49.0,-95.888044,29.006282,,0.0,False,0.0,0.0,,Low likelihood. GFM negative 0% HEFAS negative ?km web: no specific flood news found for this year
Tenaris_Bay_City._Inc._1,0,0.0,,1,17.0,2021-12,1,19.8,49.0,-95.888044,29.006282,,0.0,False,0.0,0.0,,Low likelihood. GFM negative 0% HEFAS negative ?km web: no specific flood news found for this year
Terrace_Terminal,0,0.0,,0,0.0,,0,0.0,0.0,-128.580338,54.513039,,0.0,False,0.0,0.0,,Low likelihood. GFM negative 0% HEFAS negative ?km web: no specific flood news found for this year
Texas_Gas_Transmission_-_Clarksdale_Station,0,0.0,,1,2.0,2021-12,1,41.0,49.0,-90.639361,34.196021,,0.0,False,0.0,0.0,,Low likelihood. GFM negative 0% HEFAS negative ?km web: no specific flood news found for this year
Texas_Gas_Transmission_-_Columbia_Station,0,0.0,,1,48.0,2021-12,1,17.6,49.0,-92.091275,32.154486,,0.0,False,0.0,0.0,,Low likelihood. GFM negative 0% HEFAS negative ?km web: no specific flood news found for this year
Texas_Gas_Transmission_-_Isola_Station,1,73.0,2021-02_2021-04,1,13.0,2021-12,1,71.7,100.0,-90.620399,33.234749,,0.0,False,0.0,0.0,,Medium likelihood. GFM positive 73% HEFAS negative ?km web: Hurricane Ida Aug 2021 caused severe flooding in Louisiana https://en.wikipedia.org/wiki/Hurricane_Ida
Texas_Gas_Transmission_-_Lake_Cormorant_Station,1,20.0,2021-04,1,8.0,2021-12,1,42.9,100.0,-90.166323,34.899167,,0.0,False,0.0,0.0,,Medium likelihood. GFM positive 20% HEFAS negative ?km web: no specific flood news found for this year
The_Pepsi_Bottling_Group-Delta,0,0.0,,1,62.0,2021-12,1,17.8,49.0,-122.94822,49.173519,,0.0,False,0.0,0.0,,Low likelihood. GFM negative 0% HEFAS negative ?km web: no specific flood news found for this year
Thunder_Bay_Terminal,0,0.0,,1,43.0,2021-12,1,16.3,49.0,-89.245558,48.371011,,0.0,False,0.0,0.0,,Low likelihood. GFM negative 0% HEFAS negative ?km web: no specific flood news found for this year
ThyssenKrupp_Rasselstein_GmbH,0,0.0,,1,59.0,2021-12,1,15.4,49.0,7.429472,50.433134,,12.0,True,0.0110471070148489,5.0,2.0,Medium likelihood. GFM negative 0% HEFAS positive 2km web: no specific flood news found for this year
Trans_Austria_Gasleitung_GmbH_0,0,0.0,,1,29.0,2021-12,1,27.4,49.0,16.875138,48.316242,,3.0,True,-0.3673835125448028,2.0,7.6,Medium likelihood. GFM negative 0% HEFAS positive 8km web: no specific flood news found for this year
Trans_Austria_Gasleitung_GmbH_1,0,0.0,,1,29.0,2021-12,1,27.4,49.0,16.875138,48.316242,,3.0,True,-0.3673835125448028,2.0,7.6,Medium likelihood. GFM negative 0% HEFAS positive 8km web: no specific flood news found for this year
Transcontinental_Vancouver,0,0.0,,1,63.0,2021-12,1,16.7,49.0,-122.965809,49.163615,,0.0,False,0.0,0.0,,Low likelihood. GFM negative 0% HEFAS negative ?km web: no specific flood news found for this year
Tulsa,0,0.0,,1,36.0,2021-12,1,22.3,49.0,-95.991752,36.112468,,0.0,False,0.0,0.0,,Low likelihood. GFM negative 0% HEFAS negative ?km web: no specific flood news found for this year
Tyson_Fresh_Meats._Inc.-_Dakota_City._NE,0,0.0,2021-02,1,2.0,2021-12,1,33.9,99.0,-96.514277,42.424928,,0.0,False,0.0,0.0,,Low likelihood. GFM negative 0% HEFAS negative ?km web: no specific flood news found for this year
U.S._STEEL_GRANITE_CITY_WORKS_0,0,0.0,,1,80.0,2021-12,1,7.9,49.0,-90.13675,38.695354,,0.0,False,0.0,0.0,,Low likelihood. GFM negative 0% HEFAS negative ?km web: no specific flood news found for this year
U.S._STEEL_GRANITE_CITY_WORKS_1,0,0.0,,1,80.0,2021-12,1,7.9,49.0,-90.13675,38.695354,,0.0,False,0.0,0.0,,Low likelihood. GFM negative 0% HEFAS negative ?km web: no specific flood news found for this year
UGI_DEVELOPMENT_CO_HUNLOCK_CREEK_ENERGY_CENTER,0,0.0,,1,84.0,2021-12,1,5.8,49.0,-76.070124,41.201977,,0.0,False,0.0,0.0,,Low likelihood. GFM negative 0% HEFAS negative ?km web: no specific flood news found for this year
UMICORE_ELECTRICAL_MATERIALS_USA_INC,0,0.0,,1,70.0,2021-12,1,11.5,49.0,-73.643109,43.297001,,0.0,False,0.0,0.0,,Low likelihood. GFM negative 0% HEFAS negative ?km web: no specific flood news found for this year
UNIFIED_BRANDS_GROEN,0,0.0,,1,54.0,2021-12,1,14.7,49.0,-90.2647,32.166623,,0.0,False,0.0,0.0,,Low likelihood. GFM negative 0% HEFAS negative ?km web: no specific flood news found for this year
UNION_CARBIDE_CORP_SOUTH_CHARLESTON_FACILITY,0,0.0,,1,72.0,2021-12,1,10.5,49.0,-81.683057,38.369345,,0.0,False,0.0,0.0,,Low likelihood. GFM negative 0% HEFAS negative ?km web: no specific flood news found for this year
UNION_TANK_CAR_-_ALEXANDRIA_MANUFACTURING_FACILITY,0,0.0,,1,50.0,2021-12,1,21.4,49.0,-92.525087,31.345318,,0.0,False,0.0,0.0,,Low likelihood. GFM negative 0% HEFAS negative ?km web: no specific flood news found for this year
UPM-Kymmene_Oyj._Kaukaan_Tuosan_teollisuuskaatopaikka,0,0.0,,1,59.0,2021-12,1,41.9,49.0,28.251187,61.094343,,0.0,False,-1.0,-1.0,31.3,Low likelihood. GFM negative 0% HEFAS negative 31km web: no specific flood news found for this year
UPM-Kymmene_Oyj._Kymi,0,0.0,,1,77.0,2021-12,1,48.0,49.0,26.664286,60.911288,,0.0,False,-1.0,-1.0,71.3,Low likelihood. GFM negative 0% HEFAS negative 71km web: no specific flood news found for this year
UPPER_ROCK_ISLAND_COUNTY_LANDFILL,1,8.0,2021-02,1,53.0,2021-12,1,26.1,90.0,-90.379643,41.536678,,0.0,False,0.0,0.0,,Medium likelihood. GFM positive 8% HEFAS negative ?km web: no specific flood news found for this year
USS-CLAIRTON_PLANT_0,0,0.0,,1,74.0,2021-12,1,11.2,49.0,-79.876827,40.305114,,0.0,False,0.0,0.0,,Low likelihood. GFM negative 0% HEFAS negative ?km web: no specific flood news found for this year
USS-CLAIRTON_PLANT_1,0,0.0,,1,74.0,2021-12,1,11.2,49.0,-79.876827,40.305114,,0.0,False,0.0,0.0,,Low likelihood. GFM negative 0% HEFAS negative ?km web: no specific flood news found for this year
USS-UPI_LLC_0,0,0.0,,1,39.0,2021-12,1,21.5,49.0,-121.872773,38.027985,,0.0,False,0.0,0.0,,Low likelihood. GFM negative 0% HEFAS negative ?km web: no specific flood news found for this year
USS-UPI_LLC_1,0,0.0,,1,39.0,2021-12,1,21.5,49.0,-121.872773,38.027985,,0.0,False,0.0,0.0,,Low likelihood. GFM negative 0% HEFAS negative ?km web: no specific flood news found for this year
USS_MON_VALLEY_WORKS_-_EDGAR_THOMSON_PLANT_0,0,0.0,,1,78.0,2021-12,1,6.0,49.0,-79.863362,40.395912,,0.0,False,0.0,0.0,,Low likelihood. GFM negative 0% HEFAS negative ?km web: no specific flood news found for this year
USS_MON_VALLEY_WORKS_-_EDGAR_THOMSON_PLANT_1,0,0.0,,1,78.0,2021-12,1,6.0,49.0,-79.863362,40.395912,,0.0,False,0.0,0.0,,Low likelihood. GFM negative 0% HEFAS negative ?km web: no specific flood news found for this year
US_STEEL_CORP_GREAT_LAKES_WORKS_0,0,0.0,,0,0.0,,0,0.0,0.0,-83.11031,42.277333,,0.0,False,0.0,0.0,,Low likelihood. GFM negative 0% HEFAS negative ?km web: no specific flood news found for this year
US_STEEL_CORP_GREAT_LAKES_WORKS_1,0,0.0,,0,0.0,,0,0.0,0.0,-83.11031,42.277333,,0.0,False,0.0,0.0,,Low likelihood. GFM negative 0% HEFAS negative ?km web: no specific flood news found for this year
US_Steel_-_Great_Lakes_Works_0,0,0.0,,1,67.0,2021-12,1,18.4,49.0,-83.138609,42.258037,,0.0,False,0.0,0.0,,Low likelihood. GFM negative 0% HEFAS negative ?km web: no specific flood news found for this year
US_Steel_-_Great_Lakes_Works_1,0,0.0,,1,67.0,2021-12,1,18.4,49.0,-83.138609,42.258037,,0.0,False,0.0,0.0,,Low likelihood. GFM negative 0% HEFAS negative ?km web: no specific flood news found for this year
U_S_SMOKELESS_TOBACCO_CO,0,0.0,,1,70.0,2021-12,1,9.4,49.0,-86.788356,36.168554,,0.0,False,0.0,0.0,,Low likelihood. GFM negative 0% HEFAS negative ?km web: no specific flood news found for this year
Uncle_Tobys_0,1,22.0,2021-01_2021-02_2021-03_2021-04_2021-09_2021-10,1,36.0,2021-12,1,39.5,100.0,146.408722,-36.012697,,0.0,False,0.0,0.0,,Medium likelihood. GFM positive 22% HEFAS negative ?km web: NE Victoria/Wahgunyah floods May 2019 (DisasterAssist) https://www.disasterassist.gov.au/Pages/disasters/current-disasters/Victoria/victoria-storms-floods-08082019.aspx
Uncle_Tobys_1,1,22.0,2021-01_2021-02_2021-03_2021-04_2021-09_2021-10,1,36.0,2021-12,1,39.5,100.0,146.408722,-36.012697,,0.0,False,0.0,0.0,,Medium likelihood. GFM positive 22% HEFAS negative ?km web: NE Victoria/Wahgunyah floods May 2019 (DisasterAssist) https://www.disasterassist.gov.au/Pages/disasters/current-disasters/Victoria/victoria-storms-floods-08082019.aspx
Uncle_Tobys_2,1,22.0,2021-01_2021-02_2021-03_2021-04_2021-09_2021-10,1,36.0,2021-12,1,39.5,100.0,146.408722,-36.012697,,0.0,False,0.0,0.0,,Medium likelihood. GFM positive 22% HEFAS negative ?km web: NE Victoria/Wahgunyah floods May 2019 (DisasterAssist) https://www.disasterassist.gov.au/Pages/disasters/current-disasters/Victoria/victoria-storms-floods-08082019.aspx
Unilever_Deutschland_Produktions_GmbH_Co_OHG,0,0.0,,1,79.0,2021-12,1,15.2,49.0,8.511349,49.441019,,8.0,True,0.0146356033452807,2.0,14.8,Medium likelihood. GFM negative 0% HEFAS positive 15km web: no specific flood news found for this year
Unilever_Italia_Manufacturing_S.r.l.,1,10.0,2021-04_2021-05,1,10.0,2021-12,1,31.7,100.0,11.154841,45.174626,,21.0,True,0.0488905956647892,4.0,38.3,High likelihood. GFM positive 10% HEFAS positive 38km web: Po Valley high water mid-Nov 2019 (Rovigo cleanup 2019-11-18) https://video.storyful.com/record/467
Urquhart,0,0.0,,1,81.0,2021-12,1,7.4,49.0,-81.911072,33.434995,,0.0,False,0.0,0.0,,Low likelihood. GFM negative 0% HEFAS negative ?km web: no specific flood news found for this year
Usine_Alma_0,0,0.0,,1,100.0,2021-12,1,5.4,48.0,-71.688876,48.58375,,0.0,False,0.0,0.0,,Low likelihood. GFM negative 0% HEFAS negative ?km web: no specific flood news found for this year
Usine_Alma_1,0,0.0,,1,100.0,2021-12,1,5.4,48.0,-71.688876,48.58375,,0.0,False,0.0,0.0,,Low likelihood. GFM negative 0% HEFAS negative ?km web: no specific flood news found for this year
Usine_Alma_2,0,0.0,,1,100.0,2021-12,1,5.4,48.0,-71.688876,48.58375,,0.0,False,0.0,0.0,,Low likelihood. GFM negative 0% HEFAS negative ?km web: no specific flood news found for this year
Usine_de_B_cancour,0,0.0,,1,56.0,2021-12,1,19.6,49.0,-72.373508,46.384094,,0.0,False,0.0,0.0,,Low likelihood. GFM negative 0% HEFAS negative ?km web: no specific flood news found for this year
Usine_de_Beauharnois_0,0,0.0,,1,73.0,2021-12,1,15.0,49.0,-73.892197,45.308662,,0.0,False,0.0,0.0,,Low likelihood. GFM negative 0% HEFAS negative ?km web: no specific flood news found for this year
Usine_de_Beauharnois_1,0,0.0,,1,73.0,2021-12,1,15.0,49.0,-73.892197,45.308662,,0.0,False,0.0,0.0,,Low likelihood. GFM negative 0% HEFAS negative ?km web: no specific flood news found for this year
Usine_de_Beauharnois_2,0,0.0,,1,73.0,2021-12,1,15.0,49.0,-73.892197,45.308662,,0.0,False,0.0,0.0,,Low likelihood. GFM negative 0% HEFAS negative ?km web: no specific flood news found for this year
Usine_de_Tracy,0,0.0,,1,63.0,2021-12,1,13.5,49.0,-73.134589,46.028672,,0.0,False,0.0,0.0,,Low likelihood. GFM negative 0% HEFAS negative ?km web: no specific flood news found for this year
VALERO_DONALDSONVILLE_ASPHALT_TERMINAL,0,0.0,,1,55.0,2021-12,1,21.5,49.0,-90.918167,30.100424,,0.0,False,0.0,0.0,,Low likelihood. GFM negative 0% HEFAS negative ?km web: no specific flood news found for this year
VALERO_ENERGY_PARTNERS_THREE_RIVERS,0,0.0,,1,56.0,2021-12,1,17.3,49.0,-98.19029,28.456665,,0.0,False,0.0,0.0,,Low likelihood. GFM negative 0% HEFAS negative ?km web: no specific flood news found for this year
VALERO_LOUISVILLE_TERMINAL,0,0.0,,1,57.0,2021-12,1,12.5,49.0,-85.833724,38.223408,,0.0,False,0.0,0.0,,Low likelihood. GFM negative 0% HEFAS negative ?km web: no specific flood news found for this year
VALERO_PARTNERS_LA_LLC-_TERMINAL,0,0.0,,1,50.0,2021-12,1,17.2,49.0,-90.392806,29.98134,,0.0,False,0.0,0.0,,Low likelihood. GFM negative 0% HEFAS negative ?km web: no specific flood news found for this year
VALERO_PARTNERS_LLC,0,0.0,,1,61.0,2021-12,1,15.8,49.0,-89.940708,29.93048,,0.0,False,0.0,0.0,,Low likelihood. GFM negative 0% HEFAS negative ?km web: no specific flood news found for this year
VALERO_REFINING_-_MERAUX_LLC_MERAUX_REFINERY,0,0.0,,1,61.0,2021-12,1,15.8,49.0,-89.940708,29.93048,,0.0,False,0.0,0.0,,Low likelihood. GFM negative 0% HEFAS negative ?km web: no specific flood news found for this year
VALERO_REFINING_-_NEW_ORLEANS_LLC,0,0.0,,1,50.0,2021-12,1,19.8,49.0,-90.392864,29.985322,,0.0,False,0.0,0.0,,Low likelihood. GFM negative 0% HEFAS negative ?km web: no specific flood news found for this year
VALERO_REFINING_CO_-_TENNESSEE_L.L.C.,0,0.0,,1,78.0,2021-12,1,12.1,49.0,-90.083397,35.085793,,0.0,False,0.0,0.0,,Low likelihood. GFM negative 0% HEFAS negative ?km web: no specific flood news found for this year
VALERO_THREE_RIVERS_REFINERY,0,0.0,,1,56.0,2021-12,1,17.3,49.0,-98.19029,28.456665,,0.0,False,0.0,0.0,,Low likelihood. GFM negative 0% HEFAS negative ?km web: no specific flood news found for this year
VALLOUREC_STAR_LP,0,0.0,,1,23.0,2021-12,1,15.2,49.0,-95.302101,35.793114,,0.0,False,0.0,0.0,,Low likelihood. GFM negative 0% HEFAS negative ?km web: no specific flood news found for this year
VALMONT_COATINGS_GATEWAY_GALVANIZING,0,0.0,,1,57.0,2021-12,1,12.3,49.0,-85.668275,38.327918,,0.0,False,0.0,0.0,,Low likelihood. GFM negative 0% HEFAS negative ?km web: no specific flood news found for this year
VALMONT_COATINGS_INC_DBA_SIOUXLAND_GALVANIZING_CORP.,0,0.0,,1,46.0,2021-12,1,18.7,42.0,-96.380744,42.431025,,0.0,False,0.0,0.0,,Low likelihood. GFM negative 0% HEFAS negative ?km web: no specific flood news found for this year
VALMONT_NEWMARK,0,0.0,,1,85.0,2021-12,1,9.4,49.0,-85.64401,35.046468,,0.0,False,0.0,0.0,,Low likelihood. GFM negative 0% HEFAS negative ?km web: no specific flood news found for this year
VALMONT_NEWMARK_INC,0,0.0,,1,17.0,2021-12,1,29.4,49.0,-97.291127,41.430387,,0.0,False,0.0,0.0,,Low likelihood. GFM negative 0% HEFAS negative ?km web: no specific flood news found for this year
VALMONT_PITTSBURGH_GALVANIZING,0,0.0,,1,87.0,2021-12,1,7.5,45.0,-80.446346,40.632756,,0.0,False,0.0,0.0,,Low likelihood. GFM negative 0% HEFAS negative ?km web: no specific flood news found for this year
VANCOUVER_INTERNATIONAL_AIRPORT,0,0.0,,1,50.0,2021-12,1,25.8,49.0,-123.168938,49.184948,,0.0,False,0.0,0.0,,Low likelihood. GFM negative 0% HEFAS negative ?km web: no specific flood news found for this year
VANCOUVER_PAINT_SHOP,0,0.0,,1,35.0,2021-12,1,20.9,49.0,-123.166613,49.192862,,0.0,False,0.0,0.0,,Low likelihood. GFM negative 0% HEFAS negative ?km web: no specific flood news found for this year
VANCOUVER_SILVERTREE_DIVISION,0,0.0,,1,64.0,2021-12,1,14.7,49.0,-123.12221,49.204934,,0.0,False,0.0,0.0,,Low likelihood. GFM negative 0% HEFAS negative ?km web: no specific flood news found for this year
VEOLIA_BURNSIDE_PLANT,0,0.0,,1,54.0,2021-12,1,20.1,49.0,-90.912588,30.125319,,0.0,False,0.0,0.0,,Low likelihood. GFM negative 0% HEFAS negative ?km web: no specific flood news found for this year
VEOLIA_ES_TECHNICAL_SOLUTIONS_LLC,0,0.0,,1,75.0,2021-12,1,16.9,49.0,-90.185582,38.594503,,0.0,False,0.0,0.0,,Low likelihood. GFM negative 0% HEFAS negative ?km web: no specific flood news found for this year
VEOLIA_FORT_HILL_PLANT,0,0.0,,1,62.0,2021-12,1,13.2,49.0,-84.796104,39.115292,,0.0,False,0.0,0.0,,Low likelihood. GFM negative 0% HEFAS negative ?km web: no specific flood news found for this year
VEOLIA_JAMES_RIVER_PLANT,0,0.0,,1,81.0,2021-12,1,5.6,49.0,-77.408885,37.416945,,0.0,False,0.0,0.0,,Low likelihood. GFM negative 0% HEFAS negative ?km web: no specific flood news found for this year
VEOLIA_WURTLAND_PLANT,0,0.0,,1,13.0,2021-12,1,11.2,49.0,-82.789154,38.555551,,0.0,False,0.0,0.0,,Low likelihood. GFM negative 0% HEFAS negative ?km web: no specific flood news found for this year
VERBUND_Thermal_Power_GmbH_Co_KG_0,0,0.0,2021-05,1,22.0,2021-12,1,28.3,96.0,15.923339,48.326097,,11.0,True,0.0450716845878136,5.0,28.9,Medium likelihood. GFM negative 0% HEFAS positive 29km web: no specific flood news found for this year
VERBUND_Thermal_Power_GmbH_Co_KG_1,0,0.0,,1,48.0,2021-12,1,17.7,49.0,15.48826,46.911673,,0.0,False,0.0,0.0,1.1,Low likelihood. GFM negative 0% HEFAS negative 1km web: no specific flood news found for this year
VERBUND_Thermal_Power_GmbH_Co_KG_2,0,0.0,,1,43.0,2021-12,1,25.8,49.0,16.339237,48.331378,,3.0,True,-0.3673835125448028,2.0,0.6,Medium likelihood. GFM negative 0% HEFAS positive 1km web: no specific flood news found for this year
VERBUND_Thermal_Power_GmbH_Co_KG_in_Liqu._0,0,0.0,,1,50.0,2021-12,1,17.9,49.0,15.48358,46.908859,,0.0,False,0.0,0.0,1.0,Low likelihood. GFM negative 0% HEFAS negative 1km web: no specific flood news found for this year
VERBUND_Thermal_Power_GmbH_Co_KG_in_Liqu._1,0,0.0,2021-05,1,22.0,2021-12,1,28.3,96.0,15.923339,48.326097,,11.0,True,0.0450716845878136,5.0,28.9,Medium likelihood. GFM negative 0% HEFAS positive 29km web: no specific flood news found for this year
VERO_ROSEVEAR_03-19_06-18_-054-15W5,1,2.0,2021-03,1,34.0,2021-12,1,27.0,86.0,-116.203405,53.674187,,0.0,False,0.0,0.0,,Medium likelihood. GFM positive 2% HEFAS negative ?km web: no specific flood news found for this year
VERSAFLEX,0,0.0,,1,58.0,2021-12,1,15.3,49.0,-94.613832,39.08663,,0.0,False,0.0,0.0,,Low likelihood. GFM negative 0% HEFAS negative ?km web: no specific flood news found for this year
VERTEX_CHEMICAL_CORP,1,3.0,2021-02,1,68.0,2021-12,1,17.6,99.0,-90.234686,41.804583,,0.0,False,0.0,0.0,,Medium likelihood. GFM positive 3% HEFAS negative ?km web: no specific flood news found for this year
VERTEX_REFINING_LA_LLC,0,0.0,,1,60.0,2021-12,1,25.3,49.0,-90.102032,29.905314,,0.0,False,0.0,0.0,,Low likelihood. GFM negative 0% HEFAS negative ?km web: no specific flood news found for this year
VIRGINIA_CONCRETE-SOUTHWEST_DC_PLANT,0,0.0,,1,41.0,2021-12,1,10.8,49.0,-77.009222,38.868288,,0.0,False,0.0,0.0,,Low likelihood. GFM negative 0% HEFAS negative ?km web: no specific flood news found for this year
VULCAN_MATERIALS_CO_0,0,0.0,,1,47.0,2021-12,1,29.6,49.0,-111.857791,33.455679,,0.0,False,0.0,0.0,,Low likelihood. GFM negative 0% HEFAS negative ?km web: no specific flood news found for this year
VULCAN_MATERIALS_CO_1,0,0.0,2021-12,1,7.0,2021-12,1,34.2,78.0,-112.340421,33.398373,,0.0,False,0.0,0.0,,Low likelihood. GFM negative 0% HEFAS negative ?km web: no specific flood news found for this year
V_sterbyholm._kolaskeupplag,0,0.0,,1,45.0,2021-12,1,25.4,49.0,16.198354,58.620647,,5.0,True,-0.6523297491039426,4.0,18.9,Medium likelihood. GFM negative 0% HEFAS positive 19km web: no specific flood news found for this year
Vancouver_acetylene_plant,0,0.0,,1,65.0,2021-12,1,15.3,49.0,-123.10999,49.207648,,0.0,False,0.0,0.0,,Low likelihood. GFM negative 0% HEFAS negative ?km web: no specific flood news found for this year
Vectren_Energy_Delivery_of_Ohio,0,0.0,,1,68.0,2021-12,1,10.5,49.0,-87.575509,37.973497,,0.0,False,0.0,0.0,,Low likelihood. GFM negative 0% HEFAS negative ?km web: no specific flood news found for this year
Venice,0,0.0,,1,53.0,2021-12,1,22.4,49.0,-90.176401,38.664189,,0.0,False,0.0,0.0,,Low likelihood. GFM negative 0% HEFAS negative ?km web: no specific flood news found for this year
Veolia_ES_Canada_Industrial_Services_Inc.,0,0.0,,1,13.0,2021-12,1,18.7,49.0,-82.189557,42.341776,,0.0,False,0.0,0.0,,Low likelihood. GFM negative 0% HEFAS negative ?km web: no specific flood news found for this year
Veolia_Environmental_Services_BE,0,0.0,,1,75.0,2021-12,1,14.8,49.0,4.395811,51.270403,,0.0,False,-1.6819593787335725,-1.0,25.9,Low likelihood. GFM negative 0% HEFAS negative 26km web: no specific flood news found for this year
Veolia_Keskkonnateenused_AS._T_he_108_j_tmejaam,0,0.0,,1,56.0,2021-12,1,16.4,49.0,26.73267,58.34987,,0.0,False,0.0,0.0,3.4,Low likelihood. GFM negative 0% HEFAS negative 3km web: no specific flood news found for this year
Victor_Sweet_Gas_Plant_06-17-071-01W5,0,0.0,,1,76.0,2021-12,1,15.5,49.0,-114.118914,55.145566,,0.0,False,0.0,0.0,,Low likelihood. GFM negative 0% HEFAS negative ?km web: no specific flood news found for this year
Villeroy_Boch_Magyarorsz_g_Kft.,1,6.0,2021-05,1,39.0,2021-12,1,26.3,92.0,20.366404,46.412249,,0.0,False,-0.3333333333333333,0.0,24.3,Medium likelihood. GFM positive 6% HEFAS negative 24km web: no specific flood news found for this year
Volvo_Lastvagnar_AB._Ume,1,5.0,2021-03_2021-04,1,46.0,2021-12,1,22.5,98.0,20.218661,63.822925,,4.0,True,0.007168458781362,2.0,33.5,High likelihood. GFM positive 5% HEFAS positive 34km web: no specific flood news found for this year
W.A._PARISH_ELECTRIC_GENERATING_STATION,0,0.0,,1,40.0,2021-12,1,12.6,49.0,-95.635836,29.478289,,0.0,False,0.0,0.0,,Low likelihood. GFM negative 0% HEFAS negative ?km web: no specific flood news found for this year
WABASH_NATIONAL,0,0.0,,1,30.0,2021-12,1,17.1,49.0,-94.368582,45.981358,,0.0,False,0.0,0.0,,Low likelihood. GFM negative 0% HEFAS negative ?km web: no specific flood news found for this year
WACKER_CHEMICAL_CORP_POLYMERS_DIV,0,0.0,,1,69.0,2021-12,1,15.0,49.0,-88.349339,37.044815,,0.0,False,0.0,0.0,,Low likelihood. GFM negative 0% HEFAS negative ?km web: no specific flood news found for this year
WACO_HOT_MIX_PLANT,0,0.0,,1,6.0,2021-12,1,21.8,49.0,-97.079465,31.530548,,0.0,False,0.0,0.0,,Low likelihood. GFM negative 0% HEFAS negative ?km web: no specific flood news found for this year
WASTE_MANAGEMENT_OF_LA_LLC_RELIABLE_LANDFILL,1,5.0,2021-05_2021-10,1,28.0,2021-12,1,30.1,94.0,-91.530503,30.576535,,0.0,False,0.0,0.0,,Medium likelihood. GFM positive 5% HEFAS negative ?km web: no specific flood news found for this year
WASTE_MANAGEMENT_OF_TUNICA_LANDFILL_INC,1,6.0,2021-01_2021-03,1,17.0,2021-12,1,30.3,89.0,-90.248344,34.787691,,0.0,False,0.0,0.0,,Medium likelihood. GFM positive 6% HEFAS negative ?km web: no specific flood news found for this year
WASTE_MGMT_OF_OK_EAST_OAK_LNDFLL,0,0.0,,1,54.0,2021-12,1,20.2,49.0,-97.418919,35.508525,,0.0,False,0.0,0.0,,Low likelihood. GFM negative 0% HEFAS negative ?km web: no specific flood news found for this year
WATERFORD_1-3_COMPLEX,0,0.0,,1,50.0,2021-12,1,15.1,49.0,-90.476866,30.00056,,0.0,False,0.0,0.0,,Low likelihood. GFM negative 0% HEFAS negative ?km web: no specific flood news found for this year
WENATCHEE_SAND_GRAVEL,0,0.0,,1,70.0,2021-12,1,10.7,49.0,-120.299819,47.406257,,0.0,False,0.0,0.0,,Low likelihood. GFM negative 0% HEFAS negative ?km web: no specific flood news found for this year
WESTLAKE_PVC_CORP,0,0.0,,1,70.0,2021-12,1,15.3,49.0,-88.350544,37.045835,,0.0,False,0.0,0.0,,Low likelihood. GFM negative 0% HEFAS negative ?km web: no specific flood news found for this year
WESTLAKE_VINYLS_CO,0,0.0,,1,60.0,2021-12,1,17.9,49.0,-91.011144,30.208605,,0.0,False,0.0,0.0,,Low likelihood. GFM negative 0% HEFAS negative ?km web: no specific flood news found for this year
WESTLAKE_VINYLS_INC_0,0,0.0,,1,72.0,2021-12,1,13.4,49.0,-88.334166,37.051147,,0.0,False,0.0,0.0,,Low likelihood. GFM negative 0% HEFAS negative ?km web: no specific flood news found for this year
WESTLAKE_VINYLS_INC_1,0,0.0,,1,67.0,2021-12,1,16.7,49.0,-88.327065,37.046577,,0.0,False,0.0,0.0,,Low likelihood. GFM negative 0% HEFAS negative ?km web: no specific flood news found for this year
WESTROCK_CHATTANOOGA_TN_MILL,0,0.0,,1,76.0,2021-12,1,9.0,49.0,-85.323294,35.061291,,0.0,False,0.0,0.0,,Low likelihood. GFM negative 0% HEFAS negative ?km web: no specific flood news found for this year
WESTROCK_CONVERTING_CO_LLC_STROUDSBURG_MILL,0,0.0,,1,90.0,2021-12,1,9.6,49.0,-75.146472,40.999317,,0.0,False,0.0,0.0,,Low likelihood. GFM negative 0% HEFAS negative ?km web: no specific flood news found for this year
WESTROCK_CP_LLC,0,0.0,,1,76.0,2021-12,1,10.9,49.0,-81.862996,40.279836,,0.0,False,0.0,0.0,,Low likelihood. GFM negative 0% HEFAS negative ?km web: no specific flood news found for this year
WESTROCK_KRAFT_PAPER_LLC,0,0.0,,1,54.0,2021-12,1,12.4,49.0,-77.643155,36.47608,,0.0,False,0.0,0.0,,Low likelihood. GFM negative 0% HEFAS negative ?km web: no specific flood news found for this year
WESTROCK_LONGVIEW_LLC_0,0,0.0,,1,47.0,2021-12,1,20.5,49.0,-122.921665,46.10365,,0.0,False,0.0,0.0,,Low likelihood. GFM negative 0% HEFAS negative ?km web: no specific flood news found for this year
WESTROCK_LONGVIEW_LLC_1,1,2.0,2021-07,1,26.0,2021-12,1,22.1,80.0,-122.92661,46.107507,,0.0,False,0.0,0.0,,Medium likelihood. GFM positive 2% HEFAS negative ?km web: no specific flood news found for this year
WESTROCK_MILL_CO_LLC,0,0.0,,1,49.0,2021-12,1,12.1,49.0,-87.977089,32.453803,,0.0,False,0.0,0.0,,Low likelihood. GFM negative 0% HEFAS negative ?km web: no specific flood news found for this year
WESTROCK_SEVEN_HILLS_LLC,0,0.0,,1,94.0,2021-12,1,5.9,49.0,-79.127619,37.403322,,0.0,False,0.0,0.0,,Low likelihood. GFM negative 0% HEFAS negative ?km web: no specific flood news found for this year
WESTSIDE_GALVANIZING_SERVICES_INC,0,0.0,,1,39.0,2021-12,1,20.4,49.0,-91.226851,30.499256,,0.0,False,0.0,0.0,,Low likelihood. GFM negative 0% HEFAS negative ?km web: no specific flood news found for this year
WEYERHAEUSER_NR,0,0.0,,1,32.0,2021-12,1,16.1,49.0,-114.287486,48.23015,,0.0,False,0.0,0.0,,Low likelihood. GFM negative 0% HEFAS negative ?km web: no specific flood news found for this year
WEYERHAEUSER_NR_-_LONGVIEW_LUMBER,0,0.0,,1,64.0,2021-12,1,19.7,49.0,-122.970986,46.125796,,0.0,False,0.0,0.0,,Low likelihood. GFM negative 0% HEFAS negative ?km web: no specific flood news found for this year
WEYERHAEUSER_NR_CO_-_LUMBER_TECHNOLOGIES,0,0.0,,1,32.0,2021-12,1,15.1,49.0,-76.79055,35.85881,,0.0,False,0.0,0.0,,Low likelihood. GFM negative 0% HEFAS negative ?km web: no specific flood news found for this year
WHEATLAND_CONCRETE,0,0.0,2021-05,1,32.0,2021-12,1,26.0,68.0,-123.028664,45.093595,,0.0,False,0.0,0.0,,Low likelihood. GFM negative 0% HEFAS negative ?km web: no specific flood news found for this year
WIENERBERGER_0,0,0.0,,1,46.0,2021-12,1,17.6,49.0,5.793662,51.101924,,0.0,False,-2.0,-2.0,6.4,Low likelihood. GFM negative 0% HEFAS negative 6km web: no specific flood news found for this year
WIENERBERGER_1,0,0.0,,1,58.0,2021-12,1,22.8,49.0,4.411716,51.081144,,0.0,False,-1.4238948626045398,-1.0,13.8,Low likelihood. GFM negative 0% HEFAS negative 14km web: no specific flood news found for this year
WIENERBERGER_2,0,0.0,,1,46.0,2021-12,1,18.4,49.0,5.795874,51.102282,,0.0,False,-2.0,-2.0,6.3,Low likelihood. GFM negative 0% HEFAS negative 6km web: no specific flood news found for this year
WIENERBERGER_SAS_0,0,0.0,,1,36.0,2021-12,1,21.9,49.0,4.930432,44.01011,,0.0,False,-1.0,-1.0,33.3,Low likelihood. GFM negative 0% HEFAS negative 33km web: no specific flood news found for this year
WIENERBERGER_SAS_1,0,0.0,,1,77.0,2021-12,1,18.4,49.0,-0.24712,47.671265,,0.0,False,-1.0,-1.0,0.2,Low likelihood. GFM negative 0% HEFAS negative 0km web: no specific flood news found for this year
WIENERBERGER_Zrt._0,0,0.0,,1,27.0,2021-12,1,21.8,49.0,17.239827,47.608013,,0.0,False,-0.07168458781362,0.0,35.3,Low likelihood. GFM negative 0% HEFAS negative 35km web: no specific flood news found for this year
WIENERBERGER_Zrt._1,1,5.0,2021-05,1,6.0,2021-12,1,30.1,86.0,21.387437,47.930812,,68.0,True,0.3407578084997439,4.0,25.0,High likelihood. GFM positive 5% HEFAS positive 25km web: no specific flood news found for this year
WOODENHOUSE_01-29-086-23W4,0,0.0,,1,30.0,2021-12,1,26.5,49.0,-113.591011,56.480924,,0.0,False,0.0,0.0,,Low likelihood. GFM negative 0% HEFAS negative ?km web: no specific flood news found for this year
WOODENHOUSE_04-29-086-23W4,0,0.0,,1,2.0,2021-12,1,25.7,49.0,-113.610645,56.480901,,0.0,False,0.0,0.0,,Low likelihood. GFM negative 0% HEFAS negative ?km web: no specific flood news found for this year
WOODENHOUSE_100_06-20-086-23W400,0,0.0,,1,47.0,2021-12,1,24.1,49.0,-113.603971,56.469911,,0.0,False,0.0,0.0,,Low likelihood. GFM negative 0% HEFAS negative ?km web: no specific flood news found for this year
WOODENHOUSE_102_06-29-086-23W4_00,0,0.0,,1,5.0,2021-12,1,25.8,49.0,-113.604056,56.484587,,0.0,False,0.0,0.0,,Low likelihood. GFM negative 0% HEFAS negative ?km web: no specific flood news found for this year
WOODENHOUSE_11-17-086-23W4,0,0.0,,1,40.0,2021-12,1,22.9,49.0,-113.604022,56.459073,,0.0,False,0.0,0.0,,Low likelihood. GFM negative 0% HEFAS negative ?km web: no specific flood news found for this year
WOODENHOUSE_13-29-86-23W4,0,0.0,,1,4.0,2021-12,1,26.0,49.0,-113.610597,56.491739,,0.0,False,0.0,0.0,,Low likelihood. GFM negative 0% HEFAS negative ?km web: no specific flood news found for this year
WOODENHOUSE_2-17-086-23W4,0,0.0,,1,55.0,2021-12,1,20.9,49.0,-113.597609,56.451813,,0.0,False,0.0,0.0,,Low likelihood. GFM negative 0% HEFAS negative ?km web: no specific flood news found for this year
WOODENHOUSE_2-5-87-23W4,0,0.0,,1,11.0,2021-12,1,24.3,49.0,-113.628093,56.507776,,0.0,False,0.0,0.0,,Low likelihood. GFM negative 0% HEFAS negative ?km web: no specific flood news found for this year
WOODENHOUSE_9-20-086-23W4,0,0.0,,1,62.0,2021-12,1,24.8,49.0,-113.59105,56.473576,,0.0,False,0.0,0.0,,Low likelihood. GFM negative 0% HEFAS negative ?km web: no specific flood news found for this year
WOODENHOUSE_P30_16-29-086-23W4,0,0.0,,1,23.0,2021-12,1,25.4,49.0,-113.590957,56.491762,,0.0,False,0.0,0.0,,Low likelihood. GFM negative 0% HEFAS negative ?km web: no specific flood news found for this year
WOODENHOUSE_P32_09-32-086-23W4,0,0.0,,1,18.0,2021-12,1,23.4,49.0,-113.591062,56.50258,,0.0,False,0.0,0.0,,Low likelihood. GFM negative 0% HEFAS negative ?km web: no specific flood news found for this year
WOODENHOUSE_PAD_17_12-29-86-23W4,0,0.0,,1,6.0,2021-12,1,25.6,49.0,-113.610573,56.488162,,0.0,False,0.0,0.0,,Low likelihood. GFM negative 0% HEFAS negative ?km web: no specific flood news found for this year
WOODWARD_INC,0,0.0,,1,59.0,2021-12,1,14.4,49.0,-89.055548,42.304221,,0.0,False,0.0,0.0,,Low likelihood. GFM negative 0% HEFAS negative ?km web: no specific flood news found for this year
WORTHINGTON_CYLINDERS_KANSAS_LLC,1,8.0,2021-03_2021-04_2021-05_2021-06,1,15.0,2021-12,1,32.1,100.0,-97.481372,37.783926,,0.0,False,0.0,0.0,,Medium likelihood. GFM positive 8% HEFAS negative ?km web: no specific flood news found for this year
WORTHINGTON_INDUSTRIES_PADUCAH,0,0.0,,1,66.0,2021-12,1,21.8,49.0,-88.568759,37.048317,,0.0,False,0.0,0.0,,Low likelihood. GFM negative 0% HEFAS negative ?km web: no specific flood news found for this year
W_A_Parish,0,0.0,,1,40.0,2021-12,1,12.6,49.0,-95.635836,29.478289,,0.0,False,0.0,0.0,,Low likelihood. GFM negative 0% HEFAS negative ?km web: no specific flood news found for this year
Wacker_Chemie_AG,0,0.0,,1,65.0,2021-12,1,15.9,49.0,6.951602,51.021484,,26.0,True,0.0733486943164362,4.0,9.4,Medium likelihood. GFM negative 0% HEFAS positive 9km web: no specific flood news found for this year
Wapiti_Compressor_Station_06-10-069-10W6,0,0.0,,1,78.0,2021-12,1,18.1,49.0,-119.43878,54.958823,,0.0,False,0.0,0.0,,Low likelihood. GFM negative 0% HEFAS negative ?km web: no specific flood news found for this year
Waterford_1_2,0,0.0,,1,53.0,2021-12,1,15.1,49.0,-90.47585,29.999396,,0.0,False,0.0,0.0,,Low likelihood. GFM negative 0% HEFAS negative ?km web: no specific flood news found for this year
Weleetka_Power_Station,0,0.0,,1,73.0,2021-12,1,14.4,49.0,-96.13602,35.324601,,0.0,False,0.0,0.0,,Low likelihood. GFM negative 0% HEFAS negative ?km web: no specific flood news found for this year
West_Windsor_Power,0,0.0,,1,31.0,2021-12,1,18.8,49.0,-83.087642,42.280657,,0.0,False,0.0,0.0,,Low likelihood. GFM negative 0% HEFAS negative ?km web: no specific flood news found for this year
Whitecap_Grouard_02-13-075-15W5M,1,44.0,2021-01_2021-02_2021-03_2021-08_2021-09_2021-10_2021-11,1,30.0,2021-12,1,48.9,100.0,-116.186433,55.491185,,0.0,False,0.0,0.0,,Medium likelihood. GFM positive 44% HEFAS negative ?km web: No clear local flood reports for this year; possible ice-jam/ponding.
Whitecap_Grouard_07-18-075-15W5M,1,79.0,2021-01_2021-02_2021-03_2021-04_2021-09_2021-10_2021-11,0,0.0,2021-12,1,63.6,100.0,-116.320018,55.494684,,0.0,False,0.0,0.0,,Medium likelihood. GFM positive 79% HEFAS negative ?km web: No clear local flood reports for this year; possible ice-jam/ponding.
Whitehorse_International_Airport,0,0.0,,1,81.0,2021-12,1,15.8,49.0,-135.070202,60.71258,,0.0,False,0.0,0.0,,Low likelihood. GFM negative 0% HEFAS negative ?km web: no specific flood news found for this year
Wienerberger_Ltd,1,21.0,2021-01_2021-02_2021-05_2021-06,1,16.0,2021-12,1,38.5,100.0,-0.698757,53.736553,,0.0,False,-2.0,-2.0,5.2,Medium likelihood. GFM positive 21% HEFAS negative 5km web: no specific flood news found for this year
Wienerberger_T_glaipari_Zrt.,1,8.0,2021-05,1,18.0,2021-12,1,34.7,96.0,20.588423,47.015214,,12.0,True,-0.6430491551459293,2.0,11.6,High likelihood. GFM positive 8% HEFAS positive 12km web: no specific flood news found for this year
Wilga_Park_Power_Station,0,0.0,,1,1.0,2021-12,1,30.3,49.0,149.403043,-30.213964,,0.0,False,0.0,0.0,,Low likelihood. GFM negative 0% HEFAS negative ?km web: no specific flood news found for this year
Windmill_Oilfield,0,0.0,,1,48.0,2021-12,1,20.9,49.0,139.381635,-27.934671,,0.0,False,0.0,0.0,,Low likelihood. GFM negative 0% HEFAS negative ?km web: no specific flood news found for this year
Winnipeg_North,0,0.0,,1,54.0,2021-12,1,16.9,49.0,-97.198854,49.905723,,0.0,False,0.0,0.0,,Low likelihood. GFM negative 0% HEFAS negative ?km web: no specific flood news found for this year
Winnipeg_South,0,0.0,,1,47.0,2021-12,1,20.3,49.0,-97.173913,49.828064,,0.0,False,0.0,0.0,,Low likelihood. GFM negative 0% HEFAS negative ?km web: no specific flood news found for this year
Winnipeg_Terminal,0,0.0,,1,49.0,2021-12,1,22.4,49.0,-97.046432,49.981548,,0.0,False,0.0,0.0,,Low likelihood. GFM negative 0% HEFAS negative ?km web: no specific flood news found for this year
Wisconsin_Public_Service_Corporation,0,0.0,,1,77.0,2019-12,1,16.7,49.0,-88.011582,44.518415,,0.0,False,0.0,0.0,,Low likelihood. GFM negative 0% HEFAS negative ?km web: no specific flood news found for this year
Woodenhouse_11-29-86-23w4,0,0.0,,1,5.0,2021-12,1,26.0,49.0,-113.604043,56.488076,,0.0,False,0.0,0.0,,Low likelihood. GFM negative 0% HEFAS negative ?km web: no specific flood news found for this year
Woodenhouse_Bitumen_Battery_03-29-086-23W4,0,0.0,,1,8.0,2021-12,1,25.8,49.0,-113.603995,56.480923,,0.0,False,0.0,0.0,,Low likelihood. GFM negative 0% HEFAS negative ?km web: no specific flood news found for this year
Woodenhouse_Bitumen_Battery_11-20-086-23W4,0,0.0,,1,28.0,2021-12,1,25.1,49.0,-113.60419,56.473555,,0.0,False,0.0,0.0,,Low likelihood. GFM negative 0% HEFAS negative ?km web: no specific flood news found for this year
Wrigley_Station,1,20.0,2021-04_2021-05_2021-11,1,57.0,2021-12,1,20.3,100.0,-123.385938,63.193951,,0.0,False,0.0,0.0,,Medium likelihood. GFM positive 20% HEFAS negative ?km web: no specific flood news found for this year
XCEL_ENERGY_BLACK_DOG_GENERATING_PLANT,1,2.0,2021-02,1,40.0,2021-12,1,10.6,78.0,-93.250264,44.810611,,0.0,False,0.0,0.0,,Medium likelihood. GFM positive 2% HEFAS negative ?km web: no specific flood news found for this year
XCEL_ENERGY_RIVERSIDE_GENERATING_PLANT,0,0.0,,1,46.0,2021-12,1,13.1,49.0,-93.274317,45.02004,,0.0,False,0.0,0.0,,Low likelihood. GFM negative 0% HEFAS negative ?km web: no specific flood news found for this year
YALE_SECURITY_INC._-_YALE_COMMERCIAL_FACILITY,0,0.0,,1,72.0,2021-12,1,9.7,49.0,-84.265654,35.787619,,0.0,False,0.0,0.0,,Low likelihood. GFM negative 0% HEFAS negative ?km web: no specific flood news found for this year
YARA_ITALIA_SPA_-_STABILIMENTO_DI_FERRARA_0,0,0.0,,1,52.0,2021-12,1,16.8,49.0,11.592112,44.856041,,4.0,True,0.010752688172043,4.0,3.8,Medium likelihood. GFM negative 0% HEFAS positive 4km web: Po Valley high water mid-Nov 2019 (Rovigo cleanup 2019-11-18) https://video.storyful.com/record/467
YARA_ITALIA_SPA_-_STABILIMENTO_DI_FERRARA_1,0,0.0,,1,52.0,2021-12,1,16.8,49.0,11.592112,44.856041,,4.0,True,0.010752688172043,4.0,3.8,Medium likelihood. GFM negative 0% HEFAS positive 4km web: Po Valley high water mid-Nov 2019 (Rovigo cleanup 2019-11-18) https://video.storyful.com/record/467
Yara_Vlaardingen_BV_0,0,0.0,,1,20.0,2021-12,1,19.8,49.0,4.325612,51.898786,,0.0,False,-2.0,-2.0,84.2,Low likelihood. GFM negative 0% HEFAS negative 84km web: no specific flood news found for this year
Yara_Vlaardingen_BV_1,0,0.0,,1,20.0,2021-12,1,19.8,49.0,4.325612,51.898786,,0.0,False,-2.0,-2.0,84.2,Low likelihood. GFM negative 0% HEFAS negative 84km web: no specific flood news found for this year
ZOETIS_LLC,0,0.0,,1,88.0,2021-12,1,5.8,49.0,-81.313491,39.35332,,0.0,False,0.0,0.0,,Low likelihood. GFM negative 0% HEFAS negative ?km web: no specific flood news found for this year
iLevel_by_Weyerhaeuser_Vancouver_Plant,0,0.0,,1,59.0,2021-12,1,14.8,49.0,-122.946368,49.163774,,0.0,False,0.0,0.0,,Low likelihood. GFM negative 0% HEFAS negative ?km web: no specific flood news found for this year
in_p_ship_with_Vacuum_Oil_Co._t_a_CSR_Emoleum_0,0,0.0,,1,33.0,2021-12,1,32.5,49.0,146.890218,-36.106997,,0.0,False,0.0,0.0,,Low likelihood. GFM negative 0% HEFAS negative ?km web: no specific flood news found for this year
in_p_ship_with_Vacuum_Oil_Co._t_a_CSR_Emoleum_1,1,15.0,2021-01_2021-02_2021-10,1,18.0,2021-12,1,39.8,100.0,145.307241,-36.356466,,0.0,False,0.0,0.0,,Medium likelihood. GFM positive 15% HEFAS negative ?km web: no specific flood news found for this year
,0,0.0,,1,24.0,2021-12,1,17.0,49.0,-105.547724,50.391298,,,False,,,,Low likelihood. GFM negative 0% HEFAS negative ?km web: no specific flood news found for this year
thyssenkrupp_Steel_Europe_AG_Werk_H_ttenheim,0,0.0,,1,68.0,2021-12,1,11.5,32.0,6.712974,51.364204,,19.0,True,0.0593958013312851,4.0,10.2,Medium likelihood. GFM negative 0% HEFAS positive 10km web: no specific flood news found for this year
thyssenkrupp_Steel_Europe_AG_Werk_Kokerei_Schwelgern,1,3.0,2021-02_2021-07,1,78.0,2021-12,1,19.7,100.0,6.72893,51.501021,,19.0,True,0.0583077316948284,5.0,5.1,High likelihood. GFM positive 3% HEFAS positive 5km web: no specific flood news found for this year
thyssenkrupp_Steel_Europe_AG_Werk_Ruhrort,0,0.0,,1,67.0,2021-12,1,18.6,49.0,6.731026,51.460316,,19.0,True,0.0583077316948284,5.0,0.6,Medium likelihood. GFM negative 0% HEFAS positive 1km web: no specific flood news found for this year
voestalpine_Automotive_Components_Bunschoten_B.V.,0,0.0,,1,40.0,2021-12,1,18.7,49.0,5.372643,52.227976,,7.0,True,-0.6527777777777778,2.0,66.1,Medium likelihood. GFM negative 0% HEFAS positive 66km web: no specific flood news found for this year
voestalpine_Giesserei_Linz_GmbH,0,0.0,,1,75.0,2021-12,1,14.6,49.0,14.343467,48.275071,,2.0,True,-0.0053763440860215,2.0,26.5,Medium likelihood. GFM negative 0% HEFAS positive 26km web: no specific flood news found for this year
voestalpine_Stahl_GmbH_0,0,0.0,,1,64.0,2021-12,1,17.3,49.0,14.342935,48.281995,,2.0,True,-0.0053763440860215,2.0,27.2,Medium likelihood. GFM negative 0% HEFAS positive 27km web: no specific flood news found for this year
voestalpine_Stahl_GmbH_1,0,0.0,,1,63.0,2021-12,1,17.6,49.0,14.3401,48.284007,,2.0,True,-0.0053763440860215,2.0,27.5,Medium likelihood. GFM negative 0% HEFAS positive 28km web: no specific flood news found for this year
voestalpine_Wire_Austria_GmbH,0,0.0,,1,69.0,2021-12,1,10.3,49.0,15.277811,47.410754,,0.0,False,-0.007168458781362,0.0,0.3,Low likelihood. GFM negative 0% HEFAS negative 0km web: no specific flood news found for this year
