facility,flood_present,flood_pct,flood_months,exclusion_present,exclusion_pct,exclusion_suffix,likelihood_present,likelihood_mean,likelihood_max,lon,lat,HEFAS_months,HEFAS_flood_days_any,HEFAS_any_flood_any,HEFAS_level_mean,HEFAS_level_max,HEFAS_min_dist_km,AI observation
3M_CO-VALLEY,1,15.0,2022-02_2022-07_2022-08_2022-10_2022-11_2022-12,1,17.0,2022-12,1,28.4,98.0,-96.33793,41.30694,,0.0,False,0.0,0.0,,Medium likelihood. GFM positive 15% HEFAS negative ?km web: no specific flood news found for this year
3M_CO_-_WAUSAU_DOWNTOWN,0,0.0,2022-10_2022-11,1,66.0,2022-12,1,13.0,100.0,-89.637722,44.950111,,0.0,False,0.0,0.0,,Low likelihood. GFM negative 0% HEFAS negative ?km web: no specific flood news found for this year
3M_CO_DBA_3M_CLINTON,0,0.0,2022-05,1,81.0,2022-12,1,12.0,92.0,-84.106226,36.095239,,0.0,False,0.0,0.0,,Low likelihood. GFM negative 0% HEFAS negative ?km web: no specific flood news found for this year
3M_Wroc_aw_IATD,1,1.0,2022-02_2022-05_2022-06,1,47.0,2022-12,1,25.7,87.0,17.125009,51.124939,,2.0,True,-1.3297491039426523,2.0,5.0,High likelihood. GFM positive 1% HEFAS positive 5km web: no specific flood news found for this year
3P_PROCESSING_LLC,0,0.0,,1,50.0,2022-12,1,14.4,49.0,-97.383264,37.663307,,0.0,False,0.0,0.0,,Low likelihood. GFM negative 0% HEFAS negative ?km web: no specific flood news found for this year
409_-_RED_WING_OILSEEDS_PLANT,0,0.0,,1,70.0,2022-12,1,14.7,49.0,-92.533275,44.568294,,0.0,False,0.0,0.0,,Low likelihood. GFM negative 0% HEFAS negative ?km web: no specific flood news found for this year
AAON_INC,0,0.0,,1,54.0,2022-12,1,16.6,49.0,-96.015918,36.126186,,0.0,False,0.0,0.0,,Low likelihood. GFM negative 0% HEFAS negative ?km web: no specific flood news found for this year
AAR_LANDING_GEAR_SERVICES,1,1.0,2022-05,1,45.0,2022-12,1,12.1,83.0,-80.349173,25.86385,,0.0,False,0.0,0.0,,Medium likelihood. GFM positive 1% HEFAS negative ?km web: no specific flood news found for this year
ABBOTT_LABORATORIES,0,0.0,,1,95.0,2022-12,1,5.7,49.0,-79.267743,37.130566,,0.0,False,0.0,0.0,,Low likelihood. GFM negative 0% HEFAS negative ?km web: no specific flood news found for this year
ABB_MOTORS_MECHANICAL_INC.,0,0.0,,1,81.0,2022-12,1,10.5,49.0,-88.440849,33.478234,,0.0,False,0.0,0.0,,Low likelihood. GFM negative 0% HEFAS negative ?km web: no specific flood news found for this year
ABB_SI_Beloeil,1,5.0,2022-03,1,17.0,2022-12,1,37.3,100.0,-73.227363,45.594959,,0.0,False,0.0,0.0,,Medium likelihood. GFM positive 5% HEFAS negative ?km web: no specific flood news found for this year
ABGS0154260_Pipestone_South_Gas_Battery_14-17,1,19.0,2022-01_2022-02_2022-03_2022-04_2022-05_2022-06_2022-07_2022-09_2022-11_2022-12,1,56.0,2022-12,1,27.5,100.0,-119.186002,55.066964,,0.0,False,0.0,0.0,,Medium likelihood. GFM positive 19% HEFAS negative ?km web: no specific flood news found for this year
ACME_BRICK_CO-BENNETT_PLANT,0,0.0,,1,72.0,2022-12,1,12.2,49.0,-98.049458,32.718637,,0.0,False,0.0,0.0,,Low likelihood. GFM negative 0% HEFAS negative ?km web: no specific flood news found for this year
ACRA_AEROSPACE,0,0.0,,1,58.0,2022-12,1,13.1,49.0,-117.887122,33.856405,,0.0,False,0.0,0.0,,Low likelihood. GFM negative 0% HEFAS negative ?km web: no specific flood news found for this year
ACTAGRO_LLC,1,21.0,2022-01_2022-02_2022-03_2022-04_2022-05_2022-07_2022-09_2022-10,1,17.0,2022-12,1,41.3,100.0,-89.98921,35.690089,,0.0,False,0.0,0.0,,Medium likelihood. GFM positive 21% HEFAS negative ?km web: no specific flood news found for this year
ADM,1,1.0,2022-01_2022-02_2022-12,1,54.0,2022-12,1,17.2,94.0,-96.498687,41.430588,,0.0,False,0.0,0.0,,Medium likelihood. GFM positive 1% HEFAS negative ?km web: no specific flood news found for this year
ADM_ALLIANCE_NUTRITION_INC,1,19.0,2022-01_2022-02_2022-03_2022-04_2022-05_2022-06_2022-07_2022-08_2022-10_2022-11_2022-12,1,29.0,2022-12,1,35.1,100.0,-99.987945,40.854695,,0.0,False,0.0,0.0,,Medium likelihood. GFM positive 19% HEFAS negative ?km web: no specific flood news found for this year
ADM_ANIMAL_NUTRITION_INC,1,23.0,2022-01_2022-02_2022-03_2022-04_2022-10_2022-11_2022-12,1,5.0,2022-12,1,41.8,100.0,-97.252439,41.436602,,0.0,False,0.0,0.0,,Medium likelihood. GFM positive 23% HEFAS negative ?km web: no specific flood news found for this year
ADM_PROCESSING,1,4.0,2022-03_2022-04_2022-10_2022-11,1,58.0,2022-12,1,27.2,99.0,-100.924817,48.062136,,0.0,False,0.0,0.0,,Medium likelihood. GFM positive 4% HEFAS negative ?km web: no specific flood news found for this year
ADM_QUINCY,0,0.0,,1,56.0,2022-12,1,18.1,49.0,-91.410563,39.903906,,0.0,False,0.0,0.0,,Low likelihood. GFM negative 0% HEFAS negative ?km web: no specific flood news found for this year
AES_BEAVER_VALLEY_LLC,0,0.0,,1,87.0,2022-12,1,5.4,49.0,-80.349455,40.655576,,0.0,False,0.0,0.0,,Low likelihood. GFM negative 0% HEFAS negative ?km web: no specific flood news found for this year
AES_Huntington_Beach,0,0.0,,1,33.0,2022-12,1,17.6,49.0,-117.97878,33.643568,,0.0,False,0.0,0.0,,Low likelihood. GFM negative 0% HEFAS negative ?km web: no specific flood news found for this year
AFTON_CHEMICAL_CORP_0,0,0.0,,1,67.0,2022-12,1,17.5,49.0,-90.167423,38.602625,,0.0,False,0.0,0.0,,Low likelihood. GFM negative 0% HEFAS negative ?km web: no specific flood news found for this year
AFTON_CHEMICAL_CORP_1,0,0.0,,1,68.0,2022-12,1,19.4,49.0,-90.172906,38.600597,,0.0,False,0.0,0.0,,Low likelihood. GFM negative 0% HEFAS negative ?km web: no specific flood news found for this year
AGILENT_TECHNOLOGIES_INC,0,0.0,,1,79.0,2022-12,1,11.4,49.0,-121.186933,38.652821,,0.0,False,0.0,0.0,,Low likelihood. GFM negative 0% HEFAS negative ?km web: no specific flood news found for this year
AGRANA_St_rke_GmbH,0,0.0,2022-05,1,42.0,2022-12,1,20.3,77.0,14.014991,48.362391,,9.0,True,0.0272998805256869,2.0,24.6,Medium likelihood. GFM negative 0% HEFAS positive 25km web: no specific flood news found for this year
AGRANA_Zucker_GmbH_0,1,8.0,2022-04_2022-05,1,10.0,2022-12,1,38.3,100.0,16.702782,48.243038,,6.0,True,0.0185185185185185,4.0,16.1,High likelihood. GFM positive 8% HEFAS positive 16km web: no specific flood news found for this year
AGRANA_Zucker_GmbH_1,1,1.0,2022-03_2022-05,1,33.0,2022-12,1,26.2,86.0,16.038455,48.324787,,6.0,True,0.0183393070489844,2.0,21.8,High likelihood. GFM positive 1% HEFAS positive 22km web: no specific flood news found for this year
AGRANA_Zucker_GmbH_2,1,8.0,2022-04_2022-05,1,10.0,2022-12,1,38.3,100.0,16.702782,48.243038,,6.0,True,0.0185185185185185,4.0,16.1,High likelihood. GFM positive 8% HEFAS positive 16km web: no specific flood news found for this year
AGRANA_Zucker_GmbH_3,1,1.0,2022-03_2022-05,1,33.0,2022-12,1,26.2,86.0,16.038455,48.324787,,6.0,True,0.0183393070489844,2.0,21.8,High likelihood. GFM positive 1% HEFAS positive 22km web: no specific flood news found for this year
AGRIUM_US_INC,1,6.0,2022-04_2022-05_2022-06_2022-07_2022-10,1,25.0,2022-12,1,26.8,96.0,-89.569141,36.531375,,0.0,False,0.0,0.0,,Medium likelihood. GFM positive 6% HEFAS negative ?km web: no specific flood news found for this year
AGRIUM_US_INC_KENNEWICK_FERTILIZER_OPERATION,0,0.0,,1,20.0,2022-12,1,9.6,49.0,-119.017208,46.165999,,0.0,False,0.0,0.0,,Low likelihood. GFM negative 0% HEFAS negative ?km web: no specific flood news found for this year
AIR_LIQUIDE_FRANCE_INDUSTRIE_0,1,1.0,2022-04,1,63.0,2022-12,1,16.8,97.0,4.769974,45.344372,,0.0,False,-1.0,-1.0,51.1,Medium likelihood. GFM positive 1% HEFAS negative 51km web: no specific flood news found for this year
AIR_LIQUIDE_FRANCE_INDUSTRIE_1,0,0.0,2022-04,1,60.0,2022-12,1,13.5,57.0,4.845035,45.689149,,0.0,False,-1.0,-1.0,22.5,Low likelihood. GFM negative 0% HEFAS negative 22km web: no specific flood news found for this year
AIR_PRODUCTS_AND_CHEMICALS_INCORPORATED,0,0.0,,1,47.0,2022-12,1,17.6,49.0,-121.398877,38.529727,,0.0,False,0.0,0.0,,Low likelihood. GFM negative 0% HEFAS negative ?km web: no specific flood news found for this year
AIR_PRODUCTS_AND_CHEMICALS_INC_-_GARYVILLE,0,0.0,,1,96.0,2022-12,1,15.3,34.0,-90.648894,30.099607,,0.0,False,0.0,0.0,,Low likelihood. GFM negative 0% HEFAS negative ?km web: no specific flood news found for this year
AIR_PRODUCTS_CHEMCIALS_INC_NORCO_SMR,0,0.0,,1,60.0,2022-12,1,16.6,49.0,-90.408777,30.016851,,0.0,False,0.0,0.0,,Low likelihood. GFM negative 0% HEFAS negative ?km web: no specific flood news found for this year
AIR_PRODUCTS_CHEMICALS_INC,0,0.0,,1,64.0,2022-12,1,16.1,49.0,-90.993778,30.205824,,0.0,False,0.0,0.0,,Low likelihood. GFM negative 0% HEFAS negative ?km web: no specific flood news found for this year
AIR_PRODUCTS_CHEMICALS_INC.,0,0.0,,1,61.0,2022-12,1,12.0,49.0,-74.783366,40.191615,,0.0,False,0.0,0.0,,Low likelihood. GFM negative 0% HEFAS negative ?km web: no specific flood news found for this year
AIR_PRODUCTS_CHEMICALS_INC_-_CONVENT_SMR,0,0.0,2022-07,1,48.0,2022-12,1,20.4,82.0,-90.884025,30.108147,,0.0,False,0.0,0.0,,Low likelihood. GFM negative 0% HEFAS negative ?km web: no specific flood news found for this year
AIR_PRODUCTS_CHEMICALS_INC_-_GARYVILLE_SMR,0,0.0,,1,36.0,2022-12,1,17.4,49.0,-90.58815,30.062725,,0.0,False,0.0,0.0,,Low likelihood. GFM negative 0% HEFAS negative ?km web: no specific flood news found for this year
AIR_PRODUCTS_CHEMICALS_INC_-_Geismar_SMR,0,0.0,,1,71.0,2022-12,1,17.0,49.0,-90.988438,30.183755,,0.0,False,0.0,0.0,,Low likelihood. GFM negative 0% HEFAS negative ?km web: no specific flood news found for this year
AIR_PRODUCTS_CHEMICALS_INC_-_INDUSTRIAL_GAS_PRODUCTION_FACILITY,0,0.0,2022-04,1,45.0,2022-12,1,15.3,91.0,-89.900989,30.022174,,0.0,False,0.0,0.0,,Low likelihood. GFM negative 0% HEFAS negative ?km web: no specific flood news found for this year
AIR_PRODUCTS_CHEMICALS_INC_LULING_SMR,0,0.0,,1,61.0,2022-12,1,17.6,49.0,-90.350777,29.921714,,0.0,False,0.0,0.0,,Low likelihood. GFM negative 0% HEFAS negative ?km web: no specific flood news found for this year
AIR_PRODUCTS_CHEMICALS_INC_NEW_ORLEANS_LA_FACILITY,0,0.0,2022-04,1,61.0,2022-12,1,14.7,91.0,-89.900552,30.029009,,0.0,False,0.0,0.0,,Low likelihood. GFM negative 0% HEFAS negative ?km web: no specific flood news found for this year
AJF_Northern_Processing,0,0.0,,1,72.0,2022-12,1,10.6,49.0,-122.746895,53.88455,,0.0,False,0.0,0.0,,Low likelihood. GFM negative 0% HEFAS negative ?km web: no specific flood news found for this year
AJF_Vancouver,0,0.0,,1,61.0,2022-12,1,15.4,49.0,-122.946539,49.175235,,0.0,False,0.0,0.0,,Low likelihood. GFM negative 0% HEFAS negative ?km web: no specific flood news found for this year
ALCOA_USA_CORP.,0,0.0,2022-02,1,50.0,2022-12,1,9.9,95.0,-74.893531,44.965841,,0.0,False,0.0,0.0,,Low likelihood. GFM negative 0% HEFAS negative ?km web: no specific flood news found for this year
ALEXANDER_BOOSTER,1,7.0,2022-03_2022-04,1,53.0,2022-12,1,24.9,100.0,-110.333545,54.407761,,0.0,False,0.0,0.0,,Medium likelihood. GFM positive 7% HEFAS negative ?km web: no specific flood news found for this year
ALLEGHENY_ENERGY_INC_ARMSTRONG_POWER_STATION,0,0.0,,1,90.0,2022-12,1,4.0,49.0,-79.467114,40.92942,,0.0,False,0.0,0.0,,Low likelihood. GFM negative 0% HEFAS negative ?km web: no specific flood news found for this year
ALLEGHENY_ENERGY_INC_R._PAUL_SMITH_POWER_STATION,0,0.0,,1,77.0,2022-12,1,9.5,49.0,-77.827152,39.595292,,0.0,False,0.0,0.0,,Low likelihood. GFM negative 0% HEFAS negative ?km web: no specific flood news found for this year
ALLEGHENY_LUDLUM_LLC,0,0.0,,1,94.0,2022-12,1,5.8,49.0,-79.6112,40.640039,,0.0,False,0.0,0.0,,Low likelihood. GFM negative 0% HEFAS negative ?km web: no specific flood news found for this year
ALON_REFINING_KROTZ_SPRINGS_INC,0,0.0,,1,76.0,2022-12,1,10.7,49.0,-91.74838,30.526453,,0.0,False,0.0,0.0,,Low likelihood. GFM negative 0% HEFAS negative ?km web: no specific flood news found for this year
AMCOR_MASONRY_PRODUCTS,0,0.0,,1,31.0,2022-12,1,17.3,49.0,-111.933443,40.837434,,0.0,False,0.0,0.0,,Low likelihood. GFM negative 0% HEFAS negative ?km web: no specific flood news found for this year
AMEREN_CORP_GRAND_TOWER_POWER_STATION,1,2.0,2022-04_2022-10,1,56.0,2022-12,1,13.5,88.0,-89.511461,37.658355,,0.0,False,0.0,0.0,,Medium likelihood. GFM positive 2% HEFAS negative ?km web: no specific flood news found for this year
AMEREN_MISSOURI_MERAMEC_ENERGY_CENTER,1,2.0,2022-05_2022-10,1,59.0,2022-12,1,15.3,100.0,-90.335929,38.402148,,0.0,False,0.0,0.0,,Medium likelihood. GFM positive 2% HEFAS negative ?km web: no specific flood news found for this year
AMEREN_MISSOURI_RUSH_ISLAND_ENERGY_CENTER,1,2.0,2022-01_2022-02_2022-03_2022-04_2022-05_2022-06_2022-08_2022-09,1,68.0,2022-12,1,14.0,100.0,-90.262515,38.130584,,0.0,False,0.0,0.0,,Medium likelihood. GFM positive 2% HEFAS negative ?km web: no specific flood news found for this year
AMEREN_MISSOURI_SIOUX_ENERGY_CENTER,0,0.0,,1,30.0,2022-12,1,17.5,49.0,-90.288939,38.915017,,0.0,False,0.0,0.0,,Low likelihood. GFM negative 0% HEFAS negative ?km web: no specific flood news found for this year
AMERICAN_ELECTRIC_POWER_VICTORIA_POWER_STATION,0,0.0,,1,59.0,2022-12,1,22.2,49.0,-97.010522,28.789128,,0.0,False,0.0,0.0,,Low likelihood. GFM negative 0% HEFAS negative ?km web: no specific flood news found for this year
AMERICAN_ROCK_PRODUCTS_HANFORD,0,0.0,,1,62.0,2022-12,1,18.1,49.0,-119.293491,46.317088,,0.0,False,0.0,0.0,,Low likelihood. GFM negative 0% HEFAS negative ?km web: no specific flood news found for this year
AMERICAN_ROCK_PRODUCTS_PASCO,1,1.0,2022-03_2022-04_2022-05_2022-06_2022-12,1,48.0,2022-12,1,16.2,100.0,-119.243944,46.274649,,0.0,False,0.0,0.0,,Medium likelihood. GFM positive 1% HEFAS negative ?km web: no specific flood news found for this year
AMERICAN_SYNTHETIC_RUBBER_CO,0,0.0,,1,62.0,2022-12,1,15.9,49.0,-85.847439,38.209272,,0.0,False,0.0,0.0,,Low likelihood. GFM negative 0% HEFAS negative ?km web: no specific flood news found for this year
AMPHENOL_ANTENNA_SOLUTIONS,0,0.0,,1,64.0,2022-12,1,14.8,49.0,-89.07662,42.215023,,0.0,False,0.0,0.0,,Low likelihood. GFM negative 0% HEFAS negative ?km web: no specific flood news found for this year
AMVAC_CHEMICAL_CORP,0,0.0,2022-02,1,25.0,2022-12,1,20.3,80.0,-91.432363,39.831964,,0.0,False,0.0,0.0,,Low likelihood. GFM negative 0% HEFAS negative ?km web: no specific flood news found for this year
ANDREWS_LASER_WORKS,0,0.0,,1,86.0,2022-12,1,10.5,49.0,-84.491328,39.052728,,0.0,False,0.0,0.0,,Low likelihood. GFM negative 0% HEFAS negative ?km web: no specific flood news found for this year
ANDRITZ_INC.,0,0.0,,1,59.0,2022-12,1,14.2,49.0,-76.791864,41.203708,,0.0,False,0.0,0.0,,Low likelihood. GFM negative 0% HEFAS negative ?km web: no specific flood news found for this year
APAC-MISSISSIPPI_INC_COLUMBUS_ASPHALT_PLANT,0,0.0,,1,66.0,2022-12,1,10.1,49.0,-88.413893,33.476865,,0.0,False,0.0,0.0,,Low likelihood. GFM negative 0% HEFAS negative ?km web: no specific flood news found for this year
APAC-MISSISSIPPI_PRECISION_PACKAGING,0,0.0,,1,90.0,2022-12,1,8.5,49.0,-90.207553,32.263247,,0.0,False,0.0,0.0,,Low likelihood. GFM negative 0% HEFAS negative ?km web: no specific flood news found for this year
AQUILA._INC._-_PUEBLO_POWER_PLANT,0,0.0,,1,61.0,2022-12,1,14.8,49.0,-104.615071,38.266637,,0.0,False,0.0,0.0,,Low likelihood. GFM negative 0% HEFAS negative ?km web: no specific flood news found for this year
ARCELORMITTAL_ATLANTIQUE_-_LORRAINE,1,5.0,2022-04_2022-05_2022-06,1,62.0,2022-12,1,18.3,100.0,2.427404,49.253639,,0.0,False,-1.0,-1.0,45.7,Medium likelihood. GFM positive 5% HEFAS negative 46km web: no specific flood news found for this year
ARCELORMITTAL_FRANCE,1,1.0,2022-01_2022-12,1,65.0,2022-12,1,14.3,94.0,-1.653996,47.199074,,0.0,False,-1.0,-1.0,26.8,Medium likelihood. GFM positive 1% HEFAS negative 27km web: no specific flood news found for this year
ARCELORMITTAL_LIEGE_sa_COKE-FONTE,0,0.0,,1,85.0,2022-12,1,9.4,49.0,5.549317,50.604531,,6.0,True,-0.6501792114695341,2.0,3.1,Medium likelihood. GFM negative 0% HEFAS positive 3km web: no specific flood news found for this year
ARCELORMITTAL_WINDSOR_A_DIVISION_OF_ARCELORMITTAL_DOFASCO_G.P.,0,0.0,,1,46.0,2022-12,1,13.9,49.0,-83.100213,42.260488,,0.0,False,0.0,0.0,,Low likelihood. GFM negative 0% HEFAS negative ?km web: no specific flood news found for this year
ARCONIC_INC,0,0.0,2022-02,1,75.0,2022-12,1,14.0,95.0,-74.893745,44.950444,,0.0,False,0.0,0.0,,Low likelihood. GFM negative 0% HEFAS negative ?km web: no specific flood news found for this year
ARCOSA_LW_BR_LLC_GRAVELITE,1,8.0,2022-03_2022-04_2022-05,1,16.0,2022-12,1,20.3,96.0,-91.418798,30.534893,,0.0,False,0.0,0.0,,Medium likelihood. GFM positive 8% HEFAS negative ?km web: no specific flood news found for this year
ARCOSA_MARINE_COMPONENTS_LLC_PLANT_-_1080_DBA_WINTECH,0,0.0,,1,57.0,2022-12,1,19.0,49.0,-93.653677,32.550981,,0.0,False,0.0,0.0,,Low likelihood. GFM negative 0% HEFAS negative ?km web: no specific flood news found for this year
ARCOSA_MARINE_PRODUCTS_INC._PLT_75,1,5.0,2022-03_2022-04_2022-05,1,18.0,2022-12,1,27.6,100.0,-89.686617,36.212311,,0.0,False,0.0,0.0,,Medium likelihood. GFM positive 5% HEFAS negative ?km web: no specific flood news found for this year
ARCOSA_MARINE_PRODUCTS_INC_PLT_1038,0,0.0,,1,86.0,2022-12,1,13.0,49.0,-90.157643,30.415273,,0.0,False,0.0,0.0,,Low likelihood. GFM negative 0% HEFAS negative ?km web: no specific flood news found for this year
ARCOSA_MARINE_PRODUCTS_INC_PLT_1245,1,1.0,2022-02_2022-03_2022-10_2022-11,1,62.0,2022-12,1,17.5,100.0,-88.494961,37.018703,,0.0,False,0.0,0.0,,Medium likelihood. GFM positive 1% HEFAS negative ?km web: no specific flood news found for this year
ARCOSA_MARINE_PRODUCTS_INC_PLT_296,0,0.0,,1,86.0,2022-12,1,7.9,49.0,-87.002049,36.220608,,0.0,False,0.0,0.0,,Low likelihood. GFM negative 0% HEFAS negative ?km web: no specific flood news found for this year
ARCOSA_MARINE_PRODUCTS_INC_PLT_73,0,0.0,2022-03_2022-05,1,27.0,2022-12,1,21.7,100.0,-89.701136,36.228416,,0.0,False,0.0,0.0,,Low likelihood. GFM negative 0% HEFAS negative ?km web: no specific flood news found for this year
ARKEMA,0,0.0,,1,75.0,2022-12,1,14.9,49.0,2.499994,49.280013,,0.0,False,-1.0,-1.0,47.4,Low likelihood. GFM negative 0% HEFAS negative 47km web: no specific flood news found for this year
ARKEMA_COATING_RESINS_0,0,0.0,,1,46.0,2022-12,1,15.8,49.0,-94.569563,39.132271,,0.0,False,0.0,0.0,,Low likelihood. GFM negative 0% HEFAS negative ?km web: no specific flood news found for this year
ARKEMA_COATING_RESINS_1,1,1.0,2022-01_2022-04_2022-06,1,51.0,2022-12,1,16.0,100.0,-90.447226,29.98551,,0.0,False,0.0,0.0,,Medium likelihood. GFM positive 1% HEFAS negative ?km web: no specific flood news found for this year
ARKEMA_FRANCE,0,0.0,,1,67.0,2022-12,1,15.2,49.0,4.829996,45.704898,,0.0,False,-1.0,-1.0,20.4,Low likelihood. GFM negative 0% HEFAS negative 20km web: no specific flood news found for this year
ARKEMA_INC_0,1,2.0,2022-01_2022-02_2022-03_2022-10,1,61.0,2022-12,1,18.1,100.0,-88.365749,37.056696,,0.0,False,0.0,0.0,,Medium likelihood. GFM positive 2% HEFAS negative ?km web: no specific flood news found for this year
ARKEMA_INC_1,0,0.0,,1,68.0,2022-12,1,13.2,49.0,-94.058969,30.060218,,0.0,False,0.0,0.0,,Low likelihood. GFM negative 0% HEFAS negative ?km web: no specific flood news found for this year
ARKEMA_INC_FRANKLIN_PLANT,0,0.0,,1,78.0,2022-12,1,13.3,49.0,-77.00129,36.652102,,0.0,False,0.0,0.0,,Low likelihood. GFM negative 0% HEFAS negative ?km web: no specific flood news found for this year
ARKEMA_Srl_ex-Cray_Valley_Italia,0,0.0,,1,23.0,2022-12,1,23.5,49.0,10.562044,44.896094,,17.0,True,0.0436379928315412,5.0,1.2,Medium likelihood. GFM negative 0% HEFAS positive 1km web: no specific flood news found for this year
ARKEMA_Usine_de_Villers_saint_Paul,0,0.0,,1,74.0,2022-12,1,15.3,49.0,2.509914,49.289964,,0.0,False,-1.0,-1.0,46.2,Low likelihood. GFM negative 0% HEFAS negative 46km web: no specific flood news found for this year
ARMSTRONG_WORLD_INDUSTRIES_INC,1,1.0,2022-05_2022-06,1,66.0,2022-12,1,16.9,100.0,-122.819305,45.839737,,0.0,False,0.0,0.0,,Medium likelihood. GFM positive 1% HEFAS negative ?km web: no specific flood news found for this year
ARMSTRONG_WORLD_INDUSTRIES_INC_MILLWOOD_WV,0,0.0,2022-02,1,71.0,2022-12,1,9.6,87.0,-81.837235,38.908438,,0.0,False,0.0,0.0,,Low likelihood. GFM negative 0% HEFAS negative ?km web: no specific flood news found for this year
ASH_GROVE_CEMENT_CO,0,0.0,2022-05_2022-10,1,52.0,2022-12,1,16.8,99.0,-122.780838,45.623432,,0.0,False,0.0,0.0,,Low likelihood. GFM negative 0% HEFAS negative ?km web: no specific flood news found for this year
ASSA_ABLOY_Australia,0,0.0,,1,65.0,2022-12,1,12.0,49.0,152.991069,-27.534406,,0.0,False,0.0,0.0,,Low likelihood. GFM negative 0% HEFAS negative ?km web: no specific flood news found for this year
ASTRONICS_PECO_GROUP,1,1.0,2022-03_2022-04_2022-06_2022-09_2022-10_2022-11_2022-12,1,24.0,2022-12,1,11.9,99.0,-122.648332,45.488562,,0.0,False,0.0,0.0,,Medium likelihood. GFM positive 1% HEFAS negative ?km web: no specific flood news found for this year
ATI_FLAT_ROLLED_PRODUCTS_HOLDINGS_LLC,0,0.0,,1,86.0,2022-12,1,5.4,49.0,-79.729069,40.608046,,0.0,False,0.0,0.0,,Low likelihood. GFM negative 0% HEFAS negative ?km web: no specific flood news found for this year
ATMORE_01-29,1,42.0,2022-03_2022-04_2022-05_2022-06_2022-07_2022-08_2022-09_2022-10_2022-11_2022-12,1,33.0,2022-12,1,46.0,100.0,-112.554543,54.821777,,0.0,False,0.0,0.0,,Medium likelihood. GFM positive 42% HEFAS negative ?km web: no specific flood news found for this year
AUSTIN_SOUTH_PLANT,0,0.0,,1,69.0,2022-12,1,13.7,49.0,-97.682094,30.248177,,0.0,False,0.0,0.0,,Low likelihood. GFM negative 0% HEFAS negative ?km web: no specific flood news found for this year
AUTO_WAX_CO,0,0.0,,1,59.0,2022-12,1,15.9,49.0,-96.883711,32.833637,,0.0,False,0.0,0.0,,Low likelihood. GFM negative 0% HEFAS negative ?km web: no specific flood news found for this year
AXIALL_LLC,1,4.0,2022-04_2022-05_2022-06_2022-12,1,38.0,2022-12,1,23.6,99.0,-91.185788,30.26223,,0.0,False,0.0,0.0,,Medium likelihood. GFM positive 4% HEFAS negative ?km web: no specific flood news found for this year
AZZ_GALVANIZING-TULSA,0,0.0,,1,42.0,2022-12,1,17.2,49.0,-96.014559,36.133376,,0.0,False,0.0,0.0,,Low likelihood. GFM negative 0% HEFAS negative ?km web: no specific flood news found for this year
AZZ_GALVANIZING_-_CHATTANOOGA_LLC,1,1.0,2022-02,1,73.0,2022-12,1,13.1,99.0,-85.638235,35.048369,,0.0,False,0.0,0.0,,Medium likelihood. GFM positive 1% HEFAS negative ?km web: no specific flood news found for this year
AZZ_GALVANIZING_-_MORGAN_CITY,0,0.0,,1,66.0,2022-12,1,14.3,49.0,-91.269796,29.691084,,0.0,False,0.0,0.0,,Low likelihood. GFM negative 0% HEFAS negative ?km web: no specific flood news found for this year
AZZ_GALVANIZING_SERVICES-MOSS_POINT,0,0.0,,1,47.0,2022-12,1,14.5,49.0,-88.541656,30.433357,,0.0,False,0.0,0.0,,Low likelihood. GFM negative 0% HEFAS negative ?km web: no specific flood news found for this year
A_B_Paterson,0,0.0,,1,49.0,2022-12,1,15.6,49.0,-90.02577,30.015756,,0.0,False,0.0,0.0,,Low likelihood. GFM negative 0% HEFAS negative ?km web: no specific flood news found for this year
Aerostructures_Division,0,0.0,,1,65.0,2022-12,1,14.7,49.0,-122.945265,49.150082,,0.0,False,0.0,0.0,,Low likelihood. GFM negative 0% HEFAS negative ?km web: no specific flood news found for this year
Air_Products_-_Geismar_3_HYCO,1,1.0,2022-03_2022-04,1,51.0,2022-12,1,15.4,100.0,-91.017511,30.196411,,0.0,False,0.0,0.0,,Medium likelihood. GFM positive 1% HEFAS negative ?km web: no specific flood news found for this year
Air_Products_Nederland_BV_Botlek,0,0.0,,1,54.0,2022-12,1,20.6,49.0,4.259337,51.878949,,0.0,False,-2.0,-2.0,83.8,Low likelihood. GFM negative 0% HEFAS negative 84km web: no specific flood news found for this year
Air_Products_Nederland_BV_Pernis__0,0,0.0,,1,67.0,2022-12,1,22.6,49.0,4.329968,51.888516,,0.0,False,-2.0,-2.0,83.0,Low likelihood. GFM negative 0% HEFAS negative 83km web: no specific flood news found for this year
Air_Products_Nederland_BV_Pernis__1,0,0.0,,1,67.0,2022-12,1,22.6,49.0,4.329968,51.888516,,0.0,False,-2.0,-2.0,83.0,Low likelihood. GFM negative 0% HEFAS negative 83km web: no specific flood news found for this year
Air_Products_and_Chemicals._Inc.,0,0.0,,1,85.0,2022-12,1,12.0,49.0,-84.503879,39.182943,,0.0,False,0.0,0.0,,Low likelihood. GFM negative 0% HEFAS negative ?km web: no specific flood news found for this year
Air_Products_and_Chemicals_Inc._Luling_SMR_Facility,0,0.0,,1,58.0,2022-12,1,17.7,49.0,-90.346951,29.930631,,0.0,False,0.0,0.0,,Low likelihood. GFM negative 0% HEFAS negative ?km web: no specific flood news found for this year
Airbus_Helicopters_Deutschland_GmbH,0,0.0,2022-06,1,48.0,2022-12,1,18.4,74.0,10.771044,48.711019,,23.0,True,0.0840800477897252,4.0,2.2,Medium likelihood. GFM negative 0% HEFAS positive 2km web: no specific flood news found for this year
Airbus_Operations_GmbH_0,0,0.0,,1,43.0,2022-12,1,17.9,49.0,9.837118,53.541647,,9.0,True,-0.0092336576207543,4.0,8.8,Medium likelihood. GFM negative 0% HEFAS positive 9km web: no specific flood news found for this year
Airbus_Operations_GmbH_1,0,0.0,,1,43.0,2022-12,1,17.9,49.0,9.837118,53.541647,,9.0,True,-0.0092336576207543,4.0,8.8,Medium likelihood. GFM negative 0% HEFAS positive 9km web: no specific flood news found for this year
Akuinu_04-06,0,0.0,2022-03_2022-05,1,37.0,2022-12,1,17.5,100.0,-114.302886,54.763581,,0.0,False,0.0,0.0,,Low likelihood. GFM negative 0% HEFAS negative ?km web: no specific flood news found for this year
AkzoNobel_Wood_Coatings_Winnipeg,0,0.0,,0,0.0,,0,0.0,0.0,-97.173123,49.842088,,0.0,False,0.0,0.0,,Low likelihood. GFM negative 0% HEFAS negative ?km web: no specific flood news found for this year
Akzo_Nobel_Pty_Limited,0,0.0,,1,73.0,2022-12,1,9.2,49.0,153.012789,-27.510153,,0.0,False,0.0,0.0,,Low likelihood. GFM negative 0% HEFAS negative ?km web: no specific flood news found for this year
Antero_Midstream_LLC-_160A_Basin,0,0.0,,1,69.0,2022-12,1,11.6,49.0,-105.000783,39.75199,,0.0,False,0.0,0.0,,Low likelihood. GFM negative 0% HEFAS negative ?km web: no specific flood news found for this year
Appalachian_Facility,0,0.0,,1,85.0,2022-12,1,5.9,49.0,-81.633248,38.350834,,0.0,False,0.0,0.0,,Low likelihood. GFM negative 0% HEFAS negative ?km web: no specific flood news found for this year
ArcelorMittal_Bremen_GmbH,0,0.0,,1,45.0,2022-12,1,21.7,49.0,8.686797,53.124918,,7.0,True,0.0351254480286738,3.0,1.8,Medium likelihood. GFM negative 0% HEFAS positive 2km web: no specific flood news found for this year
ArcelorMittal_Bremen_GmbH_BREMA_Walzwerk_GmbH,0,0.0,,1,45.0,2022-12,1,21.7,49.0,8.686797,53.124918,,7.0,True,0.0351254480286738,3.0,1.8,Medium likelihood. GFM negative 0% HEFAS positive 2km web: no specific flood news found for this year
ArcelorMittal_Contrecoeur_Est,1,2.0,2022-03,1,58.0,2022-12,1,17.8,98.0,-73.261026,45.83366,,0.0,False,0.0,0.0,,Medium likelihood. GFM positive 2% HEFAS negative ?km web: no specific flood news found for this year
ArcelorMittal_Hamburg_GmbH,0,0.0,,1,66.0,2022-12,1,20.3,49.0,9.898327,53.523012,,8.0,True,-0.0052910052910052,4.0,5.4,Medium likelihood. GFM negative 0% HEFAS positive 5km web: no specific flood news found for this year
ArcelorMittal_Hochfeld_GmbH,1,4.0,2022-01_2022-02_2022-04,1,59.0,2022-12,1,20.9,100.0,6.748439,51.4133,,8.0,True,0.0001194743130226,2.0,4.9,High likelihood. GFM positive 4% HEFAS positive 5km web: no specific flood news found for this year
Archer_Daniels_Midland_Europoort_BV_ADM,0,0.0,,1,48.0,2022-12,1,30.0,49.0,4.122492,51.955936,,0.0,False,-2.0,-2.0,95.6,Low likelihood. GFM negative 0% HEFAS negative 96km web: no specific flood news found for this year
Ardmore_05-21,1,41.0,2022-01_2022-02_2022-03_2022-04_2022-06,1,35.0,2022-12,1,52.9,100.0,-110.402011,54.375224,,0.0,False,0.0,0.0,,Medium likelihood. GFM positive 41% HEFAS negative ?km web: no specific flood news found for this year
Ardmore_Compressor_Station_03-01-063-03W4,1,3.0,2022-03_2022-04_2022-05,1,66.0,2022-12,1,23.5,100.0,-110.326374,54.414341,,0.0,False,0.0,0.0,,Medium likelihood. GFM positive 3% HEFAS negative ?km web: no specific flood news found for this year
Arkema_B.V._Location_Brummen,1,7.0,2022-01_2022-02_2022-03_2022-04_2022-05_2022-06_2022-07_2022-08_2022-09_2022-11,1,24.0,2022-12,1,30.8,100.0,6.153878,52.103043,,10.0,True,-0.0054360812425328,2.0,29.0,High likelihood. GFM positive 7% HEFAS positive 29km web: no specific flood news found for this year
Arkema_B.V._location_Rotterdam_0,0,0.0,,1,68.0,2022-12,1,21.3,49.0,4.335726,51.88979,,0.0,False,-2.0,-2.0,83.0,Low likelihood. GFM negative 0% HEFAS negative 83km web: no specific flood news found for this year
Arkema_B.V._location_Rotterdam_1,0,0.0,,1,68.0,2022-12,1,21.3,49.0,4.335726,51.88979,,0.0,False,-2.0,-2.0,83.0,Low likelihood. GFM negative 0% HEFAS negative 83km web: no specific flood news found for this year
Arsenal_Hill_Power_Plant,0,0.0,,1,73.0,2022-12,1,15.1,49.0,-93.761093,32.518036,,0.0,False,0.0,0.0,,Low likelihood. GFM negative 0% HEFAS negative ?km web: no specific flood news found for this year
Aufwind_Schmack_Els__Biog_z_Szolg_ltat_Kft.,1,73.0,2022-01_2022-02_2022-03_2022-04_2022-05_2022-06_2022-07_2022-08,1,3.0,2022-12,1,67.7,100.0,20.623781,46.857621,,9.0,True,-0.6505376344086021,2.0,7.8,High likelihood. GFM positive 73% HEFAS positive 8km web: no specific flood news found for this year
Aurubis_AG,0,0.0,,1,63.0,2022-12,1,20.5,49.0,10.034982,53.518009,,24.0,True,0.0391534391534391,4.0,5.3,Medium likelihood. GFM negative 0% HEFAS positive 5km web: no specific flood news found for this year
Avista_Corporation,0,0.0,,1,67.0,2022-12,1,9.1,49.0,-117.389947,47.659993,,0.0,False,0.0,0.0,,Low likelihood. GFM negative 0% HEFAS negative ?km web: no specific flood news found for this year
Avista_Corporation-OR,0,0.0,,1,67.0,2022-12,1,9.1,49.0,-117.389947,47.659993,,0.0,False,0.0,0.0,,Low likelihood. GFM negative 0% HEFAS negative ?km web: no specific flood news found for this year
Avista_Corporation-WA,0,0.0,,1,67.0,2022-12,1,9.1,49.0,-117.389947,47.659993,,0.0,False,0.0,0.0,,Low likelihood. GFM negative 0% HEFAS negative ?km web: no specific flood news found for this year
Axiall._LLC,1,4.0,2022-04_2022-05_2022-06,1,36.0,2022-12,1,20.4,99.0,-91.18422,30.265373,,0.0,False,0.0,0.0,,Medium likelihood. GFM positive 4% HEFAS negative ?km web: no specific flood news found for this year
BALDWIN_FILTERS_INC,1,1.0,2022-03_2022-10,1,17.0,2022-12,1,27.2,99.0,-97.345945,42.887143,,0.0,False,0.0,0.0,,Medium likelihood. GFM positive 1% HEFAS negative ?km web: no specific flood news found for this year
BALL_METAL_FOOD_CONTAINER_LLC,0,0.0,,1,79.0,2022-12,1,6.8,49.0,-80.623047,40.388705,,0.0,False,0.0,0.0,,Low likelihood. GFM negative 0% HEFAS negative ?km web: no specific flood news found for this year
BALL_PACKAGING_PRODUCTS_CANADA_CORP._RICHMOND,1,5.0,2022-10_2022-11,1,52.0,2022-12,1,19.4,100.0,-123.070374,49.198561,,0.0,False,0.0,0.0,,Medium likelihood. GFM positive 5% HEFAS negative ?km web: no specific flood news found for this year
BANTA_TERMINAL_CHEVRON_PRODUCTS_CO,1,1.0,2022-04_2022-06,1,10.0,2022-12,1,30.3,98.0,-121.348079,37.750904,,0.0,False,0.0,0.0,,Medium likelihood. GFM positive 1% HEFAS negative ?km web: no specific flood news found for this year
BASF_AGRI-PRODUCTION_SAS,0,0.0,,1,76.0,2022-12,1,11.7,49.0,1.003273,49.307982,,0.0,False,-1.0,-1.0,15.7,Low likelihood. GFM negative 0% HEFAS negative 16km web: no specific flood news found for this year
BASF_CORP_-_FREEPORT_SITE,0,0.0,,1,59.0,2022-12,1,15.1,49.0,-95.399766,29.002078,,0.0,False,0.0,0.0,,Low likelihood. GFM negative 0% HEFAS negative ?km web: no specific flood news found for this year
BASF_CORP_-_HANNIBAL_SITE,0,0.0,2022-02,1,22.0,2022-12,1,18.1,80.0,-91.436807,39.834132,,0.0,False,0.0,0.0,,Low likelihood. GFM negative 0% HEFAS negative ?km web: no specific flood news found for this year
BASF_CORP_-_HARBOR_TERM_INAL,0,0.0,,1,41.0,2022-12,1,21.3,49.0,-95.33841,28.936194,,0.0,False,0.0,0.0,,Low likelihood. GFM negative 0% HEFAS negative ?km web: no specific flood news found for this year
BASF_CORP_-_PORT_ALLEN_WO_RKS,0,0.0,,1,27.0,2022-12,1,22.1,49.0,-91.226879,30.498897,,0.0,False,0.0,0.0,,Low likelihood. GFM negative 0% HEFAS negative ?km web: no specific flood news found for this year
BASF_CORP_-_VIDALIA_WORKS,0,0.0,2022-09,1,32.0,2022-12,1,20.1,82.0,-91.446959,31.550912,,0.0,False,0.0,0.0,,Low likelihood. GFM negative 0% HEFAS negative ?km web: no specific flood news found for this year
BASF_CORP_0,0,0.0,,1,83.0,2022-12,1,13.7,49.0,-75.085759,40.832312,,0.0,False,0.0,0.0,,Low likelihood. GFM negative 0% HEFAS negative ?km web: no specific flood news found for this year
BASF_CORP_1,0,0.0,,1,84.0,2022-12,1,5.7,49.0,-80.347452,40.660539,,0.0,False,0.0,0.0,,Low likelihood. GFM negative 0% HEFAS negative ?km web: no specific flood news found for this year
BASF_CORP_10,0,0.0,,1,60.0,2022-12,1,11.9,49.0,-117.851542,33.822957,,0.0,False,0.0,0.0,,Low likelihood. GFM negative 0% HEFAS negative ?km web: no specific flood news found for this year
BASF_CORP_2,1,1.0,2022-02_2022-04,1,77.0,2022-12,1,11.4,100.0,-75.277271,39.889033,,0.0,False,0.0,0.0,,Medium likelihood. GFM positive 1% HEFAS negative ?km web: no specific flood news found for this year
BASF_CORP_3,0,0.0,,1,82.0,2022-12,1,8.3,49.0,-87.981933,31.264109,,0.0,False,0.0,0.0,,Low likelihood. GFM negative 0% HEFAS negative ?km web: no specific flood news found for this year
BASF_CORP_4,0,0.0,,1,69.0,2022-12,1,11.6,49.0,-85.258936,35.093039,,0.0,False,0.0,0.0,,Low likelihood. GFM negative 0% HEFAS negative ?km web: no specific flood news found for this year
BASF_CORP_5,0,0.0,,1,68.0,2022-12,1,16.4,49.0,-85.803285,38.272271,,0.0,False,0.0,0.0,,Low likelihood. GFM negative 0% HEFAS negative ?km web: no specific flood news found for this year
BASF_CORP_6,0,0.0,,1,84.0,2022-12,1,12.3,49.0,-84.504137,39.178251,,0.0,False,0.0,0.0,,Low likelihood. GFM negative 0% HEFAS negative ?km web: no specific flood news found for this year
BASF_CORP_7,0,0.0,,1,81.0,2022-12,1,11.9,49.0,-90.457936,38.560805,,0.0,False,0.0,0.0,,Low likelihood. GFM negative 0% HEFAS negative ?km web: no specific flood news found for this year
BASF_CORP_8,0,0.0,,1,66.0,2022-12,1,15.5,49.0,-91.003569,30.197852,,0.0,False,0.0,0.0,,Low likelihood. GFM negative 0% HEFAS negative ?km web: no specific flood news found for this year
BASF_CORP_9,1,10.0,2022-03,1,32.0,2022-12,1,30.5,100.0,-90.096853,35.136103,,0.0,False,0.0,0.0,,Medium likelihood. GFM positive 10% HEFAS negative ?km web: 2019 Midwestern U.S. floods (Mississippi/Missouri) https://en.wikipedia.org/wiki/2019_Midwestern_U.S._floods
BASF_Catalysts_Germany_GmbH_Adsorbentien,1,12.0,2022-04_2022-05,1,37.0,2022-12,1,28.1,100.0,9.205465,52.656178,,11.0,True,0.0711768219832735,4.0,1.3,High likelihood. GFM positive 12% HEFAS positive 1km web: no specific flood news found for this year
BASF_ESPA_OLA_CASTELLBISBAL,0,0.0,,1,82.0,2022-12,1,8.8,49.0,1.990026,41.444975,,0.0,False,-0.1415770609318996,0.0,6.3,Low likelihood. GFM negative 0% HEFAS negative 6km web: no specific flood news found for this year
BASF_EX_COGNIS_FRANCE_SIDOBRE_SINNOVA,1,2.0,2022-04_2022-05,1,73.0,2022-12,1,16.0,92.0,2.927342,48.948508,,0.0,False,-1.0,-1.0,41.7,Medium likelihood. GFM positive 2% HEFAS negative 42km web: no specific flood news found for this year
BASF_Lampertheim_GmbH,1,8.0,2022-03_2022-04_2022-05,1,26.0,2022-12,1,29.2,100.0,8.440123,49.618291,,11.0,True,0.0314814814814814,3.0,4.8,High likelihood. GFM positive 8% HEFAS positive 5km web: no specific flood news found for this year
BASF_NORTH_GEISMAR_SITE,0,0.0,,1,53.0,2022-12,1,15.5,49.0,-91.009474,30.187613,,0.0,False,0.0,0.0,,Low likelihood. GFM negative 0% HEFAS negative ?km web: no specific flood news found for this year
BASF_Nederland_B.V._De_Meern,0,0.0,2022-05,1,32.0,2022-12,1,24.6,88.0,5.05384,52.074713,,0.0,False,-1.3333333333333333,0.0,76.9,Low likelihood. GFM negative 0% HEFAS negative 77km web: no specific flood news found for this year
BASF_SE,0,0.0,,1,62.0,2022-12,1,19.8,49.0,8.44597,49.524758,,0.0,False,0.0,0.0,7.8,Low likelihood. GFM negative 0% HEFAS negative 8km web: no specific flood news found for this year
BATH_IRON_WORKS,1,2.0,2022-01_2022-02_2022-03_2022-04_2022-05_2022-06_2022-07_2022-08_2022-09_2022-10_2022-11_2022-12,1,63.0,2022-12,1,13.3,100.0,-69.814932,43.909985,,0.0,False,0.0,0.0,,Medium likelihood. GFM positive 2% HEFAS negative ?km web: no specific flood news found for this year
BAXTER_HEALTHCARE_CORP.,1,2.0,2022-09_2022-10,1,28.0,2022-12,1,30.1,94.0,-90.71697,33.764514,,0.0,False,0.0,0.0,,Medium likelihood. GFM positive 2% HEFAS negative ?km web: no specific flood news found for this year
BAYER_CROPSCIENCE,0,0.0,,1,66.0,2022-12,1,13.7,49.0,-94.473436,39.121427,,0.0,False,0.0,0.0,,Low likelihood. GFM negative 0% HEFAS negative ?km web: no specific flood news found for this year
BAYER_CROPSCIENCE_LP_0,0,0.0,,1,38.0,2022-12,1,23.5,49.0,-91.081684,41.350415,,0.0,False,0.0,0.0,,Low likelihood. GFM negative 0% HEFAS negative ?km web: no specific flood news found for this year
BAYER_CROPSCIENCE_LP_1,0,0.0,,1,56.0,2022-12,1,18.0,49.0,-90.352159,29.924445,,0.0,False,0.0,0.0,,Low likelihood. GFM negative 0% HEFAS negative ?km web: no specific flood news found for this year
BCP_INGREDIENTS_INC,0,0.0,2022-03,1,67.0,2022-12,1,17.4,83.0,-91.088862,30.249103,,0.0,False,0.0,0.0,,Low likelihood. GFM negative 0% HEFAS negative ?km web: no specific flood news found for this year
BC_COBB_GENERATING_PLANT,0,0.0,2022-08_2022-09_2022-10_2022-11_2022-12,1,50.0,2022-12,1,12.7,92.0,-86.241823,43.254966,,0.0,False,0.0,0.0,,Low likelihood. GFM negative 0% HEFAS negative ?km web: no specific flood news found for this year
BEACON_COLONY_01-13,0,0.0,2022-10,1,59.0,2022-12,1,19.8,67.0,-109.614042,54.356376,,0.0,False,0.0,0.0,,Low likelihood. GFM negative 0% HEFAS negative ?km web: no specific flood news found for this year
BEACON_HILL_NORTH_13-23,0,0.0,2022-10,1,62.0,2022-12,1,17.4,61.0,-109.808333,54.294449,,0.0,False,0.0,0.0,,Low likelihood. GFM negative 0% HEFAS negative ?km web: no specific flood news found for this year
BECTON_DICKINSON_CO,1,14.0,2022-01_2022-02_2022-03_2022-10_2022-11_2022-12,1,15.0,2022-12,1,34.2,100.0,-97.319424,41.435934,,0.0,False,0.0,0.0,,Medium likelihood. GFM positive 14% HEFAS negative ?km web: no specific flood news found for this year
BEHR_PROCESS_CORP_-_ALTON,0,0.0,,1,56.0,2022-12,1,14.4,49.0,-117.890413,33.703655,,0.0,False,0.0,0.0,,Low likelihood. GFM negative 0% HEFAS negative ?km web: no specific flood news found for this year
BEHR_PROCESS_CORP_-_GARRY_YALE,0,0.0,,1,52.0,2022-12,1,14.9,49.0,-117.9157,33.705646,,0.0,False,0.0,0.0,,Low likelihood. GFM negative 0% HEFAS negative ?km web: no specific flood news found for this year
BELLEMEADE_POWER_STATION,0,0.0,,1,77.0,2022-12,1,10.1,49.0,-77.432213,37.496706,,0.0,False,0.0,0.0,,Low likelihood. GFM negative 0% HEFAS negative ?km web: no specific flood news found for this year
BELTON_READY_MIX,0,0.0,,1,57.0,2022-12,1,19.8,49.0,-97.441725,31.053024,,0.0,False,0.0,0.0,,Low likelihood. GFM negative 0% HEFAS negative ?km web: no specific flood news found for this year
BENTONITE_PERFORMANCE_MINERALS-COLONY,1,5.0,2022-03_2022-04_2022-11_2022-12,1,52.0,2022-12,1,28.4,100.0,-103.851733,44.68111,,0.0,False,0.0,0.0,,Medium likelihood. GFM positive 5% HEFAS negative ?km web: no specific flood news found for this year
BETHLEHEM_ENERGY_CENTER,0,0.0,,1,75.0,2022-12,1,9.6,49.0,-73.761113,42.593679,,0.0,False,0.0,0.0,,Low likelihood. GFM negative 0% HEFAS negative ?km web: no specific flood news found for this year
BF_GOODRICH_TIRE_MANUFACTURING_0,1,14.0,2022-02_2022-12,1,18.0,2022-12,1,29.5,71.0,-84.904627,41.135795,,0.0,False,0.0,0.0,,Medium likelihood. GFM positive 14% HEFAS negative ?km web: no specific flood news found for this year
BF_GOODRICH_TIRE_MANUFACTURING_1,1,14.0,2022-02_2022-12,1,18.0,2022-12,1,29.4,71.0,-84.905138,41.136223,,0.0,False,0.0,0.0,,Medium likelihood. GFM positive 14% HEFAS negative ?km web: no specific flood news found for this year
BIC_CONSUMER_PRODUCTS_MANUFACTURING_CO_INC,0,0.0,,1,81.0,2022-12,1,11.2,49.0,-73.101437,41.221282,,0.0,False,0.0,0.0,,Low likelihood. GFM negative 0% HEFAS negative ?km web: no specific flood news found for this year
BIG_HEART_PET_BRANDS,0,0.0,,1,22.0,2022-12,1,21.1,49.0,-95.724966,39.086672,,0.0,False,0.0,0.0,,Low likelihood. GFM negative 0% HEFAS negative ?km web: no specific flood news found for this year
BIG_HEART_PET_BRANDS_INC,0,0.0,,1,77.0,2022-12,1,11.4,49.0,-76.345516,41.026052,,0.0,False,0.0,0.0,,Low likelihood. GFM negative 0% HEFAS negative ?km web: no specific flood news found for this year
BIG_RIVER_LANDFILL,1,17.0,2022-03_2022-04_2022-05_2022-09_2022-10_2022-12,1,30.0,2022-12,1,38.1,99.0,-90.906635,33.395555,,0.0,False,0.0,0.0,,Medium likelihood. GFM positive 17% HEFAS negative ?km web: no specific flood news found for this year
BLACK_HILLS_ENERGY_-_WN_CLARK_STAT_ION,0,0.0,,1,73.0,2022-12,1,14.6,49.0,-105.250714,38.434721,,0.0,False,0.0,0.0,,Low likelihood. GFM negative 0% HEFAS negative ?km web: no specific flood news found for this year
BLANCHARD_TERMINAL_CO_-_JACKSONVILLE_FL_TERMINAL,1,2.0,2022-05_2022-07_2022-11_2022-12,1,48.0,2022-12,1,14.1,100.0,-81.60544,30.414363,,0.0,False,0.0,0.0,,Medium likelihood. GFM positive 2% HEFAS negative ?km web: no specific flood news found for this year
BLANCHETT_11-32,0,0.0,,1,53.0,2022-12,1,18.0,49.0,-113.31117,56.844216,,0.0,False,0.0,0.0,,Low likelihood. GFM negative 0% HEFAS negative ?km web: no specific flood news found for this year
BLIND_RIVER_REFINERY,0,0.0,2022-03,1,67.0,2022-12,1,10.1,97.0,-83.017184,46.179914,,0.0,False,0.0,0.0,,Low likelihood. GFM negative 0% HEFAS negative ?km web: no specific flood news found for this year
BLUESCOPE_BUILDINGS_N.A._INC.,1,4.0,2022-02,1,30.0,2022-12,1,21.3,82.0,-94.891947,39.718829,,0.0,False,0.0,0.0,,Medium likelihood. GFM positive 4% HEFAS negative ?km web: no specific flood news found for this year
BLUE_CUBE_OPERATIONS_LLC_-_PLAQUEMINE_SITE,0,0.0,2022-05,1,56.0,2022-12,1,18.2,83.0,-91.240577,30.313912,,0.0,False,0.0,0.0,,Low likelihood. GFM negative 0% HEFAS negative ?km web: no specific flood news found for this year
BMW_Werk_02.10,0,0.0,,1,49.0,2022-12,1,19.2,49.0,12.492285,48.638959,,11.0,True,0.0332138590203106,4.0,15.3,Medium likelihood. GFM negative 0% HEFAS positive 15km web: no specific flood news found for this year
BMW_Werk_4.1_Ergolding,1,1.0,2022-05,1,54.0,2022-12,1,18.7,69.0,12.151553,48.561315,,17.0,True,0.068100358422939,4.0,4.0,High likelihood. GFM positive 1% HEFAS positive 4km web: no specific flood news found for this year
BMW_Werk_4.1_Landshut,0,0.0,2022-05,1,54.0,2022-12,1,18.3,69.0,12.149918,48.560138,,17.0,True,0.068100358422939,4.0,3.8,Medium likelihood. GFM negative 0% HEFAS positive 4km web: no specific flood news found for this year
BMW_Werk_Dingolfing_02.10,0,0.0,,1,49.0,2022-12,1,19.2,49.0,12.492151,48.638945,,11.0,True,0.0332138590203106,4.0,15.3,Medium likelihood. GFM negative 0% HEFAS positive 15km web: no specific flood news found for this year
BOISE_WHITE_PAPER_LLC,1,2.0,2022-03_2022-12,1,32.0,2022-12,1,10.2,94.0,-118.918397,46.104017,,0.0,False,0.0,0.0,,Medium likelihood. GFM positive 2% HEFAS negative ?km web: no specific flood news found for this year
BPXA_GATHERING_CENTER_1_0,1,19.0,2022-02_2022-04_2022-05_2022-06_2022-07_2022-08_2022-11_2022-12,1,18.0,2022-12,1,39.9,100.0,-148.729518,70.306012,,0.0,False,0.0,0.0,,Medium likelihood. GFM positive 19% HEFAS negative ?km web: no specific flood news found for this year
BPXA_GATHERING_CENTER_1_1,1,19.0,2022-02_2022-04_2022-05_2022-06_2022-07_2022-08_2022-11_2022-12,1,18.0,2022-12,1,39.9,100.0,-148.729518,70.306012,,0.0,False,0.0,0.0,,Medium likelihood. GFM positive 19% HEFAS negative ?km web: no specific flood news found for this year
BPXA_GATHERING_CENTER_2_0,1,11.0,2022-02_2022-05_2022-06_2022-07_2022-08_2022-10_2022-11_2022-12,1,29.0,2022-12,1,36.3,100.0,-148.862785,70.31087,,0.0,False,0.0,0.0,,Medium likelihood. GFM positive 11% HEFAS negative ?km web: no specific flood news found for this year
BPXA_GATHERING_CENTER_2_1,1,11.0,2022-02_2022-05_2022-06_2022-07_2022-08_2022-10_2022-11_2022-12,1,29.0,2022-12,1,36.3,100.0,-148.862785,70.31087,,0.0,False,0.0,0.0,,Medium likelihood. GFM positive 11% HEFAS negative ?km web: no specific flood news found for this year
BPXA_GATHERING_CENTER_3,1,18.0,2022-04_2022-05_2022-06_2022-07_2022-08_2022-11,1,15.0,2022-12,1,40.1,100.0,-148.683806,70.283915,,0.0,False,0.0,0.0,,Medium likelihood. GFM positive 18% HEFAS negative ?km web: no specific flood news found for this year
BRISTOL_METALS_LLC_-_MUNHALL_PLANT,0,0.0,,1,88.0,2022-12,1,5.1,49.0,-79.891727,40.409074,,0.0,False,0.0,0.0,,Low likelihood. GFM negative 0% HEFAS negative ?km web: no specific flood news found for this year
BRITTAIN_MACHINE_INC,0,0.0,,1,53.0,2022-12,1,13.8,49.0,-97.379925,37.648707,,0.0,False,0.0,0.0,,Low likelihood. GFM negative 0% HEFAS negative ?km web: no specific flood news found for this year
BURAS,1,1.0,2022-02_2022-04_2022-06_2022-08_2022-09_2022-10_2022-11_2022-12,1,27.0,2022-12,1,13.8,100.0,-89.538255,29.357823,,0.0,False,0.0,0.0,,Medium likelihood. GFM positive 1% HEFAS negative ?km web: no specific flood news found for this year
BURLINGTON_GENERATING_STATION_0,0,0.0,,1,53.0,2022-12,1,16.5,49.0,-74.875933,40.071414,,0.0,False,0.0,0.0,,Low likelihood. GFM negative 0% HEFAS negative ?km web: no specific flood news found for this year
BURLINGTON_GENERATING_STATION_1,0,0.0,,1,65.0,2022-12,1,13.5,49.0,-91.117032,40.741095,,0.0,False,0.0,0.0,,Low likelihood. GFM negative 0% HEFAS negative ?km web: no specific flood news found for this year
BURNSVILLE_SANITARY_LANDFILL,1,1.0,2022-04_2022-05,1,61.0,2022-12,1,14.5,94.0,-93.318087,44.785312,,0.0,False,0.0,0.0,,Medium likelihood. GFM positive 1% HEFAS negative ?km web: no specific flood news found for this year
BUTTERBALL._LLC,0,0.0,,1,74.0,2022-12,1,11.8,49.0,-93.819745,35.485186,,0.0,False,0.0,0.0,,Low likelihood. GFM negative 0% HEFAS negative ?km web: no specific flood news found for this year
BUTTERBALL_LLC,0,0.0,,1,54.0,2022-12,1,17.6,49.0,-93.730712,35.42234,,0.0,False,0.0,0.0,,Low likelihood. GFM negative 0% HEFAS negative ?km web: no specific flood news found for this year
BWXT_NUCLEAR_OPERATIONS_GROUP_INC.,0,0.0,,1,90.0,2022-12,1,5.5,49.0,-79.051813,37.408524,,0.0,False,0.0,0.0,,Low likelihood. GFM negative 0% HEFAS negative ?km web: no specific flood news found for this year
Balgowan_Oilfield,0,0.0,,1,74.0,2022-12,1,31.9,49.0,139.472683,-27.611591,,0.0,False,0.0,0.0,,Low likelihood. GFM negative 0% HEFAS negative ?km web: no specific flood news found for this year
Barre_Generating_Station,0,0.0,,1,57.0,2022-12,1,14.1,49.0,-117.983375,33.807265,,0.0,False,0.0,0.0,,Low likelihood. GFM negative 0% HEFAS negative ?km web: no specific flood news found for this year
Bayer_AG._Division_Crop_Science,0,0.0,,1,62.0,2022-12,1,17.3,49.0,8.545118,50.088584,,27.0,True,0.0511051373954599,3.0,10.6,Medium likelihood. GFM negative 0% HEFAS positive 11km web: no specific flood news found for this year
Bayer_CropScience_LP,0,0.0,,1,31.0,2022-12,1,25.2,49.0,-91.083882,41.35218,,0.0,False,0.0,0.0,,Low likelihood. GFM negative 0% HEFAS negative ?km web: no specific flood news found for this year
Beacon_Hill_North_Comp_Stn_13-23,0,0.0,,1,60.0,2022-12,1,17.4,49.0,-109.801737,54.295843,,0.0,False,0.0,0.0,,Low likelihood. GFM negative 0% HEFAS negative ?km web: no specific flood news found for this year
Beaver,0,0.0,,1,54.0,2022-12,1,19.2,49.0,-123.175024,46.172751,,0.0,False,0.0,0.0,,Low likelihood. GFM negative 0% HEFAS negative ?km web: no specific flood news found for this year
Belle_River,0,0.0,,1,49.0,2022-12,1,17.8,49.0,-82.494487,42.774815,,0.0,False,0.0,0.0,,Low likelihood. GFM negative 0% HEFAS negative ?km web: no specific flood news found for this year
Bergrum_1-6,0,0.0,2022-12,1,42.0,2022-12,1,21.6,49.0,16.228447,58.618251,,16.0,True,0.0035244922341696,5.0,19.8,Medium likelihood. GFM negative 0% HEFAS positive 20km web: no specific flood news found for this year
Bergrum_7,0,0.0,2022-12,1,37.0,2022-12,1,21.9,49.0,16.231185,58.620757,,16.0,True,0.0035244922341696,5.0,20.1,Medium likelihood. GFM negative 0% HEFAS positive 20km web: no specific flood news found for this year
Bergrum_8,0,0.0,2022-12,1,42.0,2022-12,1,21.6,49.0,16.228447,58.618251,,16.0,True,0.0035244922341696,5.0,19.8,Medium likelihood. GFM negative 0% HEFAS positive 20km web: no specific flood news found for this year
Bethlehem_Energy_Center_Albany,0,0.0,,1,76.0,2022-12,1,9.2,49.0,-73.76358,42.590542,,0.0,False,0.0,0.0,,Low likelihood. GFM negative 0% HEFAS negative ?km web: no specific flood news found for this year
Big_Sandy,0,0.0,,1,92.0,2022-12,1,6.0,49.0,-82.617531,38.170667,,0.0,False,0.0,0.0,,Low likelihood. GFM negative 0% HEFAS negative ?km web: no specific flood news found for this year
Black_Dog,0,0.0,,1,52.0,2022-12,1,9.5,49.0,-93.250124,44.810786,,0.0,False,0.0,0.0,,Low likelihood. GFM negative 0% HEFAS negative ?km web: no specific flood news found for this year
Bobcat,1,11.0,2022-03_2022-04_2022-05_2022-09,1,61.0,2022-12,1,24.3,100.0,-91.915743,30.541587,,0.0,False,0.0,0.0,,Medium likelihood. GFM positive 11% HEFAS negative ?km web: no specific flood news found for this year
Boliden_Harjavalta_Oy._Harjavallan_tehtaat,1,9.0,2022-01_2022-02_2022-03,1,48.0,2022-12,1,27.0,100.0,22.123548,61.319962,,0.0,False,-1.0053763440860215,-1.0,38.7,Medium likelihood. GFM positive 9% HEFAS negative 39km web: no specific flood news found for this year
Boliden_Harjavalta_Oy._Porin_kuparielektrolyysi,1,14.0,2022-01_2022-02,1,42.0,2022-12,1,31.5,100.0,21.868083,61.459316,,0.0,False,-1.0053763440860215,-1.0,54.4,Medium likelihood. GFM positive 14% HEFAS negative 54km web: no specific flood news found for this year
Bonavista_02_08-17-008-22W4,1,4.0,2022-04_2022-09_2022-11_2022-12,1,72.0,2022-12,1,25.3,100.0,-112.941149,49.647634,,0.0,False,0.0,0.0,,Medium likelihood. GFM positive 4% HEFAS negative ?km web: no specific flood news found for this year
Bp_Canada_Energy_Company_CS_10-06,1,2.0,2022-03,1,84.0,2022-12,1,15.0,96.0,-111.200423,54.508539,,0.0,False,0.0,0.0,,Medium likelihood. GFM positive 2% HEFAS negative ?km web: no specific flood news found for this year
Brownsville,0,0.0,,1,33.0,2022-12,1,18.9,49.0,-97.42354,25.946176,,0.0,False,0.0,0.0,,Low likelihood. GFM negative 0% HEFAS negative ?km web: no specific flood news found for this year
Budapesti_Er_m__Zrt.,0,0.0,,1,55.0,2022-12,1,16.9,49.0,19.055652,47.463464,,4.0,True,-0.6592592592592592,2.0,1.0,Medium likelihood. GFM negative 0% HEFAS positive 1km web: no specific flood news found for this year
Burlington_Generating_Station,0,0.0,,1,52.0,2022-12,1,15.8,49.0,-74.878137,40.075268,,0.0,False,0.0,0.0,,Low likelihood. GFM negative 0% HEFAS negative ?km web: no specific flood news found for this year
Buronga_Hill_Winery,0,0.0,,1,42.0,2022-12,1,23.8,49.0,142.180451,-34.153482,,0.0,False,0.0,0.0,,Low likelihood. GFM negative 0% HEFAS negative ?km web: no specific flood news found for this year
Butlers_Oilfield,0,0.0,,1,88.0,2022-12,1,35.2,49.0,139.277565,-28.021071,,0.0,False,0.0,0.0,,Low likelihood. GFM negative 0% HEFAS negative ?km web: no specific flood news found for this year
CABOT_CORP_-_CANAL_PLANT,0,0.0,,1,98.0,2022-12,1,11.9,49.0,-91.482152,29.734302,,0.0,False,0.0,0.0,,Low likelihood. GFM negative 0% HEFAS negative ?km web: no specific flood news found for this year
CABOT_CORP_0,0,0.0,,1,78.0,2022-12,1,6.7,49.0,-81.390908,39.334562,,0.0,False,0.0,0.0,,Low likelihood. GFM negative 0% HEFAS negative ?km web: no specific flood news found for this year
CABOT_CORP_1,1,2.0,2022-01_2022-02,1,67.0,2022-12,1,9.4,95.0,-85.095767,38.716333,,0.0,False,0.0,0.0,,Medium likelihood. GFM positive 2% HEFAS negative ?km web: no specific flood news found for this year
CABOT_CORP_CANAL_PLANT,0,0.0,,1,77.0,2022-12,1,14.4,49.0,-91.473193,29.685824,,0.0,False,0.0,0.0,,Low likelihood. GFM negative 0% HEFAS negative ?km web: no specific flood news found for this year
CALAVERAS_MATERIALS_INC_-_LATHROP_RMC,0,0.0,2022-04,1,37.0,2022-12,1,22.2,66.0,-121.265948,37.826364,,0.0,False,0.0,0.0,,Low likelihood. GFM negative 0% HEFAS negative ?km web: no specific flood news found for this year
CALLANAN_INDUSTRIES_ALBANY_ASPHALT_PLANT,0,0.0,,1,78.0,2022-12,1,9.3,49.0,-73.760517,42.617767,,0.0,False,0.0,0.0,,Low likelihood. GFM negative 0% HEFAS negative ?km web: no specific flood news found for this year
CALLAWAY_GOLF_BALL_OPERATIONS_INC,0,0.0,,1,78.0,2022-12,1,10.3,49.0,-72.614627,42.175535,,0.0,False,0.0,0.0,,Low likelihood. GFM negative 0% HEFAS negative ?km web: no specific flood news found for this year
CAMDEN_CNTY_RESOURCE_RECOVERY_ASSOC,0,0.0,,1,57.0,2022-12,1,12.4,49.0,-75.116746,39.909396,,0.0,False,0.0,0.0,,Low likelihood. GFM negative 0% HEFAS negative ?km web: no specific flood news found for this year
CAMERON_INTERNATIONAL_CORP_0,0,0.0,,1,64.0,2022-12,1,14.8,49.0,-91.261603,29.707142,,0.0,False,0.0,0.0,,Low likelihood. GFM negative 0% HEFAS negative ?km web: no specific flood news found for this year
CAMERON_INTERNATIONAL_CORP_1,0,0.0,,1,68.0,2022-12,1,14.2,49.0,-91.277684,29.680334,,0.0,False,0.0,0.0,,Low likelihood. GFM negative 0% HEFAS negative ?km web: no specific flood news found for this year
CAMPBELL_SOUP_SUPPLY_CO_LLC,1,2.0,2022-05,1,37.0,2022-12,1,18.3,100.0,-84.108386,41.397762,,0.0,False,0.0,0.0,,Medium likelihood. GFM positive 2% HEFAS negative ?km web: no specific flood news found for this year
CARLISLE_POLYURETHANE_SYSTEMS,0,0.0,,1,68.0,2022-12,1,12.6,49.0,-85.274261,35.061176,,0.0,False,0.0,0.0,,Low likelihood. GFM negative 0% HEFAS negative ?km web: no specific flood news found for this year
CATERPILLAR_FRANCE_S.A.,0,0.0,,1,51.0,2022-12,1,10.6,49.0,5.706881,45.145417,,0.0,False,-1.0,-1.0,76.5,Low likelihood. GFM negative 0% HEFAS negative 76km web: no specific flood news found for this year
CATERPILLAR_INC._-_NLR,0,0.0,,1,66.0,2022-12,1,20.1,49.0,-92.159958,34.7477,,0.0,False,0.0,0.0,,Low likelihood. GFM negative 0% HEFAS negative ?km web: no specific flood news found for this year
CATERPILLAR_INC_RUBBER_PROCESS_FACILITY,0,0.0,,1,73.0,2022-12,1,12.2,49.0,-89.614803,40.673003,,0.0,False,0.0,0.0,,Low likelihood. GFM negative 0% HEFAS negative ?km web: no specific flood news found for this year
CATERPILLAR_REMANUFACTURING_DRIVETRAIN_LLC,0,0.0,,1,24.0,2022-12,1,24.0,49.0,-96.923981,46.877377,,0.0,False,0.0,0.0,,Low likelihood. GFM negative 0% HEFAS negative ?km web: no specific flood news found for this year
CATLETTSBURG_REFINING_LLC,0,0.0,2022-02,1,91.0,2022-12,1,6.7,62.0,-82.597183,38.377271,,0.0,False,0.0,0.0,,Low likelihood. GFM negative 0% HEFAS negative ?km web: no specific flood news found for this year
CBC_STEEL_BUILDINGS_LLC,1,5.0,2022-01_2022-03_2022-04_2022-07_2022-08_2022-11_2022-12,1,31.0,2022-12,1,25.6,98.0,-121.272321,37.811849,,0.0,False,0.0,0.0,,Medium likelihood. GFM positive 5% HEFAS negative ?km web: no specific flood news found for this year
CELANESE_ACETATE_LLC_-_CELCO_PLANT,0,0.0,,1,92.0,2022-12,1,2.7,49.0,-80.762868,37.345085,,0.0,False,0.0,0.0,,Low likelihood. GFM negative 0% HEFAS negative ?km web: no specific flood news found for this year
CELANESE_LTD_BAY_CITY_PLANT,0,0.0,,1,45.0,2022-12,1,20.3,49.0,-96.020806,28.861935,,0.0,False,0.0,0.0,,Low likelihood. GFM negative 0% HEFAS negative ?km web: no specific flood news found for this year
CENTRALE_GEOTERMICA_CASAGLIA,1,22.0,2022-04_2022-05_2022-12,1,10.0,2022-12,1,42.2,100.0,11.557495,44.878332,,12.0,True,0.0596774193548387,4.0,4.2,High likelihood. GFM positive 22% HEFAS positive 4km web: no specific flood news found for this year
CENTRAL_POWER_STATION,1,11.0,2022-05_2022-06_2022-07_2022-08_2022-11,1,15.0,2022-12,1,37.7,100.0,-148.664788,70.275828,,0.0,False,0.0,0.0,,Medium likelihood. GFM positive 11% HEFAS negative ?km web: no specific flood news found for this year
CENTRAL_PRE-MIX_-_YAKIMA,0,0.0,,1,48.0,2022-12,1,19.7,49.0,-120.477763,46.596538,,0.0,False,0.0,0.0,,Low likelihood. GFM negative 0% HEFAS negative ?km web: no specific flood news found for this year
CENTRAL_PRE-MIX_CONCRETE_PRODUCTS_CO.,0,0.0,,1,51.0,2022-12,1,13.9,49.0,-117.183924,47.68233,,0.0,False,0.0,0.0,,Low likelihood. GFM negative 0% HEFAS negative ?km web: no specific flood news found for this year
CENTRAL_PRE-MIX_SULLIVAN_ROAD,0,0.0,,1,59.0,2022-12,1,12.1,49.0,-117.196114,47.675193,,0.0,False,0.0,0.0,,Low likelihood. GFM negative 0% HEFAS negative ?km web: no specific flood news found for this year
CENTRAL_PREMIX_CONCRETE_PRODUCTS_CO.,0,0.0,,1,66.0,2022-12,1,11.6,49.0,-122.68341,45.541139,,0.0,False,0.0,0.0,,Low likelihood. GFM negative 0% HEFAS negative ?km web: no specific flood news found for this year
CENTRAL_WASHINGTON_CONCRETE_WENATCHEE,0,0.0,,1,78.0,2022-12,1,10.9,49.0,-120.293316,47.509119,,0.0,False,0.0,0.0,,Low likelihood. GFM negative 0% HEFAS negative ?km web: no specific flood news found for this year
CERRO_FLOW_PRODUCTS_LLC,0,0.0,,1,62.0,2022-12,1,19.5,49.0,-90.172983,38.59175,,0.0,False,0.0,0.0,,Low likelihood. GFM negative 0% HEFAS negative ?km web: no specific flood news found for this year
CF_INDUSTRIES_NITROGEN._LLC_-_DONALDSONVILLE_NITROGEN_COMPLEX,1,1.0,2022-11,1,29.0,2022-12,1,21.3,83.0,-90.957851,30.086854,,0.0,False,0.0,0.0,,Medium likelihood. GFM positive 1% HEFAS negative ?km web: no specific flood news found for this year
CF_INDUSTRIES_NITROGEN_LLC,1,1.0,2022-11,1,28.0,2022-12,1,18.1,83.0,-90.955891,30.098549,,0.0,False,0.0,0.0,,Medium likelihood. GFM positive 1% HEFAS negative ?km web: no specific flood news found for this year
CF_INDUSTRIES_NITROGEN_LLC-PORT_NEAL_NITROGEN_COMPLEX,1,13.0,2022-01_2022-02_2022-03_2022-04_2022-05_2022-11_2022-12,1,21.0,2022-12,1,29.6,100.0,-96.364935,42.327854,,0.0,False,0.0,0.0,,Medium likelihood. GFM positive 13% HEFAS negative ?km web: no specific flood news found for this year
CF_Industries_Nitrogen._LLC_-_Yazoo_City_Facility,1,16.0,2022-09_2022-10,1,27.0,2022-12,1,38.8,99.0,-90.407285,32.928078,,0.0,False,0.0,0.0,,Medium likelihood. GFM positive 16% HEFAS negative ?km web: no specific flood news found for this year
CHALMETTE_REFINING_LLC,0,0.0,,1,63.0,2022-12,1,18.0,49.0,-89.972928,29.936333,,0.0,False,0.0,0.0,,Low likelihood. GFM negative 0% HEFAS negative ?km web: no specific flood news found for this year
CHALMETTE_REFINING_LLC_-_CHALMETTE_REFINERY,0,0.0,,1,32.0,2022-12,1,11.4,49.0,-89.953351,29.962547,,0.0,False,0.0,0.0,,Low likelihood. GFM negative 0% HEFAS negative ?km web: no specific flood news found for this year
CHATTEM_INC_PLANT_2,0,0.0,,1,74.0,2022-12,1,10.1,49.0,-85.323041,35.016233,,0.0,False,0.0,0.0,,Low likelihood. GFM negative 0% HEFAS negative ?km web: no specific flood news found for this year
CHEMTOOL_ROCKTON_NORTH_PLANT,0,0.0,,1,67.0,2022-12,1,15.7,49.0,-89.065471,42.468679,,0.0,False,0.0,0.0,,Low likelihood. GFM negative 0% HEFAS negative ?km web: no specific flood news found for this year
CHEROKEE_PHARMACEUTICALS_LLC.,0,0.0,,1,80.0,2022-12,1,9.3,49.0,-76.643224,40.961323,,0.0,False,0.0,0.0,,Low likelihood. GFM negative 0% HEFAS negative ?km web: no specific flood news found for this year
CHESTERFIELD_POWER_STATION,1,1.0,2022-01_2022-04_2022-12,1,30.0,2022-12,1,13.2,100.0,-77.377929,37.382116,,0.0,False,0.0,0.0,,Medium likelihood. GFM positive 1% HEFAS negative ?km web: no specific flood news found for this year
CHEVRON_FORT_WORTH_TERMINAL,0,0.0,,1,66.0,2022-12,1,13.1,49.0,-97.325269,32.787822,,0.0,False,0.0,0.0,,Low likelihood. GFM negative 0% HEFAS negative ?km web: no specific flood news found for this year
CHEVRON_LOUISVILLE_TERMINAL_LUBRICANTS_BLEND_PLANT,0,0.0,2022-01,1,57.0,2022-12,1,15.5,87.0,-85.837282,38.227829,,0.0,False,0.0,0.0,,Low likelihood. GFM negative 0% HEFAS negative ?km web: no specific flood news found for this year
CHEVRON_ORONITE_CO_LLC,0,0.0,,1,64.0,2022-12,1,16.2,49.0,-90.009976,29.808317,,0.0,False,0.0,0.0,,Low likelihood. GFM negative 0% HEFAS negative ?km web: no specific flood news found for this year
CHEVRON_PRODUCTS_CO_SACRAMENTO_TERMINAL,0,0.0,,1,62.0,2022-12,1,18.1,49.0,-121.512815,38.568063,,0.0,False,0.0,0.0,,Low likelihood. GFM negative 0% HEFAS negative ?km web: no specific flood news found for this year
CLEARWATER_PAPER_CORP-CYPRESS_BEND_MILL,0,0.0,,1,28.0,2022-12,1,24.4,49.0,-91.240438,33.705761,,0.0,False,0.0,0.0,,Low likelihood. GFM negative 0% HEFAS negative ?km web: no specific flood news found for this year
CLEARWATER_PAPER_CORP-PPD_CPD_IDAHO,0,0.0,,1,69.0,2022-12,1,12.0,49.0,-116.966984,46.426983,,0.0,False,0.0,0.0,,Low likelihood. GFM negative 0% HEFAS negative ?km web: no specific flood news found for this year
CLEARWATER_PAPER_CORP_0,0,0.0,2022-09_2022-11,1,34.0,2022-12,1,21.7,84.0,-91.235913,33.70645,,0.0,False,0.0,0.0,,Low likelihood. GFM negative 0% HEFAS negative ?km web: no specific flood news found for this year
CLEARWATER_PAPER_CORP_1,0,0.0,,1,69.0,2022-12,1,11.9,49.0,-116.967343,46.427932,,0.0,False,0.0,0.0,,Low likelihood. GFM negative 0% HEFAS negative ?km web: no specific flood news found for this year
CLIMAX_MOLYBDENUM_CO,1,3.0,2022-02_2022-03_2022-04_2022-05_2022-06,1,42.0,2022-12,1,26.0,100.0,-91.426182,40.582594,,0.0,False,0.0,0.0,,Medium likelihood. GFM positive 3% HEFAS negative ?km web: no specific flood news found for this year
CMC_REBAR,0,0.0,,1,83.0,2022-12,1,9.4,49.0,-86.745465,36.158174,,0.0,False,0.0,0.0,,Low likelihood. GFM negative 0% HEFAS negative ?km web: no specific flood news found for this year
CMC_REBAR_-_KANSAS_CITY,0,0.0,,1,51.0,2022-12,1,16.2,49.0,-94.525138,39.134991,,0.0,False,0.0,0.0,,Low likelihood. GFM negative 0% HEFAS negative ?km web: no specific flood news found for this year
CMC_REBAR_ALBUQUERQUE,0,0.0,,1,65.0,2022-12,1,15.6,49.0,-106.643351,35.108701,,0.0,False,0.0,0.0,,Low likelihood. GFM negative 0% HEFAS negative ?km web: no specific flood news found for this year
CMC_REBAR_DENVER,0,0.0,,1,63.0,2022-12,1,15.0,49.0,-104.968721,39.79381,,0.0,False,0.0,0.0,,Low likelihood. GFM negative 0% HEFAS negative ?km web: no specific flood news found for this year
CMC_STEEL_FABRICATORS_INC._DBA_CMC_REBAR,0,0.0,,1,61.0,2022-12,1,16.6,49.0,-96.899348,32.778464,,0.0,False,0.0,0.0,,Low likelihood. GFM negative 0% HEFAS negative ?km web: no specific flood news found for this year
CMC_STEEL_FABRICATORS_INC_DBA_CMC_VALLEY_STEEL,0,0.0,,1,22.0,2022-12,1,26.0,49.0,-97.715846,26.218986,,0.0,False,0.0,0.0,,Low likelihood. GFM negative 0% HEFAS negative ?km web: no specific flood news found for this year
COFFEYVILLE_RESOURCES_NITROGEN_FERTILIZERS_LLC,1,4.0,2022-04_2022-05,1,42.0,2022-12,1,19.9,100.0,-95.605069,37.045362,,0.0,False,0.0,0.0,,Medium likelihood. GFM positive 4% HEFAS negative ?km web: no specific flood news found for this year
COFFEYVILLE_RESOURCES_REFINING_MARKETING,1,5.0,2022-04_2022-05,1,44.0,2022-12,1,20.2,100.0,-95.60612,37.047546,,0.0,False,0.0,0.0,,Medium likelihood. GFM positive 5% HEFAS negative ?km web: no specific flood news found for this year
COLGATE-PALMOLIVE_CO,0,0.0,,1,62.0,2022-12,1,22.5,49.0,-85.765652,38.27924,,0.0,False,0.0,0.0,,Low likelihood. GFM negative 0% HEFAS negative ?km web: no specific flood news found for this year
COLGATE_PALMOLIVE,1,1.0,2022-04_2022-05,1,76.0,2022-12,1,17.9,93.0,2.838461,49.429445,,0.0,False,-1.2684587813620072,-1.0,18.4,Medium likelihood. GFM positive 1% HEFAS negative 18km web: no specific flood news found for this year
COLONIAL_LANDFILL,0,0.0,,1,69.0,2022-12,1,18.8,49.0,-90.874032,30.148351,,0.0,False,0.0,0.0,,Low likelihood. GFM negative 0% HEFAS negative ?km web: no specific flood news found for this year
CONAGRA_FOODS_PACKAGED_FOODS_LLC_-_COUNCIL_BLUFFS,0,0.0,,1,65.0,2022-12,1,14.4,49.0,-95.850686,41.251513,,0.0,False,0.0,0.0,,Low likelihood. GFM negative 0% HEFAS negative ?km web: no specific flood news found for this year
CONCRETE_MATERIALS_COMPANY-YANKTON,1,1.0,2022-03_2022-10,1,19.0,2022-12,1,28.0,99.0,-97.355941,42.887157,,0.0,False,0.0,0.0,,Medium likelihood. GFM positive 1% HEFAS negative ?km web: no specific flood news found for this year
COOPER_CROUSE-HINDS_LLC,0,0.0,,1,77.0,2022-12,1,8.7,49.0,-76.159071,43.084559,,0.0,False,0.0,0.0,,Low likelihood. GFM negative 0% HEFAS negative ?km web: no specific flood news found for this year
CORNING_INC,0,0.0,,1,61.0,2022-12,1,17.0,49.0,-76.921206,42.137534,,0.0,False,0.0,0.0,,Low likelihood. GFM negative 0% HEFAS negative ?km web: no specific flood news found for this year
CORTEVA_FREEPORT_OPERATIONS,0,0.0,,1,36.0,2022-12,1,21.8,49.0,-95.337003,28.955833,,0.0,False,0.0,0.0,,Low likelihood. GFM negative 0% HEFAS negative ?km web: no specific flood news found for this year
COVANTA_PLYMOUTH_RENEWABLE_ENERGY_LLC,0,0.0,,1,82.0,2022-12,1,7.6,49.0,-75.310491,40.0958,,0.0,False,0.0,0.0,,Low likelihood. GFM negative 0% HEFAS negative ?km web: no specific flood news found for this year
CRESCENT_ACRES_LANDFILL,0,0.0,,1,51.0,2022-12,1,12.4,49.0,-89.998487,29.973717,,0.0,False,0.0,0.0,,Low likelihood. GFM negative 0% HEFAS negative ?km web: no specific flood news found for this year
CROWN_BEVERAGE_PACKAGING_0,0,0.0,,1,88.0,2022-12,1,10.0,49.0,-71.17988,42.684495,,0.0,False,0.0,0.0,,Low likelihood. GFM negative 0% HEFAS negative ?km web: no specific flood news found for this year
CROWN_BEVERAGE_PACKAGING_1,0,0.0,,1,42.0,2022-12,1,20.9,49.0,-107.963897,44.023649,,0.0,False,0.0,0.0,,Low likelihood. GFM negative 0% HEFAS negative ?km web: no specific flood news found for this year
CROWN_CORK_SEAL_CO_USA_INC_CROWN_CLOSURE_DIV,0,0.0,,1,78.0,2022-12,1,6.9,49.0,-80.62111,40.387914,,0.0,False,0.0,0.0,,Low likelihood. GFM negative 0% HEFAS negative ?km web: no specific flood news found for this year
CROWN_GROUP_EAST_MOLINE_PLANT,0,0.0,,1,45.0,2022-12,1,16.7,49.0,-90.414109,41.527458,,0.0,False,0.0,0.0,,Low likelihood. GFM negative 0% HEFAS negative ?km web: no specific flood news found for this year
CTSDU_DE_BELLEGARDE,0,0.0,2022-03_2022-04_2022-06,1,49.0,2022-12,1,19.6,99.0,4.502957,43.747082,,0.0,False,-1.032258064516129,-1.0,12.8,Low likelihood. GFM negative 0% HEFAS negative 13km web: no specific flood news found for this year
CYTEC_SOLVAY_COMPOSITE_MATERIALS_ANAHEIM,0,0.0,,1,58.0,2022-12,1,12.3,49.0,-117.861297,33.861963,,0.0,False,0.0,0.0,,Low likelihood. GFM negative 0% HEFAS negative ?km web: no specific flood news found for this year
Cape_Fear_Steam_Electric_Plant,0,0.0,,1,79.0,2022-12,1,15.3,49.0,-79.049177,35.595044,,0.0,False,0.0,0.0,,Low likelihood. GFM negative 0% HEFAS negative ?km web: no specific flood news found for this year
Castlegar_Sawmill,0,0.0,,1,88.0,2022-12,1,6.3,49.0,-117.727317,49.335946,,0.0,False,0.0,0.0,,Low likelihood. GFM negative 0% HEFAS negative ?km web: no specific flood news found for this year
Cecil_Lynch,0,0.0,,1,69.0,2022-12,1,20.7,49.0,-92.198663,34.7535,,0.0,False,0.0,0.0,,Low likelihood. GFM negative 0% HEFAS negative ?km web: no specific flood news found for this year
Celanese_Acetate_LLC_-_Manufacturing_Processes,0,0.0,,1,92.0,2022-12,1,2.6,49.0,-80.764005,37.345102,,0.0,False,0.0,0.0,,Low likelihood. GFM negative 0% HEFAS negative ?km web: no specific flood news found for this year
Charron_Lake_Compressor_Station_15-01-069-16W4,1,7.0,2022-03_2022-05,1,53.0,2022-12,1,21.0,100.0,-112.304677,54.949254,,0.0,False,0.0,0.0,,Medium likelihood. GFM positive 7% HEFAS negative ?km web: no specific flood news found for this year
Cherokee,0,0.0,,1,67.0,2022-12,1,14.1,49.0,-104.964787,39.80784,,0.0,False,0.0,0.0,,Low likelihood. GFM negative 0% HEFAS negative ?km web: no specific flood news found for this year
Chevron_Oronite_Oak_Point,0,0.0,,1,63.0,2022-12,1,16.4,49.0,-90.012907,29.808379,,0.0,False,0.0,0.0,,Low likelihood. GFM negative 0% HEFAS negative ?km web: no specific flood news found for this year
Cholla,0,0.0,2022-11,1,44.0,2022-12,1,27.9,84.0,-110.303301,34.939359,,0.0,False,0.0,0.0,,Low likelihood. GFM negative 0% HEFAS negative ?km web: no specific flood news found for this year
Christies_Oilfield,0,0.0,,1,74.0,2022-12,1,25.8,49.0,139.372947,-27.882887,,0.0,False,0.0,0.0,,Low likelihood. GFM negative 0% HEFAS negative ?km web: no specific flood news found for this year
ConAgra_Foods_Inc.,0,0.0,,1,49.0,2022-12,1,14.5,49.0,-76.85878,41.012279,,0.0,False,0.0,0.0,,Low likelihood. GFM negative 0% HEFAS negative ?km web: no specific flood news found for this year
Conners_Creek,0,0.0,,1,38.0,2022-12,1,14.9,49.0,-82.961068,42.359663,,0.0,False,0.0,0.0,,Low likelihood. GFM negative 0% HEFAS negative ?km web: no specific flood news found for this year
Contra_Costa_Generating_Station,0,0.0,,1,31.0,2022-12,1,20.3,49.0,-121.761017,38.018401,,0.0,False,0.0,0.0,,Low likelihood. GFM negative 0% HEFAS negative ?km web: no specific flood news found for this year
Covanta_WBH,0,0.0,,1,45.0,2022-12,1,17.4,49.0,-96.017327,36.132157,,0.0,False,0.0,0.0,,Low likelihood. GFM negative 0% HEFAS negative ?km web: no specific flood news found for this year
Coyote_Springs_Switchyard,0,0.0,,1,75.0,2022-12,1,9.6,49.0,-122.670005,45.520029,,0.0,False,0.0,0.0,,Low likelihood. GFM negative 0% HEFAS negative ?km web: no specific flood news found for this year
DAIKIN_CHEMICAL_FRANCE_0,0,0.0,,1,68.0,2022-12,1,15.2,49.0,4.822356,45.709843,,0.0,False,-1.0,-1.0,19.6,Low likelihood. GFM negative 0% HEFAS negative 20km web: no specific flood news found for this year
DAIKIN_CHEMICAL_FRANCE_1,0,0.0,,1,68.0,2022-12,1,15.2,49.0,4.822356,45.709843,,0.0,False,-1.0,-1.0,19.6,Low likelihood. GFM negative 0% HEFAS negative 20km web: no specific flood news found for this year
DAKTRONICS_INC,0,0.0,,0,0.0,,0,0.0,0.0,-96.719285,43.594685,,0.0,False,0.0,0.0,,Low likelihood. GFM negative 0% HEFAS negative ?km web: no specific flood news found for this year
DAL-TILE_CORP_LEWISPORT_PLANT,1,7.0,2022-04_2022-09_2022-10,1,33.0,2022-12,1,24.9,100.0,-86.901064,37.924872,,0.0,False,0.0,0.0,,Medium likelihood. GFM positive 7% HEFAS negative ?km web: no specific flood news found for this year
DANISCO_SWEETENERS_INC,1,7.0,2022-02_2022-03,1,14.0,2022-12,1,32.8,100.0,-90.109869,41.999928,,0.0,False,0.0,0.0,,Medium likelihood. GFM positive 7% HEFAS negative ?km web: 2019 Midwestern U.S. floods (Mississippi/Missouri) https://en.wikipedia.org/wiki/2019_Midwestern_U.S._floods
DARLING_INGREDIENTS_INC_0,0,0.0,,1,73.0,2022-12,1,12.7,49.0,-90.21997,41.81391,,0.0,False,0.0,0.0,,Low likelihood. GFM negative 0% HEFAS negative ?km web: no specific flood news found for this year
DARLING_INGREDIENTS_INC_1,1,12.0,2022-02_2022-03_2022-04_2022-05_2022-06_2022-09_2022-10_2022-12,1,9.0,2022-12,1,40.9,100.0,-121.030413,37.465017,,0.0,False,0.0,0.0,,Medium likelihood. GFM positive 12% HEFAS negative ?km web: no specific flood news found for this year
DDP_SPECIALTY_ELECTRONIC_MATERIAL_US_LLC.,1,4.0,2022-06_2022-08_2022-09_2022-11,1,27.0,2022-12,1,22.6,100.0,-113.813566,42.534819,,0.0,False,0.0,0.0,,Medium likelihood. GFM positive 4% HEFAS negative ?km web: no specific flood news found for this year
DENSO_MANUFACTURING_ARKANSAS_0,1,26.0,2022-01_2022-02_2022-03_2022-04_2022-05_2022-06_2022-07_2022-09_2022-10,1,1.0,2022-12,1,49.0,100.0,-90.038095,35.70082,,0.0,False,0.0,0.0,,Medium likelihood. GFM positive 26% HEFAS negative ?km web: no specific flood news found for this year
DENSO_MANUFACTURING_ARKANSAS_1,1,26.0,2022-01_2022-02_2022-03_2022-04_2022-05_2022-06_2022-07_2022-09_2022-10,1,1.0,2022-12,1,49.0,100.0,-90.038095,35.70082,,0.0,False,0.0,0.0,,Medium likelihood. GFM positive 26% HEFAS negative ?km web: no specific flood news found for this year
DERICHEBOURG_BELGIUM_-_Li_ge,0,0.0,,1,77.0,2022-12,1,13.2,49.0,5.635554,50.656098,,6.0,True,-0.6501792114695341,2.0,5.2,Medium likelihood. GFM negative 0% HEFAS positive 5km web: no specific flood news found for this year
DE_KARN_JC_WEADOCK_GENERATING_PLANT,0,0.0,2022-03_2022-04,1,22.0,2022-12,1,15.1,77.0,-83.842026,43.642029,,0.0,False,0.0,0.0,,Low likelihood. GFM negative 0% HEFAS negative ?km web: no specific flood news found for this year
DIAGEO_CANADA_INC._-_AMHERSTBURG,0,0.0,2022-10,1,37.0,2022-12,1,13.0,76.0,-83.11011,42.114157,,0.0,False,0.0,0.0,,Low likelihood. GFM negative 0% HEFAS negative ?km web: no specific flood news found for this year
DIAMOND_ANIMAL_HEALTH,0,0.0,2022-02,1,47.0,2022-12,1,17.1,70.0,-93.529881,41.561256,,0.0,False,0.0,0.0,,Low likelihood. GFM negative 0% HEFAS negative ?km web: no specific flood news found for this year
DIXIE_INDUSTRIES_0,0,0.0,,1,82.0,2022-12,1,10.5,49.0,-85.250635,35.079064,,0.0,False,0.0,0.0,,Low likelihood. GFM negative 0% HEFAS negative ?km web: no specific flood news found for this year
DIXIE_INDUSTRIES_1,0,0.0,,1,77.0,2022-12,1,13.8,49.0,-85.285268,35.030837,,0.0,False,0.0,0.0,,Low likelihood. GFM negative 0% HEFAS negative ?km web: no specific flood news found for this year
DOMINION_ENERGY_SOUTH_CAROLINA_-_JASPER_GENERATING_STATION,0,0.0,2022-05,1,82.0,2022-12,1,18.3,99.0,-81.123979,32.359448,,0.0,False,0.0,0.0,,Low likelihood. GFM negative 0% HEFAS negative ?km web: no specific flood news found for this year
DOMINION_ENERGY_SOUTH_CAROLINA_-_WATEREE_STATION,0,0.0,,1,84.0,2022-12,1,13.1,49.0,-80.622174,33.826661,,0.0,False,0.0,0.0,,Low likelihood. GFM negative 0% HEFAS negative ?km web: no specific flood news found for this year
DOMTAR_AW_LLC_NEKOOSA_MILL,0,0.0,2022-03_2022-04,1,59.0,2022-12,1,18.9,88.0,-89.896153,44.31431,,0.0,False,0.0,0.0,,Low likelihood. GFM negative 0% HEFAS negative ?km web: no specific flood news found for this year
DOMTAR_PAPER_CO_LLC-PLYMOUTH_MILL,0,0.0,,1,73.0,2022-12,1,12.7,49.0,-76.77972,35.861742,,0.0,False,0.0,0.0,,Low likelihood. GFM negative 0% HEFAS negative ?km web: no specific flood news found for this year
DOMTAR_PAPER_CO_LLC_HAWESVILLE_MILL,1,7.0,2022-05_2022-07_2022-10,1,7.0,2022-12,1,22.5,100.0,-86.685794,37.894833,,0.0,False,0.0,0.0,,Medium likelihood. GFM positive 7% HEFAS negative ?km web: no specific flood news found for this year
DTE_Calvert_City._LLC,0,0.0,2022-10,1,65.0,2022-12,1,17.7,75.0,-88.350546,37.046649,,0.0,False,0.0,0.0,,Low likelihood. GFM negative 0% HEFAS negative ?km web: no specific flood news found for this year
DTE_ELECTRIC_CO-BELLE_RIVER_POWER_PLANT,0,0.0,,1,54.0,2022-12,1,17.6,49.0,-82.512316,42.772527,,0.0,False,0.0,0.0,,Low likelihood. GFM negative 0% HEFAS negative ?km web: no specific flood news found for this year
DTE_ELECTRIC_CO_-_TRENTON_CHANNEL_POWER_PLANT,0,0.0,,1,53.0,2022-12,1,15.4,49.0,-83.181236,42.123667,,0.0,False,0.0,0.0,,Low likelihood. GFM negative 0% HEFAS negative ?km web: no specific flood news found for this year
DTE_East_China,0,0.0,,1,45.0,2022-12,1,15.5,49.0,-82.481795,42.774029,,0.0,False,0.0,0.0,,Low likelihood. GFM negative 0% HEFAS negative ?km web: no specific flood news found for this year
DTE_STONEMAN_LLC_GENERATING_STATION,0,0.0,,1,69.0,2022-12,1,12.1,49.0,-90.985331,42.70833,,0.0,False,0.0,0.0,,Low likelihood. GFM negative 0% HEFAS negative ?km web: no specific flood news found for this year
DTE_Stockton,0,0.0,2022-10_2022-12,1,7.0,2022-12,1,16.9,76.0,-121.327357,37.941622,,0.0,False,0.0,0.0,,Low likelihood. GFM negative 0% HEFAS negative ?km web: no specific flood news found for this year
DUCOMMUN_AEROSTRUCTURES_INC_ORANGE_FACILITY,0,0.0,,1,56.0,2022-12,1,12.7,49.0,-117.861976,33.8188,,0.0,False,0.0,0.0,,Low likelihood. GFM negative 0% HEFAS negative ?km web: no specific flood news found for this year
DUKE_ENERGY_CAROLINAS_LLC_-_BUCK_STEAM_STATION,0,0.0,2022-04,1,82.0,2022-12,1,9.0,86.0,-80.376677,35.713346,,0.0,False,0.0,0.0,,Low likelihood. GFM negative 0% HEFAS negative ?km web: no specific flood news found for this year
DUKE_ENERGY_INDIANA_INC-GALLAGHER_GENERATING_STATION,0,0.0,,1,68.0,2022-12,1,11.6,49.0,-85.838011,38.263577,,0.0,False,0.0,0.0,,Low likelihood. GFM negative 0% HEFAS negative ?km web: no specific flood news found for this year
DUKE_ENERGY_INDIANA_INC._-_EDWARDSPORT_IGCC,1,18.0,2022-02_2022-03_2022-10,1,53.0,2022-12,1,29.1,100.0,-87.247198,38.806705,,0.0,False,0.0,0.0,,Medium likelihood. GFM positive 18% HEFAS negative ?km web: no specific flood news found for this year
DUKE_ENERGY_INDIANA_INC_-_WABASH_RIVER_GENERATING_STATION,1,6.0,2022-02_2022-03_2022-04_2022-12,1,70.0,2022-12,1,15.3,100.0,-87.424731,39.52995,,0.0,False,0.0,0.0,,Medium likelihood. GFM positive 6% HEFAS negative ?km web: no specific flood news found for this year
DUKE_ENERGY_KENTUCKY_INC._-_EAST_BEND_GENERATING_STATION,0,0.0,2022-05,1,67.0,2022-12,1,14.8,100.0,-84.848338,38.904472,,0.0,False,0.0,0.0,,Low likelihood. GFM negative 0% HEFAS negative ?km web: no specific flood news found for this year
DUKE_ENERGY_OHIO._INC._-_W.C._BECKJORD_STATION,0,0.0,,1,71.0,2022-12,1,10.1,49.0,-84.297521,38.991362,,0.0,False,0.0,0.0,,Low likelihood. GFM negative 0% HEFAS negative ?km web: no specific flood news found for this year
DUKE_ENERGY_PROGRESS_INC_-_CAPE_FEAR_STEAM_ELECTRIC_PLANT,0,0.0,,1,79.0,2022-12,1,15.3,49.0,-79.049177,35.595044,,0.0,False,0.0,0.0,,Low likelihood. GFM negative 0% HEFAS negative ?km web: no specific flood news found for this year
DUKE_ENERGY_PROGRESS_LLC_-_H_F_LEE_ENERGY_COMPLEX,0,0.0,,1,64.0,2022-12,1,12.1,49.0,-78.087755,35.379897,,0.0,False,0.0,0.0,,Low likelihood. GFM negative 0% HEFAS negative ?km web: no specific flood news found for this year
DUKE_ENERGY_PROGRESS_LLC_-_L_V_SUTTON_ENERGY_COMPLEX,1,1.0,2022-08_2022-09_2022-10_2022-11_2022-12,1,45.0,2022-12,1,15.5,100.0,-77.985251,34.283273,,0.0,False,0.0,0.0,,Medium likelihood. GFM positive 1% HEFAS negative ?km web: no specific flood news found for this year
DUNKIRK_STEAM_STATION,0,0.0,,1,24.0,2022-12,1,5.5,49.0,-79.347621,42.491696,,0.0,False,0.0,0.0,,Low likelihood. GFM negative 0% HEFAS negative ?km web: no specific flood news found for this year
DUPONT_ELECTRONIC_POLYMERS,0,0.0,2022-05,1,58.0,2022-12,1,16.5,89.0,-84.220075,39.733941,,0.0,False,0.0,0.0,,Low likelihood. GFM negative 0% HEFAS negative ?km web: no specific flood news found for this year
DUPONT_PONTCHARTRAIN_WORKS,0,0.0,,1,55.0,2022-12,1,16.9,49.0,-90.524105,30.058896,,0.0,False,0.0,0.0,,Low likelihood. GFM negative 0% HEFAS negative ?km web: no specific flood news found for this year
DUPONT_WASHINGTON_WORKS,0,0.0,,1,77.0,2022-12,1,8.4,49.0,-81.661682,39.271906,,0.0,False,0.0,0.0,,Low likelihood. GFM negative 0% HEFAS negative ?km web: no specific flood news found for this year
DUPONT_YERKES_PLANT,0,0.0,,1,45.0,2022-12,1,11.3,49.0,-78.919147,42.962317,,0.0,False,0.0,0.0,,Low likelihood. GFM negative 0% HEFAS negative ?km web: no specific flood news found for this year
Daikin_Refrigerants_Frankfurt_GmbH_0,0,0.0,,1,62.0,2022-12,1,16.9,49.0,8.540366,50.094694,,27.0,True,0.0511051373954599,3.0,10.9,Medium likelihood. GFM negative 0% HEFAS positive 11km web: no specific flood news found for this year
Daikin_Refrigerants_Frankfurt_GmbH_1,0,0.0,,1,62.0,2022-12,1,16.9,49.0,8.540366,50.094694,,27.0,True,0.0511051373954599,3.0,10.9,Medium likelihood. GFM negative 0% HEFAS positive 11km web: no specific flood news found for this year
Daimler_Truck_AG_Mercedes-Benz_Werk_W_r_th_0,0,0.0,,1,5.0,2022-12,1,17.6,49.0,8.293043,49.047304,,49.0,True,0.0903225806451612,2.0,1.3,Medium likelihood. GFM negative 0% HEFAS positive 1km web: no specific flood news found for this year
Daimler_Truck_AG_Mercedes-Benz_Werk_W_r_th_1,0,0.0,,1,5.0,2022-12,1,17.6,49.0,8.293043,49.047304,,49.0,True,0.0903225806451612,2.0,1.3,Medium likelihood. GFM negative 0% HEFAS positive 1km web: no specific flood news found for this year
Dan_E_Karn,0,0.0,2022-04,1,22.0,2022-12,1,14.8,77.0,-83.843156,43.642544,,0.0,False,0.0,0.0,,Low likelihood. GFM negative 0% HEFAS negative ?km web: no specific flood news found for this year
Danone_GmbH_Werk_Rosenheim,0,0.0,,1,58.0,2022-12,1,15.8,49.0,12.13538,47.855833,,7.0,True,0.0163679808841099,3.0,0.6,Medium likelihood. GFM negative 0% HEFAS positive 1km web: no specific flood news found for this year
Delta,1,3.0,2022-10,1,37.0,2022-12,1,19.3,98.0,-123.014499,49.137674,,0.0,False,0.0,0.0,,Medium likelihood. GFM positive 3% HEFAS negative ?km web: no specific flood news found for this year
Derichebourg_Umwelt_GmbH,0,0.0,,1,47.0,2022-12,1,14.0,49.0,8.335224,49.013261,,49.0,True,0.0903225806451612,2.0,3.6,Medium likelihood. GFM negative 0% HEFAS positive 4km web: no specific flood news found for this year
Doe_River_14-31,1,4.0,2022-02_2022-03_2022-12,1,68.0,2022-12,1,19.1,100.0,-119.877162,56.069456,,0.0,False,0.0,0.0,,Medium likelihood. GFM positive 4% HEFAS negative ?km web: no specific flood news found for this year
Dome_Grassland_11-7,1,27.0,2022-02_2022-03_2022-04_2022-05_2022-06_2022-07_2022-08_2022-09_2022-10_2022-11_2022-12,1,44.0,2022-12,1,34.7,100.0,-112.743839,54.786442,,0.0,False,0.0,0.0,,Medium likelihood. GFM positive 27% HEFAS negative ?km web: no specific flood news found for this year
Dominion_Energy_Questar_-_Transmission_Pipelines_TPL,0,0.0,,1,39.0,2022-12,1,14.2,49.0,-111.924418,40.764935,,0.0,False,0.0,0.0,,Low likelihood. GFM negative 0% HEFAS negative ?km web: no specific flood news found for this year
Dominion_Energy_Wexpro_-_Central_Western_Overthrust_Prod,0,0.0,,1,39.0,2022-12,1,14.2,49.0,-111.924418,40.764935,,0.0,False,0.0,0.0,,Low likelihood. GFM negative 0% HEFAS negative ?km web: no specific flood news found for this year
Dominion_Energy_Wexpro_-_Green_River_Basin_Gath,0,0.0,,1,39.0,2022-12,1,14.2,49.0,-111.924418,40.764935,,0.0,False,0.0,0.0,,Low likelihood. GFM negative 0% HEFAS negative ?km web: no specific flood news found for this year
Dominion_Energy_Wexpro_-_Green_River_Basin_Prod,0,0.0,,1,39.0,2022-12,1,14.2,49.0,-111.924418,40.764935,,0.0,False,0.0,0.0,,Low likelihood. GFM negative 0% HEFAS negative ?km web: no specific flood news found for this year
Domtar_Paper_Company_LLC_-_Plymouth,0,0.0,,1,74.0,2022-12,1,12.8,49.0,-76.783105,35.862863,,0.0,False,0.0,0.0,,Low likelihood. GFM negative 0% HEFAS negative ?km web: no specific flood news found for this year
Draad_Nijmegen_BV_onder_de_naam_Smit_Draad,1,1.0,2022-01_2022-02_2022-03_2022-04_2022-05_2022-07_2022-08_2022-09_2022-10_2022-11_2022-12,1,60.0,2022-12,1,16.1,97.0,5.810228,51.842248,,0.0,False,-1.3333333333333333,0.0,20.5,Medium likelihood. GFM positive 1% HEFAS negative 20km web: no specific flood news found for this year
Duke_Energy_Kentucky_Gas_Operation,0,0.0,,1,68.0,2022-12,1,12.7,49.0,-84.536346,39.106725,,0.0,False,0.0,0.0,,Low likelihood. GFM negative 0% HEFAS negative ?km web: no specific flood news found for this year
Dunvegan_Compressor_Station_13-04-080-03W6,1,3.0,2022-03_2022-04_2022-05,1,79.0,2022-12,1,18.9,100.0,-118.414446,55.910834,,0.0,False,0.0,0.0,,Medium likelihood. GFM positive 3% HEFAS negative ?km web: no specific flood news found for this year
EAGLE_NATRIUM_LLC,0,0.0,,1,81.0,2022-12,1,5.8,49.0,-80.851791,39.747241,,0.0,False,0.0,0.0,,Low likelihood. GFM negative 0% HEFAS negative ?km web: no specific flood news found for this year
EAGLE_US_2_LLC_-_LONGVIEW,0,0.0,2022-11,1,44.0,2022-12,1,17.6,77.0,-122.986496,46.132119,,0.0,False,0.0,0.0,,Low likelihood. GFM negative 0% HEFAS negative ?km web: no specific flood news found for this year
EASTMAN_CHEMICAL_RESINS_INC,0,0.0,,1,90.0,2022-12,1,5.4,49.0,-79.895928,40.273261,,0.0,False,0.0,0.0,,Low likelihood. GFM negative 0% HEFAS negative ?km web: no specific flood news found for this year
EATON_AEROQUIP._LLC,0,0.0,,1,84.0,2022-12,1,6.8,49.0,-85.639559,36.378606,,0.0,False,0.0,0.0,,Low likelihood. GFM negative 0% HEFAS negative ?km web: no specific flood news found for this year
EATON_AEROQUIP._LLC.,0,0.0,,1,80.0,2022-12,1,7.3,49.0,-85.636778,36.386336,,0.0,False,0.0,0.0,,Low likelihood. GFM negative 0% HEFAS negative ?km web: no specific flood news found for this year
EATON_CORP,0,0.0,,1,80.0,2022-12,1,13.2,49.0,-90.437041,38.545023,,0.0,False,0.0,0.0,,Low likelihood. GFM negative 0% HEFAS negative ?km web: no specific flood news found for this year
ECLIPSE,0,0.0,,1,65.0,2022-12,1,12.5,49.0,-89.070808,42.33261,,0.0,False,0.0,0.0,,Low likelihood. GFM negative 0% HEFAS negative ?km web: no specific flood news found for this year
ECOLAB_INC_0,1,2.0,2022-03,1,70.0,2022-12,1,23.4,100.0,-89.168568,37.003002,,0.0,False,0.0,0.0,,Medium likelihood. GFM positive 2% HEFAS negative ?km web: no specific flood news found for this year
ECOLAB_INC_1,0,0.0,,1,47.0,2022-12,1,15.9,49.0,-94.556772,39.13342,,0.0,False,0.0,0.0,,Low likelihood. GFM negative 0% HEFAS negative ?km web: no specific flood news found for this year
EDF_TAC,0,0.0,,1,69.0,2022-12,1,16.1,49.0,2.655391,48.87244,,0.0,False,-1.0,-1.0,20.2,Low likelihood. GFM negative 0% HEFAS negative 20km web: no specific flood news found for this year
EDF_TAC_ARRIGHI,0,0.0,,1,58.0,2022-12,1,14.4,49.0,2.416482,48.787414,,0.0,False,-1.0,-1.0,0.8,Low likelihood. GFM negative 0% HEFAS negative 1km web: no specific flood news found for this year
EDF_TAC_GENNEVILLIERS,0,0.0,,1,75.0,2022-12,1,10.7,49.0,2.258042,48.937729,,0.0,False,-1.0,-1.0,13.0,Low likelihood. GFM negative 0% HEFAS negative 13km web: no specific flood news found for this year
EES_COKE_BATTERY_LLC,0,0.0,,1,54.0,2022-12,1,12.1,49.0,-83.111342,42.281127,,0.0,False,0.0,0.0,,Low likelihood. GFM negative 0% HEFAS negative ?km web: no specific flood news found for this year
ELANCO_AUGUSTA_TECHNOLOGY_CENTER,1,1.0,2022-05,1,56.0,2022-12,1,14.1,100.0,-81.943633,33.423457,,0.0,False,0.0,0.0,,Medium likelihood. GFM positive 1% HEFAS negative ?km web: no specific flood news found for this year
ELRAMA_POWER_PLANT,0,0.0,,1,86.0,2022-12,1,5.3,49.0,-79.917369,40.252366,,0.0,False,0.0,0.0,,Low likelihood. GFM negative 0% HEFAS negative ?km web: no specific flood news found for this year
EMERALD_SERVICES_INC_-_SPOKANE,0,0.0,,1,56.0,2022-12,1,11.4,49.0,-117.319682,47.668395,,0.0,False,0.0,0.0,,Low likelihood. GFM negative 0% HEFAS negative ?km web: no specific flood news found for this year
EMERSON_AUTOMATION_SOLUTIONS,1,1.0,2022-05,1,18.0,2022-12,1,31.2,77.0,-97.618587,26.191461,,0.0,False,0.0,0.0,,Medium likelihood. GFM positive 1% HEFAS negative ?km web: no specific flood news found for this year
EMERSON_ELECTRIC_CO,1,11.0,2022-04_2022-05_2022-06_2022-10_2022-11,1,29.0,2022-12,1,32.7,99.0,-90.06629,36.245961,,0.0,False,0.0,0.0,,Medium likelihood. GFM positive 11% HEFAS negative ?km web: no specific flood news found for this year
EMERSON_POWER_TRANSMISSION_CORP_GEARCO,0,0.0,,1,80.0,2022-12,1,8.1,49.0,-83.740276,38.643006,,0.0,False,0.0,0.0,,Low likelihood. GFM negative 0% HEFAS negative ?km web: no specific flood news found for this year
ENAGAS_TRANSPORTE_TIVISSA,0,0.0,2022-01,1,69.0,2022-12,1,12.1,88.0,0.666352,41.058245,,0.0,False,-0.5063918757467144,0.0,16.4,Low likelihood. GFM negative 0% HEFAS negative 16km web: no specific flood news found for this year
ENEL_PRODUZIONE_S.P.A._-_POWER_PLANT_NORTH_C.LE_LA_CASELLA,1,4.0,2022-04_2022-05_2022-09_2022-10,1,1.0,2022-12,1,25.4,99.0,9.479397,45.089901,,55.0,True,0.1002986857825567,2.0,5.4,High likelihood. GFM positive 4% HEFAS positive 5km web: no specific flood news found for this year
ENEL_PRODUZIONE_SPA_-_UB_NORD_OVEST_-_C.LE_ALESSANDRIA,1,14.0,2022-03_2022-04_2022-05,1,18.0,2022-12,1,35.2,100.0,8.607131,44.940558,,44.0,True,-0.2048387096774193,5.0,32.9,High likelihood. GFM positive 14% HEFAS positive 33km web: no specific flood news found for this year
ENEL_PRODUZIONE_SPA_-_UB_NORD_OVEST_-_C.LE_CARPI,1,16.0,2022-02_2022-03_2022-04_2022-05_2022-09_2022-10,1,3.0,2022-12,1,36.0,100.0,10.901665,44.844442,,35.0,True,0.1869175627240143,5.0,5.2,High likelihood. GFM positive 16% HEFAS positive 5km web: no specific flood news found for this year
ENTEGRIS_INC.,0,0.0,,1,59.0,2022-12,1,8.0,49.0,-75.368283,39.840665,,0.0,False,0.0,0.0,,Low likelihood. GFM negative 0% HEFAS negative ?km web: no specific flood news found for this year
ENTERGY_LOUISIANA_LLC_-_NINEMILE_POINT_PLANT,0,0.0,,1,70.0,2022-12,1,15.8,49.0,-90.141406,29.950836,,0.0,False,0.0,0.0,,Low likelihood. GFM negative 0% HEFAS negative ?km web: no specific flood news found for this year
EP_Minerals._LLC,1,3.0,2022-01_2022-03_2022-08_2022-09_2022-10,1,38.0,2022-12,1,28.0,100.0,-117.372228,43.94973,,0.0,False,0.0,0.0,,Medium likelihood. GFM positive 3% HEFAS negative ?km web: no specific flood news found for this year
EQM_Gathering_Opco._LLC_-_Basin_160A_-_Appalachian_Eastern_Overthrust_-_GB,0,0.0,,1,82.0,2022-12,1,7.0,49.0,-80.000806,40.44215,,0.0,False,0.0,0.0,,Low likelihood. GFM negative 0% HEFAS negative ?km web: no specific flood news found for this year
EQT_Gathering._LLC_-_Basin_160A_-_Appalachian_Eastern_Overthrust_-_GB,0,0.0,,1,82.0,2022-12,1,7.0,49.0,-80.000806,40.44215,,0.0,False,0.0,0.0,,Low likelihood. GFM negative 0% HEFAS negative ?km web: no specific flood news found for this year
EQT_Gathering._LLC_-_Basin_160_-_Appalachian_-_GB,0,0.0,,1,82.0,2022-12,1,7.0,49.0,-80.000806,40.44215,,0.0,False,0.0,0.0,,Low likelihood. GFM negative 0% HEFAS negative ?km web: no specific flood news found for this year
EQT_Production_-_Basin_160A_-_Appalachian_Eastern_Overthrust,0,0.0,,1,82.0,2022-12,1,7.0,49.0,-80.000806,40.44215,,0.0,False,0.0,0.0,,Low likelihood. GFM negative 0% HEFAS negative ?km web: no specific flood news found for this year
EQT_Production_-_Basin_160A_-_Appalachian_Eastern_Overthrust_-_GB,0,0.0,,1,82.0,2022-12,1,7.0,49.0,-80.000806,40.44215,,0.0,False,0.0,0.0,,Low likelihood. GFM negative 0% HEFAS negative ?km web: no specific flood news found for this year
EQT_Production_-_Basin_160_-_Appalachian,0,0.0,,1,82.0,2022-12,1,7.0,49.0,-80.000806,40.44215,,0.0,False,0.0,0.0,,Low likelihood. GFM negative 0% HEFAS negative ?km web: no specific flood news found for this year
EQUISTAR_CHEMICALS_LP-MATAGORDA_FACILITY,0,0.0,,1,11.0,2022-12,1,24.3,49.0,-95.943084,28.787443,,0.0,False,0.0,0.0,,Low likelihood. GFM negative 0% HEFAS negative ?km web: no specific flood news found for this year
ERAMET_MARIETTA_INC,0,0.0,,1,73.0,2022-12,1,6.8,49.0,-81.523549,39.372884,,0.0,False,0.0,0.0,,Low likelihood. GFM negative 0% HEFAS negative ?km web: no specific flood news found for this year
EVN_AG_0,0,0.0,,1,54.0,2022-12,1,19.2,49.0,16.338007,48.33057,,8.0,True,0.0240143369175627,4.0,0.5,Medium likelihood. GFM negative 0% HEFAS positive 0km web: no specific flood news found for this year
EVN_AG_1,0,0.0,,1,34.0,2022-12,1,24.9,49.0,15.708286,48.394846,,6.0,True,0.0183393070489844,2.0,15.6,Medium likelihood. GFM negative 0% HEFAS positive 16km web: no specific flood news found for this year
EVN_W_rmekraftwerke_GmbH_0,1,3.0,2022-02_2022-03_2022-05,1,13.0,2022-12,1,36.8,98.0,15.923828,48.325591,,6.0,True,0.0183393070489844,2.0,29.0,High likelihood. GFM positive 3% HEFAS positive 29km web: no specific flood news found for this year
EVN_W_rmekraftwerke_GmbH_1,0,0.0,,1,54.0,2022-12,1,19.2,49.0,16.338007,48.33057,,8.0,True,0.0240143369175627,4.0,0.5,Medium likelihood. GFM negative 0% HEFAS positive 0km web: no specific flood news found for this year
EVN_W_rmekraftwerke_GmbH_2,0,0.0,,1,34.0,2022-12,1,24.9,49.0,15.708286,48.394846,,6.0,True,0.0183393070489844,2.0,15.6,Medium likelihood. GFM negative 0% HEFAS positive 16km web: no specific flood news found for this year
EVN_W_rmekraftwerke_GmbH_3,1,3.0,2022-02_2022-03_2022-05,1,16.0,2022-12,1,35.3,98.0,15.932343,48.327395,,6.0,True,0.0183393070489844,2.0,29.2,High likelihood. GFM positive 3% HEFAS positive 29km web: no specific flood news found for this year
EVOMEK_-_Fusione_di_leghe_di_alluminio,1,8.0,2022-02_2022-03_2022-04_2022-05_2022-06_2022-07_2022-08,1,7.0,2022-12,1,36.7,100.0,12.17245,44.800898,,13.0,True,0.0474910394265232,4.0,16.2,High likelihood. GFM positive 8% HEFAS positive 16km web: no specific flood news found for this year
EVONIK_CORP_0,0,0.0,,1,60.0,2022-12,1,8.3,49.0,-75.37299,39.83767,,0.0,False,0.0,0.0,,Low likelihood. GFM negative 0% HEFAS negative ?km web: no specific flood news found for this year
EVONIK_CORP_1,1,6.0,2022-01_2022-02_2022-03_2022-09_2022-10,1,62.0,2022-12,1,21.5,100.0,-88.33491,37.054748,,0.0,False,0.0,0.0,,Medium likelihood. GFM positive 6% HEFAS negative ?km web: no specific flood news found for this year
EVONIK_CORP_2,0,0.0,,1,19.0,2022-12,1,10.2,49.0,-89.724537,40.564694,,0.0,False,0.0,0.0,,Low likelihood. GFM negative 0% HEFAS negative ?km web: no specific flood news found for this year
EVONIK_CORP_3,1,2.0,2022-02_2022-04_2022-11_2022-12,1,45.0,2022-12,1,19.2,93.0,-96.101959,41.536721,,0.0,False,0.0,0.0,,Medium likelihood. GFM positive 2% HEFAS negative ?km web: no specific flood news found for this year
EVONIK_CORP_4,0,0.0,,1,38.0,2022-12,1,17.5,49.0,-90.625342,30.040794,,0.0,False,0.0,0.0,,Low likelihood. GFM negative 0% HEFAS negative ?km web: no specific flood news found for this year
EVONIK_CORP_5,0,0.0,2022-03_2022-04,1,36.0,2022-12,1,19.3,80.0,-90.57458,30.07181,,0.0,False,0.0,0.0,,Low likelihood. GFM negative 0% HEFAS negative ?km web: no specific flood news found for this year
EVONIK_CORP_CALVERT_CITY_PLANT,1,2.0,2022-10,1,67.0,2022-12,1,20.3,82.0,-88.347956,37.040973,,0.0,False,0.0,0.0,,Medium likelihood. GFM positive 2% HEFAS negative ?km web: no specific flood news found for this year
EVONIK_INDUSTRIES,0,0.0,,1,6.0,2022-12,1,9.2,49.0,-89.036986,42.670093,,0.0,False,0.0,0.0,,Low likelihood. GFM negative 0% HEFAS negative ?km web: no specific flood news found for this year
EXACTA_AEROSPACE_INC,0,0.0,,1,42.0,2022-12,1,16.9,49.0,-97.392682,37.665661,,0.0,False,0.0,0.0,,Low likelihood. GFM negative 0% HEFAS negative ?km web: no specific flood news found for this year
EXELON_CORP_CROYDON_GENERATING_STATION,0,0.0,,1,52.0,2022-12,1,14.0,49.0,-74.893388,40.079948,,0.0,False,0.0,0.0,,Low likelihood. GFM negative 0% HEFAS negative ?km web: no specific flood news found for this year
EXELON_CORP_SCHUYLKILL_GENERATING_STATION,0,0.0,,1,81.0,2022-12,1,7.6,49.0,-75.18687,39.941835,,0.0,False,0.0,0.0,,Low likelihood. GFM negative 0% HEFAS negative ?km web: no specific flood news found for this year
EXXONMOBIL_ANCHORAGE_TANK_FARM_0,0,0.0,2022-03,1,33.0,2022-12,1,24.3,82.0,-91.222097,30.475257,,0.0,False,0.0,0.0,,Low likelihood. GFM negative 0% HEFAS negative ?km web: no specific flood news found for this year
EXXONMOBIL_ANCHORAGE_TANK_FARM_1,0,0.0,2022-03,1,33.0,2022-12,1,24.3,82.0,-91.222097,30.475257,,0.0,False,0.0,0.0,,Low likelihood. GFM negative 0% HEFAS negative ?km web: no specific flood news found for this year
EXXONMOBIL_CHEMICAL_FRANCE_0,1,2.0,2022-05_2022-08,1,56.0,2022-12,1,19.3,98.0,0.529789,49.496185,,0.0,False,-1.0,-1.0,55.9,Medium likelihood. GFM positive 2% HEFAS negative 56km web: no specific flood news found for this year
EXXONMOBIL_CHEMICAL_FRANCE_1,1,2.0,2022-05_2022-08,1,56.0,2022-12,1,19.3,98.0,0.529789,49.496185,,0.0,False,-1.0,-1.0,55.9,Medium likelihood. GFM positive 2% HEFAS negative 56km web: no specific flood news found for this year
EXXONMOBIL_OIL_CORP_ATWOOD_TERMINAL_0,0,0.0,,1,56.0,2022-12,1,12.2,49.0,-117.838513,33.866655,,0.0,False,0.0,0.0,,Low likelihood. GFM negative 0% HEFAS negative ?km web: no specific flood news found for this year
EXXONMOBIL_OIL_CORP_ATWOOD_TERMINAL_1,0,0.0,,1,56.0,2022-12,1,12.2,49.0,-117.838513,33.866655,,0.0,False,0.0,0.0,,Low likelihood. GFM negative 0% HEFAS negative ?km web: no specific flood news found for this year
EXXONMOBIL_PAULSBORO_LUBE_PLANT_0,1,1.0,2022-02_2022-04_2022-05_2022-10_2022-12,1,65.0,2022-12,1,14.8,100.0,-75.25396,39.829667,,0.0,False,0.0,0.0,,Medium likelihood. GFM positive 1% HEFAS negative ?km web: no specific flood news found for this year
EXXONMOBIL_PAULSBORO_LUBE_PLANT_1,1,1.0,2022-02_2022-04_2022-05_2022-10_2022-12,1,65.0,2022-12,1,14.8,100.0,-75.25396,39.829667,,0.0,False,0.0,0.0,,Medium likelihood. GFM positive 1% HEFAS negative ?km web: no specific flood news found for this year
EXXON_MOBIL_CORP_MEMPHIS_TERMINAL_0,1,1.0,2022-03,1,61.0,2022-12,1,14.4,100.0,-90.077732,35.120502,,0.0,False,0.0,0.0,,Medium likelihood. GFM positive 1% HEFAS negative ?km web: no specific flood news found for this year
EXXON_MOBIL_CORP_MEMPHIS_TERMINAL_1,1,1.0,2022-03,1,61.0,2022-12,1,14.4,100.0,-90.077732,35.120502,,0.0,False,0.0,0.0,,Medium likelihood. GFM positive 1% HEFAS negative ?km web: no specific flood news found for this year
EXXON_MOBIL_CORP_NASHVILLE_TERMINAL_0,0,0.0,,1,77.0,2022-12,1,11.2,49.0,-86.827638,36.180864,,0.0,False,0.0,0.0,,Low likelihood. GFM negative 0% HEFAS negative ?km web: no specific flood news found for this year
EXXON_MOBIL_CORP_NASHVILLE_TERMINAL_1,0,0.0,,1,77.0,2022-12,1,11.2,49.0,-86.827638,36.180864,,0.0,False,0.0,0.0,,Low likelihood. GFM negative 0% HEFAS negative ?km web: no specific flood news found for this year
EXXON_MOBIL_CORP_SPOKANE_TERMINAL_0,0,0.0,,1,55.0,2022-12,1,11.9,49.0,-117.320884,47.670022,,0.0,False,0.0,0.0,,Low likelihood. GFM negative 0% HEFAS negative ?km web: no specific flood news found for this year
EXXON_MOBIL_CORP_SPOKANE_TERMINAL_1,0,0.0,,1,55.0,2022-12,1,11.9,49.0,-117.320884,47.670022,,0.0,False,0.0,0.0,,Low likelihood. GFM negative 0% HEFAS negative ?km web: no specific flood news found for this year
Eaglesham_Sweet_Gas_Plant_02-14-077-25W5,1,6.0,2022-03_2022-07_2022-11_2022-12,1,52.0,2022-12,1,27.2,100.0,-117.761582,55.666969,,0.0,False,0.0,0.0,,Medium likelihood. GFM positive 6% HEFAS negative ?km web: no specific flood news found for this year
Eddystone_Generating_Station,0,0.0,,1,41.0,2022-12,1,8.0,49.0,-75.322976,39.85805,,0.0,False,0.0,0.0,,Low likelihood. GFM negative 0% HEFAS negative ?km web: no specific flood news found for this year
Edwardsport,1,18.0,2022-02_2022-03_2022-10,1,53.0,2022-12,1,29.1,100.0,-87.247198,38.806705,,0.0,False,0.0,0.0,,Medium likelihood. GFM positive 18% HEFAS negative ?km web: no specific flood news found for this year
Elmworth_Comp_Stn_08-13,1,11.0,2022-02_2022-07_2022-09,1,66.0,2022-12,1,21.1,100.0,-119.529211,54.972447,,0.0,False,0.0,0.0,,Medium likelihood. GFM positive 11% HEFAS negative ?km web: no specific flood news found for this year
Elmworth_Comp_Stn_10-13_NPRI,1,16.0,2022-02_2022-03_2022-07_2022-11,1,71.0,2022-12,1,20.9,100.0,-119.388075,55.061956,,0.0,False,0.0,0.0,,Medium likelihood. GFM positive 16% HEFAS negative ?km web: no specific flood news found for this year
Elmworth_Comp_Stn_10-17,1,32.0,2022-02_2022-03_2022-12,1,53.0,2022-12,1,32.7,100.0,-119.337147,55.061912,,0.0,False,0.0,0.0,,Medium likelihood. GFM positive 32% HEFAS negative ?km web: no specific flood news found for this year
Elmworth_Comp_Stn_10-35_NPRI,1,1.0,2022-02_2022-03,1,86.0,2022-12,1,11.5,87.0,-119.413457,55.018288,,0.0,False,0.0,0.0,,Medium likelihood. GFM positive 1% HEFAS negative ?km web: no specific flood news found for this year
Elmworth_Comp_Stn_15-03,0,0.0,,1,82.0,2022-12,1,9.4,49.0,-119.436925,54.950842,,0.0,False,0.0,0.0,,Low likelihood. GFM negative 0% HEFAS negative ?km web: no specific flood news found for this year
Emerald_Rail_Fuelling_Facility,0,0.0,,1,36.0,2022-12,1,25.6,49.0,148.153255,-23.527221,,0.0,False,0.0,0.0,,Low likelihood. GFM negative 0% HEFAS negative ?km web: no specific flood news found for this year
Enerchem_Slave_Lake_16-31-073-05W5,1,1.0,2022-03_2022-11,1,70.0,2022-12,1,11.2,97.0,-114.748863,55.372265,,0.0,False,0.0,0.0,,Medium likelihood. GFM positive 1% HEFAS negative ?km web: no specific flood news found for this year
Entergy_New_Orleans._LLC_Gas_Business,0,0.0,,1,69.0,2022-12,1,16.3,49.0,-90.079312,29.979844,,0.0,False,0.0,0.0,,Low likelihood. GFM negative 0% HEFAS negative ?km web: no specific flood news found for this year
Equitable_Gas_Company_PA_dba_Peoples,0,0.0,,1,80.0,2022-12,1,7.7,49.0,-80.008204,40.446493,,0.0,False,0.0,0.0,,Low likelihood. GFM negative 0% HEFAS negative ?km web: no specific flood news found for this year
Equitrans._LP_-_Transmission_Pipeline,0,0.0,,1,82.0,2022-12,1,7.0,49.0,-80.000806,40.44215,,0.0,False,0.0,0.0,,Low likelihood. GFM negative 0% HEFAS negative ?km web: no specific flood news found for this year
Evonik_Degussa_GmbH,0,0.0,,1,69.0,2022-12,1,14.9,49.0,7.795338,47.564455,,15.0,True,0.0590800477897252,3.0,0.5,Medium likelihood. GFM negative 0% HEFAS positive 0km web: no specific flood news found for this year
Evonik_Functional_Solutions_GmbH,1,8.0,2022-04_2022-05,1,42.0,2022-12,1,25.9,100.0,7.029598,50.824029,,25.0,True,0.0734169653524492,5.0,9.6,High likelihood. GFM positive 8% HEFAS positive 10km web: no specific flood news found for this year
Evonik_Italia_S.r.l.,1,3.0,2022-04,1,12.0,2022-12,1,32.2,94.0,9.546887,45.412859,,16.0,True,-0.2983870967741935,4.0,10.8,High likelihood. GFM positive 3% HEFAS positive 11km web: no specific flood news found for this year
Evonik_Operations_GmbH_-_Werk_Wesseling,1,3.0,2022-04_2022-05,1,55.0,2022-12,1,21.5,99.0,6.976194,50.834138,,20.0,True,0.0084826762246117,2.0,11.5,High likelihood. GFM positive 3% HEFAS positive 12km web: no specific flood news found for this year
Evonik_Operations_GmbH_0,0,0.0,2022-04_2022-07,1,75.0,2022-12,1,13.8,54.0,9.150933,49.83227,,4.0,True,0.0111111111111111,2.0,7.2,Medium likelihood. GFM negative 0% HEFAS positive 7km web: no specific flood news found for this year
Evonik_Operations_GmbH_1,0,0.0,,1,66.0,2022-12,1,14.3,49.0,6.758019,51.498637,,11.0,True,0.0472819593787335,3.0,5.2,Medium likelihood. GFM negative 0% HEFAS positive 5km web: no specific flood news found for this year
Evonik_Operations_GmbH_Standort_Bonn,1,1.0,2022-04_2022-05,1,64.0,2022-12,1,18.0,93.0,7.126917,50.741523,,25.0,True,0.0751493428912783,5.0,1.4,High likelihood. GFM positive 1% HEFAS positive 1km web: no specific flood news found for this year
Evonik_Operations_GmbH_Werk_Nord,0,0.0,2022-04,1,71.0,2022-12,1,15.3,96.0,7.805051,47.568037,,15.0,True,0.0590800477897252,3.0,0.9,Medium likelihood. GFM negative 0% HEFAS positive 1km web: no specific flood news found for this year
Evonik_Superabsorber_GmbH,1,1.0,2022-05,1,31.0,2022-12,1,25.5,82.0,8.012925,48.753818,,1.0,True,0.0018518518518518,2.0,11.9,High likelihood. GFM positive 1% HEFAS positive 12km web: no specific flood news found for this year
ExxonMobil_Chemical_Holland_BV_ROP_van_RPI__0,0,0.0,,1,43.0,2022-12,1,22.2,49.0,4.184806,51.92881,,0.0,False,-2.0,-2.0,91.0,Low likelihood. GFM negative 0% HEFAS negative 91km web: no specific flood news found for this year
ExxonMobil_Chemical_Holland_BV_ROP_van_RPI__1,0,0.0,,1,43.0,2022-12,1,22.2,49.0,4.184806,51.92881,,0.0,False,-2.0,-2.0,91.0,Low likelihood. GFM negative 0% HEFAS negative 91km web: no specific flood news found for this year
FABRICATED_TUBE_PRODUCTS_-_CARROLLTON,0,0.0,,1,48.0,2022-12,1,16.9,49.0,-96.937354,32.9512,,0.0,False,0.0,0.0,,Low likelihood. GFM negative 0% HEFAS negative ?km web: no specific flood news found for this year
FAULKVILLE_CHIPMILL,0,0.0,2022-07_2022-09_2022-10_2022-11,1,90.0,2022-12,1,16.4,82.0,-81.356176,32.148301,,0.0,False,0.0,0.0,,Low likelihood. GFM negative 0% HEFAS negative ?km web: no specific flood news found for this year
FAURECIA_AUTOMOTIVE_INDUSTRIE,1,1.0,2022-02_2022-04,1,59.0,2022-12,1,25.2,87.0,5.077913,49.600365,,11.0,True,-0.9746714456391876,5.0,13.9,High likelihood. GFM positive 1% HEFAS positive 14km web: no specific flood news found for this year
FEDERAL_CARTRIDGE_CO-CCI,0,0.0,,1,79.0,2022-12,1,7.8,49.0,-117.035056,46.396379,,0.0,False,0.0,0.0,,Low likelihood. GFM negative 0% HEFAS negative ?km web: no specific flood news found for this year
FEDERAL_CARTRIDGE_COMPANY-OROVILLE_OPERATIONS,0,0.0,,1,61.0,2022-12,1,18.0,49.0,-121.567794,39.498845,,0.0,False,0.0,0.0,,Low likelihood. GFM negative 0% HEFAS negative ?km web: no specific flood news found for this year
FGSZ_F_ldg_zsz_ll_t_Z_rtk_r_en_M_k_d__R_szv_nyt_rsas_g_0,1,29.0,2022-03_2022-04_2022-05,1,3.0,2022-12,1,45.3,100.0,17.209894,47.872591,,8.0,True,-0.026284348864994,4.0,27.8,High likelihood. GFM positive 29% HEFAS positive 28km web: no specific flood news found for this year
FGSZ_F_ldg_zsz_ll_t_Z_rtk_r_en_M_k_d__R_szv_nyt_rsas_g_1,1,24.0,2022-01_2022-02_2022-03_2022-04_2022-05_2022-06_2022-07_2022-08,1,19.0,2022-12,1,41.2,100.0,20.959437,47.882093,,247.0,True,0.449342891278375,2.0,7.5,High likelihood. GFM positive 24% HEFAS positive 8km web: no specific flood news found for this year
FGSZ_Zrt._0,1,52.0,2022-02_2022-03_2022-04_2022-05_2022-06_2022-07,1,9.0,2022-12,1,55.6,100.0,20.997977,47.881182,,23.0,True,-0.2966547192353644,2.0,4.7,High likelihood. GFM positive 52% HEFAS positive 5km web: no specific flood news found for this year
FGSZ_Zrt._1,1,29.0,2022-03_2022-04_2022-05,1,3.0,2022-12,1,45.3,100.0,17.209894,47.872591,,8.0,True,-0.026284348864994,4.0,27.8,High likelihood. GFM positive 29% HEFAS positive 28km web: no specific flood news found for this year
FLEXSYS_AMERICA_LP_KRUMMRICH,0,0.0,,1,63.0,2022-12,1,18.6,49.0,-90.168716,38.597211,,0.0,False,0.0,0.0,,Low likelihood. GFM negative 0% HEFAS negative ?km web: no specific flood news found for this year
FLORIDA_GAS_TRANSMISSION_COMPANY_-_PORT_BARRE,1,22.0,2022-03_2022-04_2022-05_2022-10,1,63.0,2022-12,1,27.7,100.0,-91.869612,30.540367,,0.0,False,0.0,0.0,,Medium likelihood. GFM positive 22% HEFAS negative ?km web: no specific flood news found for this year
FMC_CORP_0,0,0.0,,1,47.0,2022-12,1,12.7,49.0,-81.631511,30.340053,,0.0,False,0.0,0.0,,Low likelihood. GFM negative 0% HEFAS negative ?km web: no specific flood news found for this year
FMC_CORP_1,1,14.0,2022-01_2022-02_2022-03_2022-04_2022-05_2022-11_2022-12,1,19.0,2022-12,1,30.6,100.0,-96.362029,42.328272,,0.0,False,0.0,0.0,,Medium likelihood. GFM positive 14% HEFAS negative ?km web: no specific flood news found for this year
FM_Mattsson._S_dra_fabriken,0,0.0,,1,74.0,2022-12,1,18.6,49.0,14.489917,61.024404,,8.0,True,-0.043010752688172,2.0,79.4,Medium likelihood. GFM negative 0% HEFAS positive 79km web: no specific flood news found for this year
FORTERRA_CONCRETE_INDUSTRIES_INC._-_LOUISVILLE,0,0.0,,1,68.0,2022-12,1,16.4,49.0,-85.842504,38.203597,,0.0,False,0.0,0.0,,Low likelihood. GFM negative 0% HEFAS negative ?km web: no specific flood news found for this year
FORTERRA_CONCRETE_PRODUCTS_-_BONNER_SPRINGS,1,1.0,2022-01_2022-02_2022-03_2022-04_2022-05_2022-06_2022-07_2022-08_2022-09_2022-10_2022-11_2022-12,1,59.0,2022-12,1,15.3,100.0,-94.860139,39.05607,,0.0,False,0.0,0.0,,Medium likelihood. GFM positive 1% HEFAS negative ?km web: no specific flood news found for this year
FORTERRA_CONCRETE_PRODUCTS_-_HUMBOLDT,1,3.0,2022-02_2022-09_2022-10,1,59.0,2022-12,1,22.7,71.0,-94.207201,42.679607,,0.0,False,0.0,0.0,,Medium likelihood. GFM positive 3% HEFAS negative ?km web: no specific flood news found for this year
FORTERRA_CONCRETE_PRODUCTS_-_SHAKOPEE,0,0.0,,1,41.0,2022-12,1,17.3,49.0,-93.428012,44.793949,,0.0,False,0.0,0.0,,Low likelihood. GFM negative 0% HEFAS negative ?km web: no specific flood news found for this year
FORTERRA_PIPE_PRECAST_-_AUSTIN,0,0.0,,1,79.0,2022-12,1,12.5,49.0,-97.692863,30.255281,,0.0,False,0.0,0.0,,Low likelihood. GFM negative 0% HEFAS negative ?km web: no specific flood news found for this year
FORTERRA_PIPE_PRECAST_-_LAPLACE,0,0.0,,1,60.0,2022-12,1,21.8,49.0,-90.469827,30.052527,,0.0,False,0.0,0.0,,Low likelihood. GFM negative 0% HEFAS negative ?km web: no specific flood news found for this year
FORTERRA_PIPE_PRECAST_-_NEW_ORLEANS,0,0.0,,1,52.0,2022-12,1,15.7,49.0,-89.93093,30.017994,,0.0,False,0.0,0.0,,Low likelihood. GFM negative 0% HEFAS negative ?km web: no specific flood news found for this year
FORTERRA_PIPE_PRECAST_-_SAINT_MARTINVILLE,0,0.0,,1,71.0,2022-12,1,15.0,49.0,-91.834777,30.123903,,0.0,False,0.0,0.0,,Low likelihood. GFM negative 0% HEFAS negative ?km web: no specific flood news found for this year
FORTERRA_PIPE_PRECAST_-_WEST_DES_MOINES,0,0.0,,1,67.0,2022-12,1,15.2,49.0,-93.717896,41.56676,,0.0,False,0.0,0.0,,Low likelihood. GFM negative 0% HEFAS negative ?km web: no specific flood news found for this year
FORTERRA_PIPE_PRECAST_-_WEST_MEMPHIS,1,1.0,2022-02_2022-04_2022-05_2022-06,1,53.0,2022-12,1,21.3,100.0,-90.17955,35.135512,,0.0,False,0.0,0.0,,Medium likelihood. GFM positive 1% HEFAS negative ?km web: no specific flood news found for this year
FORTERRA_PRECAST_CONCEPTS_INC,0,0.0,2022-03,1,45.0,2022-12,1,19.0,74.0,-108.624774,39.099017,,0.0,False,0.0,0.0,,Low likelihood. GFM negative 0% HEFAS negative ?km web: no specific flood news found for this year
FORT_MARTIN_POWER_STATION,0,0.0,,1,96.0,2022-12,1,4.5,49.0,-79.927533,39.710774,,0.0,False,0.0,0.0,,Low likelihood. GFM negative 0% HEFAS negative ?km web: no specific flood news found for this year
FORT_MYERS_POWER_PLANT,0,0.0,2022-05,1,63.0,2022-12,1,19.8,100.0,-81.78308,26.696688,,0.0,False,0.0,0.0,,Low likelihood. GFM negative 0% HEFAS negative ?km web: no specific flood news found for this year
FORT_WORTH_REGIONAL_LANDFILL,0,0.0,,1,60.0,2022-12,1,15.5,49.0,-97.242914,32.789523,,0.0,False,0.0,0.0,,Low likelihood. GFM negative 0% HEFAS negative ?km web: no specific flood news found for this year
FREEPORT_OLIN_BC,0,0.0,,1,44.0,2022-12,1,17.9,49.0,-95.379509,28.969388,,0.0,False,0.0,0.0,,Low likelihood. GFM negative 0% HEFAS negative ?km web: no specific flood news found for this year
FRENCH_ISLAND_PLANT,1,1.0,2022-02_2022-05,1,56.0,2022-12,1,19.5,88.0,-91.259778,43.829058,,0.0,False,0.0,0.0,,Medium likelihood. GFM positive 1% HEFAS negative ?km web: no specific flood news found for this year
FRESENIUS_KABI._BRUNNAFABRIKEN,1,3.0,2022-11,1,63.0,2022-12,1,20.9,84.0,17.739243,59.513634,,9.0,True,-0.1961170848267622,5.0,33.6,High likelihood. GFM positive 3% HEFAS positive 34km web: no specific flood news found for this year
FRITO-LAY_INC.,1,1.0,2022-06,1,63.0,2022-12,1,15.6,88.0,-122.691858,45.656496,,0.0,False,0.0,0.0,,Medium likelihood. GFM positive 1% HEFAS negative ?km web: no specific flood news found for this year
FRITO_-_LAY_INC.,0,0.0,,1,81.0,2022-12,1,8.9,49.0,-75.83837,42.097205,,0.0,False,0.0,0.0,,Low likelihood. GFM negative 0% HEFAS negative ?km web: no specific flood news found for this year
F_BRICA_DE_MENG_BAR_SMURFIT_KAPPA_ESPA_A._S.A.__0,0,0.0,,1,73.0,2022-12,1,14.0,49.0,-3.799575,37.97863,,2.0,True,0.007168458781362,4.0,0.6,Medium likelihood. GFM negative 0% HEFAS positive 1km web: no specific flood news found for this year
F_BRICA_DE_MENG_BAR_SMURFIT_KAPPA_ESPA_A._S.A.__1,0,0.0,,1,73.0,2022-12,1,14.0,49.0,-3.799575,37.97863,,2.0,True,0.007168458781362,4.0,0.6,Medium likelihood. GFM negative 0% HEFAS positive 1km web: no specific flood news found for this year
F_B_Culley_Generating_Station,1,8.0,2022-01_2022-02_2022-03_2022-10,1,48.0,2022-12,1,18.9,100.0,-87.326658,37.910031,,0.0,False,0.0,0.0,,Medium likelihood. GFM positive 8% HEFAS negative ?km web: no specific flood news found for this year
Ferrier_Gas_Battery_02-17-039-07W5,0,0.0,,0,0.0,,0,0.0,0.0,-114.970083,52.350385,,0.0,False,0.0,0.0,,Low likelihood. GFM negative 0% HEFAS negative ?km web: no specific flood news found for this year
Ferrier_Sweet_Gas_Plant_01-20-039-07W5,0,0.0,,0,0.0,,0,0.0,0.0,-114.963037,52.366257,,0.0,False,0.0,0.0,,Low likelihood. GFM negative 0% HEFAS negative ?km web: no specific flood news found for this year
Ford-Werke_GmbH,0,0.0,,1,67.0,2022-12,1,15.8,49.0,6.913725,50.97925,,18.0,True,-0.0004181600955794,2.0,5.9,Medium likelihood. GFM negative 0% HEFAS positive 6km web: no specific flood news found for this year
Fort_Myers,0,0.0,2022-05,1,63.0,2022-12,1,19.8,100.0,-81.78308,26.696688,,0.0,False,0.0,0.0,,Low likelihood. GFM negative 0% HEFAS negative ?km web: no specific flood news found for this year
Fort_Saskatchewan_Nitrogen_Operations,0,0.0,2022-05_2022-06,1,49.0,2022-12,1,24.0,99.0,-113.193029,53.725367,,0.0,False,0.0,0.0,,Low likelihood. GFM negative 0% HEFAS negative ?km web: no specific flood news found for this year
GARSITE_LLC,0,0.0,,1,64.0,2022-12,1,12.9,49.0,-94.635281,39.08915,,0.0,False,0.0,0.0,,Low likelihood. GFM negative 0% HEFAS negative ?km web: no specific flood news found for this year
GATEWAY_ENERGY_COKE_CO,0,0.0,,1,66.0,2022-12,1,14.1,49.0,-90.130504,38.696961,,0.0,False,0.0,0.0,,Low likelihood. GFM negative 0% HEFAS negative ?km web: no specific flood news found for this year
GATEWAY_TERMINALS_LLC,0,0.0,,1,67.0,2022-12,1,21.0,49.0,-90.191613,38.590618,,0.0,False,0.0,0.0,,Low likelihood. GFM negative 0% HEFAS negative ?km web: no specific flood news found for this year
GCP_APPLIED_TECHNOLOGIES_INC,0,0.0,,1,76.0,2022-12,1,14.4,49.0,-81.924027,33.450497,,0.0,False,0.0,0.0,,Low likelihood. GFM negative 0% HEFAS negative ?km web: no specific flood news found for this year
GELEST_INC,0,0.0,2022-11,1,48.0,2022-12,1,13.2,82.0,-74.764691,40.179159,,0.0,False,0.0,0.0,,Low likelihood. GFM negative 0% HEFAS negative ?km web: no specific flood news found for this year
GERHOLD_CONCRETE_CO_-_COLUMBUS_PLANT,1,2.0,2022-01_2022-02_2022-03_2022-10_2022-11_2022-12,1,24.0,2022-12,1,23.8,95.0,-97.38319,41.437918,,0.0,False,0.0,0.0,,Medium likelihood. GFM positive 2% HEFAS negative ?km web: no specific flood news found for this year
GERHOLD_CONCRETE_CO_BLAIR_PLANT,1,5.0,2022-02_2022-03_2022-04_2022-11,1,38.0,2022-12,1,21.0,93.0,-96.102362,41.545102,,0.0,False,0.0,0.0,,Medium likelihood. GFM positive 5% HEFAS negative ?km web: no specific flood news found for this year
GE_CO_0,0,0.0,,1,75.0,2022-12,1,10.6,49.0,-73.962182,42.810831,,0.0,False,0.0,0.0,,Low likelihood. GFM negative 0% HEFAS negative ?km web: no specific flood news found for this year
GE_CO_1,0,0.0,,1,75.0,2022-12,1,10.6,49.0,-73.962182,42.810831,,0.0,False,0.0,0.0,,Low likelihood. GFM negative 0% HEFAS negative ?km web: no specific flood news found for this year
GE_ENGINE_SERVICES_-_MCALLEN_LP_MAC_2,0,0.0,,1,14.0,2022-12,1,27.3,49.0,-98.284386,26.152046,,0.0,False,0.0,0.0,,Low likelihood. GFM negative 0% HEFAS negative ?km web: no specific flood news found for this year
GE_ENGINE_SERVICES_MCALLEN_LP,0,0.0,,1,19.0,2022-12,1,26.8,49.0,-98.276099,26.155188,,0.0,False,0.0,0.0,,Low likelihood. GFM negative 0% HEFAS negative ?km web: no specific flood news found for this year
GE_FAIRCHILD_MINING_EQUIPMENT,0,0.0,,1,91.0,2022-12,1,2.6,49.0,-80.853441,37.375134,,0.0,False,0.0,0.0,,Low likelihood. GFM negative 0% HEFAS negative ?km web: no specific flood news found for this year
GE_Power_and_Water,0,0.0,,1,76.0,2022-12,1,9.6,49.0,-73.951705,42.809935,,0.0,False,0.0,0.0,,Low likelihood. GFM negative 0% HEFAS negative ?km web: no specific flood news found for this year
GIVAUDAN_LAVIROTTE_GROUPE_ISALTIS,0,0.0,,1,60.0,2022-12,1,13.1,49.0,4.861786,45.733026,,0.0,False,-1.0,-1.0,19.5,Low likelihood. GFM negative 0% HEFAS negative 20km web: no specific flood news found for this year
GM_MLCG_FAIRFAX_ASSEMBLY,0,0.0,,1,40.0,2022-12,1,17.1,49.0,-94.60193,39.147559,,0.0,False,0.0,0.0,,Low likelihood. GFM negative 0% HEFAS negative ?km web: no specific flood news found for this year
GOLD_CREEK_EAST_13-29,0,0.0,,1,1.0,2022-12,1,3.3,18.0,-118.584616,54.832839,,0.0,False,0.0,0.0,,Low likelihood. GFM negative 0% HEFAS negative ?km web: no specific flood news found for this year
GRACO_INC-ANOKA,0,0.0,,1,49.0,2022-12,1,17.2,49.0,-93.41705,45.221577,,0.0,False,0.0,0.0,,Low likelihood. GFM negative 0% HEFAS negative ?km web: no specific flood news found for this year
GRACO_INC_SIOUX_FALLS,0,0.0,,0,0.0,,0,0.0,0.0,-96.721397,43.58453,,0.0,False,0.0,0.0,,Low likelihood. GFM negative 0% HEFAS negative ?km web: no specific flood news found for this year
GRACO_MINNESOTA_INC_-_MINNEAPOLIS,0,0.0,,1,65.0,2022-12,1,12.2,49.0,-93.270599,44.99746,,0.0,False,0.0,0.0,,Low likelihood. GFM negative 0% HEFAS negative ?km web: no specific flood news found for this year
GRANITE_CONSTRUCTION_CO,1,8.0,2022-03_2022-04_2022-05_2022-06_2022-07_2022-08_2022-09_2022-10_2022-11_2022-12,1,44.0,2022-12,1,29.3,100.0,-122.182001,48.018033,,0.0,False,0.0,0.0,,Medium likelihood. GFM positive 8% HEFAS negative ?km web: no specific flood news found for this year
GRASSLAND_11-07,1,28.0,2022-02_2022-03_2022-04_2022-05_2022-06_2022-07_2022-08_2022-09_2022-10_2022-11_2022-12,1,44.0,2022-12,1,34.8,100.0,-112.744142,54.786404,,0.0,False,0.0,0.0,,Medium likelihood. GFM positive 28% HEFAS negative ?km web: no specific flood news found for this year
GREENVILLE_TUBE_CO_LLC,0,0.0,,1,74.0,2022-12,1,12.1,49.0,-93.4737,35.461102,,0.0,False,0.0,0.0,,Low likelihood. GFM negative 0% HEFAS negative ?km web: no specific flood news found for this year
GREEN_PLAINS_CENTRAL_CITY_LLC,1,28.0,2022-01_2022-02_2022-03_2022-04_2022-05_2022-06_2022-10_2022-11_2022-12,1,11.0,2022-12,1,43.4,100.0,-97.972692,41.111103,,0.0,False,0.0,0.0,,Medium likelihood. GFM positive 28% HEFAS negative ?km web: no specific flood news found for this year
GREEN_PLAINS_MADISON_LLC,0,0.0,,1,58.0,2022-12,1,18.9,49.0,-90.171765,38.680011,,0.0,False,0.0,0.0,,Low likelihood. GFM negative 0% HEFAS negative ?km web: no specific flood news found for this year
GRIFFIN_PIPE_PRODUCTS_CO,0,0.0,,1,95.0,2022-12,1,4.3,49.0,-79.141002,37.420765,,0.0,False,0.0,0.0,,Low likelihood. GFM negative 0% HEFAS negative ?km web: no specific flood news found for this year
GROWS_LDFL_WASTE_MGMT,0,0.0,2022-11,1,38.0,2022-12,1,13.5,82.0,-74.776649,40.159335,,0.0,False,0.0,0.0,,Low likelihood. GFM negative 0% HEFAS negative ?km web: no specific flood news found for this year
GULFMARK_ENERGY_INC,0,0.0,,1,46.0,2022-12,1,19.6,49.0,-96.027429,28.865382,,0.0,False,0.0,0.0,,Low likelihood. GFM negative 0% HEFAS negative ?km web: no specific flood news found for this year
GULF_ISLAND_FABRICATION_LLC,0,0.0,,1,68.0,2022-12,1,17.9,49.0,-90.697716,29.542965,,0.0,False,0.0,0.0,,Low likelihood. GFM negative 0% HEFAS negative ?km web: no specific flood news found for this year
GULF_ISLAND_SERVICES_LLC,0,0.0,,1,62.0,2022-12,1,19.0,49.0,-90.689555,29.544067,,0.0,False,0.0,0.0,,Low likelihood. GFM negative 0% HEFAS negative ?km web: no specific flood news found for this year
Galloway_Compressor_Station_13-26-054-22W5,0,0.0,,1,91.0,2022-12,1,11.2,49.0,-117.153594,53.697852,,0.0,False,0.0,0.0,,Low likelihood. GFM negative 0% HEFAS negative ?km web: no specific flood news found for this year
Gas_Connect_Austria_GmbH,1,2.0,2022-03_2022-05,1,3.0,2022-12,1,43.0,87.0,15.852085,48.416765,,6.0,True,0.0183393070489844,2.0,17.7,High likelihood. GFM positive 2% HEFAS positive 18km web: no specific flood news found for this year
Gascan_Mitsue_OB_16-33-74-06W5,0,0.0,,1,74.0,2022-12,1,7.2,49.0,-114.851327,55.459439,,0.0,False,0.0,0.0,,Low likelihood. GFM negative 0% HEFAS negative ?km web: no specific flood news found for this year
General_Dynamic_OTS-Canada_Valleyfield_Inc.,1,7.0,2022-02_2022-03,1,25.0,2022-12,1,21.8,100.0,-74.071649,45.286695,,0.0,False,0.0,0.0,,Medium likelihood. GFM positive 7% HEFAS negative ?km web: no specific flood news found for this year
General_Dynamics_OTS-Canada_Usine_de_Le_Gardeur,1,14.0,2022-01_2022-03,1,51.0,2022-12,1,27.6,100.0,-73.480801,45.748594,,0.0,False,0.0,0.0,,Medium likelihood. GFM positive 14% HEFAS negative ?km web: no specific flood news found for this year
Gerresheimer_Lohr_GmbH,0,0.0,,1,72.0,2022-12,1,12.8,49.0,9.578947,49.983991,,32.0,True,0.1234190988223246,4.0,3.4,Medium likelihood. GFM negative 0% HEFAS positive 3km web: no specific flood news found for this year
Gibson_Island,0,0.0,,1,50.0,2022-12,1,18.5,49.0,153.123996,-27.433885,,0.0,False,0.0,0.0,,Low likelihood. GFM negative 0% HEFAS negative ?km web: no specific flood news found for this year
Gold_Creek_Gas_Battery_01-06-070-08W6,0,0.0,2022-03_2022-05,1,77.0,2022-12,1,11.4,100.0,-119.198898,55.027015,,0.0,False,0.0,0.0,,Low likelihood. GFM negative 0% HEFAS negative ?km web: no specific flood news found for this year
Grand_Forks_Sawmill,0,0.0,,1,56.0,2022-12,1,15.1,49.0,-118.437248,49.025587,,0.0,False,0.0,0.0,,Low likelihood. GFM negative 0% HEFAS negative ?km web: no specific flood news found for this year
Grande_Prairie_Sawmill,1,1.0,2022-03_2022-05,1,51.0,2022-12,1,10.2,84.0,-118.689063,55.070967,,0.0,False,0.0,0.0,,Medium likelihood. GFM positive 1% HEFAS negative ?km web: no specific flood news found for this year
Greater_Des_Moines_Energy_Center,0,0.0,2022-02,1,47.0,2022-12,1,17.4,70.0,-93.528294,41.556328,,0.0,False,0.0,0.0,,Low likelihood. GFM negative 0% HEFAS negative ?km web: no specific flood news found for this year
Growler,0,0.0,,1,53.0,2022-12,1,17.6,49.0,139.566051,-27.559036,,0.0,False,0.0,0.0,,Low likelihood. GFM negative 0% HEFAS negative ?km web: no specific flood news found for this year
Gulf_South_Pipeline_-_Arnaudville_Station,1,6.0,2022-03_2022-04_2022-05,1,26.0,2022-12,1,26.6,99.0,-91.897764,30.417651,,0.0,False,0.0,0.0,,Medium likelihood. GFM positive 6% HEFAS negative ?km web: no specific flood news found for this year
Gulf_South_Pipeline_-_Marksville_Station,0,0.0,,1,70.0,2022-12,1,14.1,49.0,-92.201577,31.163259,,0.0,False,0.0,0.0,,Low likelihood. GFM negative 0% HEFAS negative ?km web: no specific flood news found for this year
Gulf_South_Pipeline_-_Rodrigue_Station,0,0.0,,1,82.0,2022-12,1,18.5,49.0,-91.118479,30.058199,,0.0,False,0.0,0.0,,Low likelihood. GFM negative 0% HEFAS negative ?km web: no specific flood news found for this year
Gulf_South_Pipeline_-_Sterlington_Station,1,1.0,2022-03,1,55.0,2022-12,1,20.2,100.0,-92.089342,32.671552,,0.0,False,0.0,0.0,,Medium likelihood. GFM positive 1% HEFAS negative ?km web: no specific flood news found for this year
Gulf_South_Pipeline_-_Tallulah_Station,1,8.0,2022-01_2022-03_2022-04_2022-05_2022-09_2022-10,1,35.0,2022-12,1,31.7,100.0,-91.173767,32.395957,,0.0,False,0.0,0.0,,Medium likelihood. GFM positive 8% HEFAS negative ?km web: no specific flood news found for this year
HALLIBURTON_BOSSIER_CITY_FIELD_CAMP,0,0.0,,1,38.0,2022-12,1,22.8,49.0,-93.666518,32.528416,,0.0,False,0.0,0.0,,Low likelihood. GFM negative 0% HEFAS negative ?km web: no specific flood news found for this year
HALLIBURTON_GRAND_JUNCTION_FIELD_CAMP,0,0.0,,1,54.0,2022-12,1,16.7,49.0,-108.460263,39.06285,,0.0,False,0.0,0.0,,Low likelihood. GFM negative 0% HEFAS negative ?km web: no specific flood news found for this year
HALLIBURTON_LAROSE_GRINDING_PLANT,0,0.0,,1,4.0,2022-12,1,23.8,49.0,-90.384199,29.566766,,0.0,False,0.0,0.0,,Low likelihood. GFM negative 0% HEFAS negative ?km web: no specific flood news found for this year
HALLIBURTON_WILLISTON_BAROID,0,0.0,2022-03,1,50.0,2022-12,1,20.6,97.0,-103.604794,48.161378,,0.0,False,0.0,0.0,,Low likelihood. GFM negative 0% HEFAS negative ?km web: no specific flood news found for this year
HAMMOND_STEAM_ELECTRIC_GENERATING_PLANT,0,0.0,2022-12,1,62.0,2022-12,1,15.8,87.0,-85.346013,34.249935,,0.0,False,0.0,0.0,,Low likelihood. GFM negative 0% HEFAS negative ?km web: no specific flood news found for this year
HARSCO_METALS_-_BRI,0,0.0,,1,87.0,2022-12,1,5.4,49.0,-79.852381,40.391553,,0.0,False,0.0,0.0,,Low likelihood. GFM negative 0% HEFAS negative ?km web: no specific flood news found for this year
HARSCO_METALS_-_GALLATIN,1,1.0,2022-01_2022-02_2022-05,1,54.0,2022-12,1,13.5,100.0,-84.995926,38.758943,,0.0,False,0.0,0.0,,Medium likelihood. GFM positive 1% HEFAS negative ?km web: no specific flood news found for this year
HARSCO_METALS_-_HICKMAN,1,4.0,2022-04_2022-09_2022-10,1,39.0,2022-12,1,23.3,100.0,-89.716592,35.94441,,0.0,False,0.0,0.0,,Medium likelihood. GFM positive 4% HEFAS negative ?km web: no specific flood news found for this year
HARSCO_METALS_-_NATRONA,0,0.0,,1,86.0,2022-12,1,5.4,49.0,-79.722222,40.616619,,0.0,False,0.0,0.0,,Low likelihood. GFM negative 0% HEFAS negative ?km web: no specific flood news found for this year
HARSCO_METALS_-_NYS,1,21.0,2022-04_2022-05_2022-06_2022-07_2022-09_2022-10_2022-11_2022-12,1,31.0,2022-12,1,33.5,100.0,-89.78408,35.888455,,0.0,False,0.0,0.0,,Medium likelihood. GFM positive 21% HEFAS negative ?km web: no specific flood news found for this year
HARSCO_MINERALS_OF_KY._LLC,1,1.0,2022-01_2022-02,1,71.0,2022-12,1,8.8,100.0,-85.072099,38.727841,,0.0,False,0.0,0.0,,Medium likelihood. GFM positive 1% HEFAS negative ?km web: no specific flood news found for this year
HATFIELD_POWER_STATION,0,0.0,,1,92.0,2022-12,1,5.6,49.0,-79.929445,39.856814,,0.0,False,0.0,0.0,,Low likelihood. GFM negative 0% HEFAS negative ?km web: no specific flood news found for this year
HAVERHILL_COKE_CO_LLC,1,1.0,2022-05,1,41.0,2022-12,1,17.1,100.0,-82.827097,38.597222,,0.0,False,0.0,0.0,,Medium likelihood. GFM positive 1% HEFAS negative ?km web: no specific flood news found for this year
HAWKINS_INC._-_DUPO,1,1.0,2022-02_2022-05,1,40.0,2022-12,1,23.2,89.0,-90.213531,38.52306,,0.0,False,0.0,0.0,,Medium likelihood. GFM positive 1% HEFAS negative ?km web: no specific flood news found for this year
HAWKINS_WATER_TREATMENT_GROUP_-_RED_ROCK,0,0.0,,1,62.0,2022-12,1,10.9,49.0,-93.016973,44.898506,,0.0,False,0.0,0.0,,Low likelihood. GFM negative 0% HEFAS negative ?km web: no specific flood news found for this year
HAWTHORN_GENERATING_STATION,0,0.0,2022-01_2022-02_2022-03_2022-04_2022-05_2022-06_2022-07_2022-08_2022-09,1,46.0,2022-12,1,17.2,85.0,-94.477816,39.130844,,0.0,False,0.0,0.0,,Low likelihood. GFM negative 0% HEFAS negative ?km web: no specific flood news found for this year
HENKEL_US_OPERATIONS_CORP_0,0,0.0,,1,31.0,2022-12,1,18.6,49.0,-93.92257,39.25597,,0.0,False,0.0,0.0,,Low likelihood. GFM negative 0% HEFAS negative ?km web: no specific flood news found for this year
HENKEL_US_OPERATIONS_CORP_1,0,0.0,,1,47.0,2022-12,1,15.9,49.0,-94.55685,39.134234,,0.0,False,0.0,0.0,,Low likelihood. GFM negative 0% HEFAS negative ?km web: no specific flood news found for this year
HENKEL_US_OPERATIONS_CORP_2,0,0.0,,1,31.0,2022-12,1,18.6,49.0,-93.92257,39.25597,,0.0,False,0.0,0.0,,Low likelihood. GFM negative 0% HEFAS negative ?km web: no specific flood news found for this year
HENKEL_US_OPERATIONS_CORP_3,0,0.0,,1,47.0,2022-12,1,15.9,49.0,-94.55685,39.134234,,0.0,False,0.0,0.0,,Low likelihood. GFM negative 0% HEFAS negative ?km web: no specific flood news found for this year
HENKEL_US_OPERATIONS_CORP_4,0,0.0,,1,31.0,2022-12,1,18.6,49.0,-93.92257,39.25597,,0.0,False,0.0,0.0,,Low likelihood. GFM negative 0% HEFAS negative ?km web: no specific flood news found for this year
HENKEL_US_OPERATIONS_CORP_5,0,0.0,,1,47.0,2022-12,1,15.9,49.0,-94.55685,39.134234,,0.0,False,0.0,0.0,,Low likelihood. GFM negative 0% HEFAS negative ?km web: no specific flood news found for this year
HENKEL_US_OPERATIONS_CORP_6,0,0.0,,1,31.0,2022-12,1,18.6,49.0,-93.92257,39.25597,,0.0,False,0.0,0.0,,Low likelihood. GFM negative 0% HEFAS negative ?km web: no specific flood news found for this year
HENKEL_US_OPERATIONS_CORP_7,0,0.0,,1,47.0,2022-12,1,15.9,49.0,-94.55685,39.134234,,0.0,False,0.0,0.0,,Low likelihood. GFM negative 0% HEFAS negative ?km web: no specific flood news found for this year
HIBBARD_RENEWABLE_ENERGY_CENTER,0,0.0,,1,40.0,2022-12,1,9.5,49.0,-92.152417,46.735707,,0.0,False,0.0,0.0,,Low likelihood. GFM negative 0% HEFAS negative ?km web: no specific flood news found for this year
HILL_S_PET_NUTRITION_INC,0,0.0,,1,69.0,2022-12,1,13.6,49.0,-95.672845,39.060941,,0.0,False,0.0,0.0,,Low likelihood. GFM negative 0% HEFAS negative ?km web: no specific flood news found for this year
HINO_MOTORS_MANUFACTURING_USA_INC._0,0,0.0,,1,83.0,2022-12,1,8.7,49.0,-81.524425,39.209798,,0.0,False,0.0,0.0,,Low likelihood. GFM negative 0% HEFAS negative ?km web: no specific flood news found for this year
HINO_MOTORS_MANUFACTURING_USA_INC._1,0,0.0,,1,83.0,2022-12,1,8.7,49.0,-81.524425,39.209798,,0.0,False,0.0,0.0,,Low likelihood. GFM negative 0% HEFAS negative ?km web: no specific flood news found for this year
HINO_MOTORS_MANUFACTURING_USA_INC_0,0,0.0,,1,76.0,2022-12,1,6.7,49.0,-81.470146,39.392967,,0.0,False,0.0,0.0,,Low likelihood. GFM negative 0% HEFAS negative ?km web: no specific flood news found for this year
HINO_MOTORS_MANUFACTURING_USA_INC_1,0,0.0,,1,76.0,2022-12,1,6.7,49.0,-81.470146,39.392967,,0.0,False,0.0,0.0,,Low likelihood. GFM negative 0% HEFAS negative ?km web: no specific flood news found for this year
HINO_MOTORS_MFG._USA_INC._0,1,47.0,2022-01_2022-02_2022-03_2022-04_2022-06_2022-09_2022-10_2022-11_2022-12,1,4.0,2022-12,1,57.9,100.0,-90.258531,35.175767,,0.0,False,0.0,0.0,,Medium likelihood. GFM positive 47% HEFAS negative ?km web: no specific flood news found for this year
HINO_MOTORS_MFG._USA_INC._1,1,47.0,2022-01_2022-02_2022-03_2022-04_2022-06_2022-09_2022-10_2022-11_2022-12,1,4.0,2022-12,1,57.9,100.0,-90.258531,35.175767,,0.0,False,0.0,0.0,,Medium likelihood. GFM positive 47% HEFAS negative ?km web: no specific flood news found for this year
HITACHI_ENERGY_USA_INC._0,0,0.0,2022-09,1,43.0,2022-12,1,20.7,82.0,-92.155641,38.599684,,0.0,False,0.0,0.0,,Low likelihood. GFM negative 0% HEFAS negative ?km web: 2019 Midwestern U.S. floods (Mississippi/Missouri) https://en.wikipedia.org/wiki/2019_Midwestern_U.S._floods
HITACHI_ENERGY_USA_INC._1,0,0.0,2022-09,1,43.0,2022-12,1,20.7,82.0,-92.155641,38.599684,,0.0,False,0.0,0.0,,Low likelihood. GFM negative 0% HEFAS negative ?km web: 2019 Midwestern U.S. floods (Mississippi/Missouri) https://en.wikipedia.org/wiki/2019_Midwestern_U.S._floods
HOBSON_GALVANIZING_INC,0,0.0,,1,75.0,2022-12,1,15.7,49.0,-90.038989,29.843175,,0.0,False,0.0,0.0,,Low likelihood. GFM negative 0% HEFAS negative ?km web: no specific flood news found for this year
HOLLYFRONTIER_TULSA_REFINING_LLC_EAST_FACILITY,0,0.0,,1,43.0,2022-12,1,17.9,49.0,-96.001057,36.118383,,0.0,False,0.0,0.0,,Low likelihood. GFM negative 0% HEFAS negative ?km web: no specific flood news found for this year
HOLLYFRONTIER_TULSA_REFINING_WEST_FACILITY,0,0.0,,1,40.0,2022-12,1,17.1,49.0,-96.014865,36.1396,,0.0,False,0.0,0.0,,Low likelihood. GFM negative 0% HEFAS negative ?km web: no specific flood news found for this year
HONEYWELL_INTERNATIONAL_INC_0,0,0.0,,1,76.0,2022-12,1,10.5,49.0,-73.695897,42.748909,,0.0,False,0.0,0.0,,Low likelihood. GFM negative 0% HEFAS negative ?km web: no specific flood news found for this year
HONEYWELL_INTERNATIONAL_INC_1,0,0.0,,1,72.0,2022-12,1,10.9,49.0,-82.658001,38.505691,,0.0,False,0.0,0.0,,Low likelihood. GFM negative 0% HEFAS negative ?km web: no specific flood news found for this year
HONEYWELL_INTERNATIONAL_INC_GEISMAR_PLANT,0,0.0,,1,58.0,2022-12,1,14.0,49.0,-91.051467,30.221874,,0.0,False,0.0,0.0,,Low likelihood. GFM negative 0% HEFAS negative ?km web: no specific flood news found for this year
HONEYWELL_SAFETY_PRODUCTS,0,0.0,,1,45.0,2022-12,1,13.7,49.0,-90.594516,41.500164,,0.0,False,0.0,0.0,,Low likelihood. GFM negative 0% HEFAS negative ?km web: no specific flood news found for this year
HUBBELL_LENOIR_CITY_INC,0,0.0,2022-05,1,67.0,2022-12,1,11.0,100.0,-84.274797,35.779085,,0.0,False,0.0,0.0,,Low likelihood. GFM negative 0% HEFAS negative ?km web: no specific flood news found for this year
HUNTINGTON_ALLOYS_CORP,0,0.0,,1,90.0,2022-12,1,6.5,49.0,-82.580858,38.267087,,0.0,False,0.0,0.0,,Low likelihood. GFM negative 0% HEFAS negative ?km web: no specific flood news found for this year
H_ndel_verket,0,0.0,2022-12,1,37.0,2022-12,1,21.5,49.0,16.233336,58.619619,,16.0,True,0.0035244922341696,5.0,20.1,Medium likelihood. GFM negative 0% HEFAS positive 20km web: no specific flood news found for this year
Hammond_Division,0,0.0,2022-10,1,54.0,2022-12,1,17.2,82.0,-122.652996,49.204952,,0.0,False,0.0,0.0,,Low likelihood. GFM negative 0% HEFAS negative ?km web: no specific flood news found for this year
Hay_River_Terminal,0,0.0,,1,45.0,2022-12,1,20.1,49.0,-115.777492,60.824427,,0.0,False,0.0,0.0,,Low likelihood. GFM negative 0% HEFAS negative ?km web: no specific flood news found for this year
HeidelbergCement_AG._Zementwerk_Burglengenfeld,0,0.0,,1,68.0,2022-12,1,16.1,49.0,12.028217,49.21282,,10.0,True,0.0513099505034988,4.0,4.7,Medium likelihood. GFM negative 0% HEFAS positive 5km web: no specific flood news found for this year
Hexham_Train_Support_Facility,1,27.0,2022-03_2022-07_2022-08_2022-10,1,23.0,2022-12,1,40.7,100.0,151.680786,-32.823181,,0.0,False,0.0,0.0,,Medium likelihood. GFM positive 27% HEFAS negative ?km web: no specific flood news found for this year
Hibbard_Energy_Center,0,0.0,,1,41.0,2022-12,1,9.5,49.0,-92.153087,46.73556,,0.0,False,0.0,0.0,,Low likelihood. GFM negative 0% HEFAS negative ?km web: no specific flood news found for this year
Honeywell_Specialty_Chemicals_Seelze_GmbH,1,9.0,2022-04_2022-05_2022-06,1,42.0,2022-12,1,25.4,100.0,9.583184,52.400769,,36.0,True,0.2173237753882915,4.0,6.5,High likelihood. GFM positive 9% HEFAS positive 6km web: no specific flood news found for this year
Hudson_Bay_OSB,1,7.0,2022-03_2022-04,1,49.0,2022-12,1,26.5,100.0,-102.362449,52.822569,,0.0,False,0.0,0.0,,Medium likelihood. GFM positive 7% HEFAS negative ?km web: no specific flood news found for this year
Hunlock_Creek_Energy_Center,0,0.0,,1,94.0,2022-12,1,4.7,49.0,-76.068392,41.203357,,0.0,False,0.0,0.0,,Low likelihood. GFM negative 0% HEFAS negative ?km web: no specific flood news found for this year
Hunlock_Unit_4,0,0.0,,1,94.0,2022-12,1,4.7,49.0,-76.068392,41.203357,,0.0,False,0.0,0.0,,Low likelihood. GFM negative 0% HEFAS negative ?km web: no specific flood news found for this year
IATAN_GENERATING_STATION,1,2.0,2022-02_2022-05_2022-06_2022-10,1,23.0,2022-12,1,21.6,100.0,-94.979094,39.447545,,0.0,False,0.0,0.0,,Medium likelihood. GFM positive 2% HEFAS negative ?km web: no specific flood news found for this year
ILLINOIS_CORN_PROCESSING_LLC,0,0.0,2022-01,1,47.0,2022-12,1,17.8,82.0,-89.670089,40.55338,,0.0,False,0.0,0.0,,Low likelihood. GFM negative 0% HEFAS negative ?km web: no specific flood news found for this year
IMERYS_ALUMINATES_EX_KERNEOS,1,1.0,2022-01_2022-02_2022-03_2022-04_2022-05_2022-06_2022-07_2022-08_2022-09_2022-10_2022-11_2022-12,1,67.0,2022-12,1,15.0,97.0,4.688833,44.510541,,0.0,False,-1.0,-1.0,24.4,Medium likelihood. GFM positive 1% HEFAS negative 24km web: no specific flood news found for this year
IMERYS_GRAPHITE_CARBON_BELGIUM,0,0.0,,1,58.0,2022-12,1,18.9,49.0,4.349882,51.069574,,0.0,False,-1.3333333333333333,-1.0,14.2,Low likelihood. GFM negative 0% HEFAS negative 14km web: no specific flood news found for this year
INDEPENDENCE_TUBE_CORP,0,0.0,,1,33.0,2022-12,1,7.2,49.0,-87.081414,34.66091,,0.0,False,0.0,0.0,,Low likelihood. GFM negative 0% HEFAS negative ?km web: no specific flood news found for this year
INGREDION,0,0.0,,1,22.0,2022-12,1,10.3,49.0,-89.72874,40.565022,,0.0,False,0.0,0.0,,Low likelihood. GFM negative 0% HEFAS negative ?km web: no specific flood news found for this year
INGREDION_INC_0,0,0.0,,1,68.0,2022-12,1,16.1,49.0,-91.665802,41.969382,,0.0,False,0.0,0.0,,Low likelihood. GFM negative 0% HEFAS negative ?km web: no specific flood news found for this year
INGREDION_INC_1,0,0.0,,1,56.0,2022-12,1,14.9,49.0,-94.57329,39.125983,,0.0,False,0.0,0.0,,Low likelihood. GFM negative 0% HEFAS negative ?km web: no specific flood news found for this year
INSTEEL_WIRE_PRODUCTS,1,1.0,2022-10,1,62.0,2022-12,1,14.7,81.0,-89.210319,36.558486,,0.0,False,0.0,0.0,,Medium likelihood. GFM positive 1% HEFAS negative ?km web: no specific flood news found for this year
INTERNATIONAL_PAPER-_NEW_BERN_MILL,0,0.0,,1,80.0,2022-12,1,15.3,49.0,-77.114743,35.212258,,0.0,False,0.0,0.0,,Low likelihood. GFM negative 0% HEFAS negative ?km web: no specific flood news found for this year
INTERNATIONAL_PAPER_CO,0,0.0,,1,33.0,2022-12,1,11.4,49.0,-91.330305,40.623637,,0.0,False,0.0,0.0,,Low likelihood. GFM negative 0% HEFAS negative ?km web: no specific flood news found for this year
INTERSTATE_CONCRETE_ASPHALT_DBA_HOOD_RIVER_SAND_GRAVEL,0,0.0,,1,61.0,2022-12,1,8.7,49.0,-121.49765,45.708543,,0.0,False,0.0,0.0,,Low likelihood. GFM negative 0% HEFAS negative ?km web: no specific flood news found for this year
IPL_PETERSBURG,1,9.0,2022-01_2022-02_2022-03_2022-04_2022-05_2022-10,1,63.0,2022-12,1,19.8,100.0,-87.252851,38.527743,,0.0,False,0.0,0.0,,Medium likelihood. GFM positive 9% HEFAS negative ?km web: no specific flood news found for this year
IPSCO_TUBULARS_INC_0,1,12.0,2022-02_2022-04_2022-05_2022-06_2022-09_2022-10,1,20.0,2022-12,1,35.0,100.0,-89.732747,35.949348,,0.0,False,0.0,0.0,,Medium likelihood. GFM positive 12% HEFAS negative ?km web: no specific flood news found for this year
IPSCO_TUBULARS_INC_1,1,12.0,2022-02_2022-04_2022-05_2022-06_2022-09_2022-10,1,20.0,2022-12,1,35.0,100.0,-89.732747,35.949348,,0.0,False,0.0,0.0,,Medium likelihood. GFM positive 12% HEFAS negative ?km web: no specific flood news found for this year
IPSCO_TUBULARS_KENTUCKY_INC_0,0,0.0,,1,86.0,2022-12,1,10.0,49.0,-84.495839,39.060239,,0.0,False,0.0,0.0,,Low likelihood. GFM negative 0% HEFAS negative ?km web: no specific flood news found for this year
IPSCO_TUBULARS_KENTUCKY_INC_1,0,0.0,,1,86.0,2022-12,1,10.0,49.0,-84.495839,39.060239,,0.0,False,0.0,0.0,,Low likelihood. GFM negative 0% HEFAS negative ?km web: no specific flood news found for this year
Imerys_Fused_Minerals_Laufenburg_GmbH,0,0.0,,1,79.0,2022-12,1,14.6,49.0,8.038408,47.556842,,30.0,True,0.0998805256869772,2.0,5.8,Medium likelihood. GFM negative 0% HEFAS positive 6km web: no specific flood news found for this year
Imerys_Fused_Minerals_Ru_e,0,0.0,,1,74.0,2022-12,1,11.3,49.0,15.520911,46.548511,,11.0,True,0.0385902031063321,4.0,7.6,Medium likelihood. GFM negative 0% HEFAS positive 8km web: no specific flood news found for this year
Imerys_Fused_Minerals_Villach_GmbH_0,0,0.0,,1,60.0,2022-12,1,17.7,49.0,13.876886,46.620572,,188.0,True,0.4273596176821983,3.0,3.7,Medium likelihood. GFM negative 0% HEFAS positive 4km web: No clear flood headlines in this year; region had mid-Nov 2019 floods (Kleine Zeitung) https://www.kleinezeitung.at/kaernten/villach/5740970/Jahresrueckblick_Extremes-Unwetter-hielt-eine-ganze-Region-in-Atem
Imerys_Fused_Minerals_Villach_GmbH_1,0,0.0,,1,60.0,2022-12,1,17.7,49.0,13.876886,46.620572,,188.0,True,0.4273596176821983,3.0,3.7,Medium likelihood. GFM negative 0% HEFAS positive 4km web: No clear flood headlines in this year; region had mid-Nov 2019 floods (Kleine Zeitung) https://www.kleinezeitung.at/kaernten/villach/5740970/Jahresrueckblick_Extremes-Unwetter-hielt-eine-ganze-Region-in-Atem
Imerys_Magyarorsz_g_T_z_ll_anyaggy_rt_kft,1,41.0,2022-02_2022-03_2022-04_2022-05_2022-06_2022-07,1,17.0,2022-12,1,46.6,100.0,20.371299,46.410975,,0.0,False,-0.3333333333333333,0.0,24.0,Medium likelihood. GFM positive 41% HEFAS negative 24km web: no specific flood news found for this year
Imerys_T_z_ll_anyaggy_rt_Kft.,1,41.0,2022-02_2022-03_2022-04_2022-05_2022-06_2022-07,1,17.0,2022-12,1,46.6,100.0,20.371299,46.410975,,0.0,False,-0.3333333333333333,0.0,24.0,Medium likelihood. GFM positive 41% HEFAS negative 24km web: no specific flood news found for this year
Imerys_Villach_GmbH,0,0.0,,1,60.0,2022-12,1,17.7,49.0,13.876886,46.620572,,188.0,True,0.4273596176821983,3.0,3.7,Medium likelihood. GFM negative 0% HEFAS positive 4km web: No clear flood headlines in this year; region had mid-Nov 2019 floods (Kleine Zeitung) https://www.kleinezeitung.at/kaernten/villach/5740970/Jahresrueckblick_Extremes-Unwetter-hielt-eine-ganze-Region-in-Atem
Indiana_Gas_Company,1,4.0,2022-01_2022-02_2022-03,1,43.0,2022-12,1,15.9,100.0,-87.57541,37.973396,,0.0,False,0.0,0.0,,Medium likelihood. GFM positive 4% HEFAS negative ?km web: no specific flood news found for this year
Infineon_Technologies_AG,0,0.0,,1,65.0,2022-12,1,13.2,49.0,12.055994,49.021252,,21.0,True,0.1125149342891278,4.0,3.3,Medium likelihood. GFM negative 0% HEFAS positive 3km web: no specific flood news found for this year
Ingelsta_HVC,0,0.0,,1,62.0,2022-12,1,19.2,49.0,16.171098,58.610927,,16.0,True,0.0035244922341696,5.0,17.0,Medium likelihood. GFM negative 0% HEFAS positive 17km web: no specific flood news found for this year
Installations_Portuaires_et_Services_Ferroviaires_0,1,2.0,2022-03_2022-04_2022-05_2022-06_2022-08_2022-10_2022-11_2022-12,1,58.0,2022-12,1,14.6,100.0,-70.878321,48.33348,,0.0,False,0.0,0.0,,Medium likelihood. GFM positive 2% HEFAS negative ?km web: no specific flood news found for this year
Installations_Portuaires_et_Services_Ferroviaires_1,1,2.0,2022-03_2022-04_2022-05_2022-06_2022-08_2022-10_2022-11_2022-12,1,58.0,2022-12,1,14.6,100.0,-70.878321,48.33348,,0.0,False,0.0,0.0,,Medium likelihood. GFM positive 2% HEFAS negative ?km web: no specific flood news found for this year
Installations_Portuaires_et_Services_Ferroviaires_2,1,2.0,2022-03_2022-04_2022-05_2022-06_2022-08_2022-10_2022-11_2022-12,1,58.0,2022-12,1,14.6,100.0,-70.878321,48.33348,,0.0,False,0.0,0.0,,Medium likelihood. GFM positive 2% HEFAS negative ?km web: no specific flood news found for this year
International_Paper_-_Roanoke_Rapids_Landfill,1,1.0,2022-05,1,74.0,2022-12,1,15.7,84.0,-77.636934,36.462904,,0.0,False,0.0,0.0,,Medium likelihood. GFM positive 1% HEFAS negative ?km web: no specific flood news found for this year
International_Paper_Canadian_Pulp_Holdings_ULC,1,1.0,2022-03_2022-05,1,53.0,2022-12,1,10.3,84.0,-118.691181,55.071249,,0.0,False,0.0,0.0,,Medium likelihood. GFM positive 1% HEFAS negative ?km web: no specific flood news found for this year
Interstate_Power_Light_-_MN_Gas_Distribution,0,0.0,,1,65.0,2022-12,1,16.4,49.0,-91.659035,41.974586,,0.0,False,0.0,0.0,,Low likelihood. GFM negative 0% HEFAS negative ?km web: no specific flood news found for this year
Interstate_Power_Light_Gas_Distribution,0,0.0,,1,58.0,2022-12,1,16.8,49.0,-91.668667,41.977035,,0.0,False,0.0,0.0,,Low likelihood. GFM negative 0% HEFAS negative ?km web: no specific flood news found for this year
Iroquois_Falls_Generating_Station,0,0.0,,1,90.0,2022-12,1,14.7,49.0,-80.66689,48.769597,,0.0,False,0.0,0.0,,Low likelihood. GFM negative 0% HEFAS negative ?km web: no specific flood news found for this year
JEBRO_INC,1,6.0,2022-01_2022-02_2022-03_2022-12,1,31.0,2022-12,1,22.8,95.0,-96.382189,42.431401,,0.0,False,0.0,0.0,,Medium likelihood. GFM positive 6% HEFAS negative ?km web: no specific flood news found for this year
JM_STUART_STATION,1,1.0,2022-05,1,80.0,2022-12,1,10.3,100.0,-83.68464,38.64164,,0.0,False,0.0,0.0,,Medium likelihood. GFM positive 1% HEFAS negative ?km web: no specific flood news found for this year
JOHNS_MANVILLE_0,0,0.0,,1,74.0,2022-12,1,13.9,49.0,-84.975797,32.432557,,0.0,False,0.0,0.0,,Low likelihood. GFM negative 0% HEFAS negative ?km web: no specific flood news found for this year
JOHNS_MANVILLE_1,0,0.0,,1,57.0,2022-12,1,15.8,49.0,-97.459056,35.474662,,0.0,False,0.0,0.0,,Low likelihood. GFM negative 0% HEFAS negative ?km web: no specific flood news found for this year
JOHNS_MANVILLE_PLANT_01,0,0.0,2022-05,1,47.0,2022-12,1,16.5,87.0,-83.706819,41.530371,,0.0,False,0.0,0.0,,Low likelihood. GFM negative 0% HEFAS negative ?km web: no specific flood news found for this year
JOHNS_MANVILLE_PLANT_2,0,0.0,,1,63.0,2022-12,1,14.8,49.0,-84.364788,41.285909,,0.0,False,0.0,0.0,,Low likelihood. GFM negative 0% HEFAS negative ?km web: no specific flood news found for this year
JOHN_DEERE_COFFEYVILLE_WORKS_A_DIV_OF_DEERE_COMPAN,1,9.0,2022-05_2022-08_2022-09,1,23.0,2022-12,1,28.8,100.0,-95.586056,37.096987,,0.0,False,0.0,0.0,,Medium likelihood. GFM positive 9% HEFAS negative ?km web: no specific flood news found for this year
JOHN_DEERE_FNDRY_WATERLOO,0,0.0,,1,61.0,2022-12,1,14.4,49.0,-92.35767,42.501926,,0.0,False,0.0,0.0,,Low likelihood. GFM negative 0% HEFAS negative ?km web: no specific flood news found for this year
JOHN_DEERE_HARVESTER_WORKS_EAST_MOLINE,0,0.0,,1,45.0,2022-12,1,12.6,49.0,-90.434708,41.527279,,0.0,False,0.0,0.0,,Low likelihood. GFM negative 0% HEFAS negative ?km web: no specific flood news found for this year
JOHN_DEERE_OTTUMWA_WORKS,0,0.0,,1,44.0,2022-12,1,15.6,49.0,-92.414238,41.004962,,0.0,False,0.0,0.0,,Low likelihood. GFM negative 0% HEFAS negative ?km web: no specific flood news found for this year
JOHN_DEERE_SEEDING_CYLINDER,0,0.0,,1,64.0,2022-12,1,15.0,49.0,-90.532938,41.508475,,0.0,False,0.0,0.0,,Low likelihood. GFM negative 0% HEFAS negative ?km web: no specific flood news found for this year
JOHN_DEERE_THIBODAUX,0,0.0,,1,43.0,2022-12,1,22.8,49.0,-90.829729,29.807397,,0.0,False,0.0,0.0,,Low likelihood. GFM negative 0% HEFAS negative ?km web: no specific flood news found for this year
JOHN_DEERE_WATERLOO_WORKS_DRIVETRAIN_OPERATIONS_AND_FOUNDRY,0,0.0,,1,61.0,2022-12,1,14.4,49.0,-92.355495,42.501817,,0.0,False,0.0,0.0,,Low likelihood. GFM negative 0% HEFAS negative ?km web: no specific flood news found for this year
JTL_GROUP-KALISPELL_DBA_KNIFE_RIVER_-_KALISPELL,0,0.0,,0,0.0,,0,0.0,0.0,-114.255364,48.262251,,0.0,False,0.0,0.0,,Low likelihood. GFM negative 0% HEFAS negative ?km web: no specific flood news found for this year
JULY_LAKE_A-71-G,1,2.0,2022-04,1,12.0,2022-12,1,22.7,83.0,-120.630654,59.643847,,0.0,False,0.0,0.0,,Medium likelihood. GFM positive 2% HEFAS negative ?km web: no specific flood news found for this year
Johns_Manville,0,0.0,,1,74.0,2022-12,1,13.9,49.0,-84.975797,32.432557,,0.0,False,0.0,0.0,,Low likelihood. GFM negative 0% HEFAS negative ?km web: no specific flood news found for this year
July_Lake_Comp_Stn_A-071-G,1,2.0,2022-04,1,12.0,2022-12,1,22.6,83.0,-120.62921,59.644192,,0.0,False,0.0,0.0,,Medium likelihood. GFM positive 2% HEFAS negative ?km web: no specific flood news found for this year
KAMLOOPS_TERMINAL,0,0.0,,1,79.0,2022-12,1,12.7,49.0,-120.253696,50.67746,,0.0,False,0.0,0.0,,Low likelihood. GFM negative 0% HEFAS negative ?km web: no specific flood news found for this year
KARR_CREEK_03-10,0,0.0,,0,0.0,,0,0.0,0.0,-118.522853,54.690757,,0.0,False,0.0,0.0,,Low likelihood. GFM negative 0% HEFAS negative ?km web: no specific flood news found for this year
KAWASAKI_RAIL_CAR_INC_0,0,0.0,,1,57.0,2022-12,1,3.8,49.0,-73.90008,40.936572,,0.0,False,0.0,0.0,,Low likelihood. GFM negative 0% HEFAS negative ?km web: no specific flood news found for this year
KAWASAKI_RAIL_CAR_INC_1,0,0.0,,1,57.0,2022-12,1,3.8,49.0,-73.90008,40.936572,,0.0,False,0.0,0.0,,Low likelihood. GFM negative 0% HEFAS negative ?km web: no specific flood news found for this year
KEEBLER_CO,1,3.0,2022-01_2022-02_2022-03_2022-04_2022-09_2022-10,1,70.0,2022-12,1,16.8,100.0,-84.393802,39.138845,,0.0,False,0.0,0.0,,Medium likelihood. GFM positive 3% HEFAS negative ?km web: no specific flood news found for this year
KELLOGG_CO,1,1.0,2022-10,1,59.0,2022-12,1,14.4,78.0,-94.624128,39.146588,,0.0,False,0.0,0.0,,Medium likelihood. GFM positive 1% HEFAS negative ?km web: no specific flood news found for this year
KEYSTONE_FOODS_LLC_-_ALABAMA_DIV,0,0.0,,1,77.0,2022-12,1,14.3,49.0,-86.073249,33.965457,,0.0,False,0.0,0.0,,Low likelihood. GFM negative 0% HEFAS negative ?km web: no specific flood news found for this year
KH_Coushatta_Gas_Treating_Facility_Coushatta._LA,1,1.0,2022-01_2022-02_2022-03_2022-04_2022-05_2022-06_2022-07_2022-08_2022-09_2022-10_2022-11_2022-12,1,21.0,2022-12,1,25.2,100.0,-93.492218,32.1116,,0.0,False,0.0,0.0,,Medium likelihood. GFM positive 1% HEFAS negative ?km web: no specific flood news found for this year
KH_Plantation_Central_Gas_Treating_Facility_Coushatta._LA,1,1.0,2022-04,1,35.0,2022-12,1,22.3,99.0,-93.487309,32.194048,,0.0,False,0.0,0.0,,Medium likelihood. GFM positive 1% HEFAS negative ?km web: no specific flood news found for this year
KH_Plantation_South_Gas_Treating_Facility_Coushatta._LA,1,1.0,2022-04,1,36.0,2022-12,1,22.1,99.0,-93.486686,32.194021,,0.0,False,0.0,0.0,,Medium likelihood. GFM positive 1% HEFAS negative ?km web: no specific flood news found for this year
KILLARK_A_DVISION_OF_HUBBELL,0,0.0,,1,77.0,2022-12,1,13.1,49.0,-90.455742,38.55044,,0.0,False,0.0,0.0,,Low likelihood. GFM negative 0% HEFAS negative ?km web: no specific flood news found for this year
KILLEN_STATION,0,0.0,2022-05,1,71.0,2022-12,1,9.4,100.0,-83.480353,38.690302,,0.0,False,0.0,0.0,,Low likelihood. GFM negative 0% HEFAS negative ?km web: no specific flood news found for this year
KIMBERLY-CLARK_CORP_MARINETTE,0,0.0,,1,64.0,2022-12,1,18.3,49.0,-87.649791,45.104827,,0.0,False,0.0,0.0,,Low likelihood. GFM negative 0% HEFAS negative ?km web: no specific flood news found for this year
KIMBERLY_CLARK_SNC,0,0.0,,1,65.0,2022-12,1,13.2,49.0,1.114035,49.405486,,0.0,False,-1.0,-1.0,20.7,Low likelihood. GFM negative 0% HEFAS negative 21km web: no specific flood news found for this year
KIMEA_C-86-H,0,0.0,,1,41.0,2022-12,1,16.5,49.0,-121.073,59.655571,,0.0,False,0.0,0.0,,Low likelihood. GFM negative 0% HEFAS negative ?km web: no specific flood news found for this year
KINGSFORD_MANUFACTURING_CO,0,0.0,2022-05,1,49.0,2022-12,1,21.7,82.0,-122.980353,44.063369,,0.0,False,0.0,0.0,,Low likelihood. GFM negative 0% HEFAS negative ?km web: no specific flood news found for this year
KIRTLAND_CONCRETE,0,0.0,2022-11,1,64.0,2022-12,1,17.9,86.0,-122.963935,42.428385,,0.0,False,0.0,0.0,,Low likelihood. GFM negative 0% HEFAS negative ?km web: no specific flood news found for this year
KMA_MANUFACTURING_LLC_0,0,0.0,,1,83.0,2022-12,1,6.0,49.0,-80.338666,40.679705,,0.0,False,0.0,0.0,,Low likelihood. GFM negative 0% HEFAS negative ?km web: no specific flood news found for this year
KMA_MANUFACTURING_LLC_1,0,0.0,,1,83.0,2022-12,1,6.0,49.0,-80.338666,40.679705,,0.0,False,0.0,0.0,,Low likelihood. GFM negative 0% HEFAS negative ?km web: no specific flood news found for this year
KMTP_Station_581_Markham._TX,0,0.0,2022-02,1,13.0,2022-12,1,31.1,83.0,-96.15622,28.995617,,0.0,False,0.0,0.0,,Low likelihood. GFM negative 0% HEFAS negative ?km web: no specific flood news found for this year
KNIFE_RIVER_CORP_N_CENTRAL_BAXTER,0,0.0,,1,50.0,2022-12,1,21.6,49.0,-94.239187,46.349215,,0.0,False,0.0,0.0,,Low likelihood. GFM negative 0% HEFAS negative ?km web: no specific flood news found for this year
KNIFE_RIVER_LITTLE_FALLS_SOUTH_READY_MIX,0,0.0,,1,27.0,2022-12,1,25.2,49.0,-94.363302,45.956987,,0.0,False,0.0,0.0,,Low likelihood. GFM negative 0% HEFAS negative ?km web: no specific flood news found for this year
KNIFE_RIVER_PLANT_5,1,23.0,2022-01_2022-02_2022-03_2022-04_2022-11_2022-12,1,2.0,2022-12,1,41.9,100.0,-96.540824,42.473707,,0.0,False,0.0,0.0,,Medium likelihood. GFM positive 23% HEFAS negative ?km web: no specific flood news found for this year
KNIFE_RIVER_SPOKANE_PRESTRESS,0,0.0,,1,60.0,2022-12,1,10.4,49.0,-117.336311,47.665502,,0.0,False,0.0,0.0,,Low likelihood. GFM negative 0% HEFAS negative ?km web: no specific flood news found for this year
KNOWLTON_TECHNOLOGIES_LLC,0,0.0,2022-12,1,86.0,2022-12,1,15.3,80.0,-75.906509,43.975321,,0.0,False,0.0,0.0,,Low likelihood. GFM negative 0% HEFAS negative ?km web: no specific flood news found for this year
KOMATSU_AMERICA_CORP_0,0,0.0,,1,50.0,2022-12,1,5.7,49.0,-89.561839,40.708383,,0.0,False,0.0,0.0,,Low likelihood. GFM negative 0% HEFAS negative ?km web: no specific flood news found for this year
KOMATSU_AMERICA_CORP_1,0,0.0,,1,50.0,2022-12,1,5.7,49.0,-89.561839,40.708383,,0.0,False,0.0,0.0,,Low likelihood. GFM negative 0% HEFAS negative ?km web: no specific flood news found for this year
KRAFT_FOODS_GROUP_INC_DAVENPORT,0,0.0,,1,56.0,2022-12,1,12.8,49.0,-90.59301,41.519654,,0.0,False,0.0,0.0,,Low likelihood. GFM negative 0% HEFAS negative ?km web: no specific flood news found for this year
KRAFT_HEINZ_FOODS_CO,1,4.0,2022-02,1,70.0,2022-12,1,14.9,93.0,-81.869651,40.249849,,0.0,False,0.0,0.0,,Medium likelihood. GFM positive 4% HEFAS negative ?km web: no specific flood news found for this year
KRAFT_HEINZ_FOOD_CO,0,0.0,,1,33.0,2022-12,1,24.2,49.0,-116.957159,44.033049,,0.0,False,0.0,0.0,,Low likelihood. GFM negative 0% HEFAS negative ?km web: no specific flood news found for this year
K_S_Minerals_and_Agriculture_GmbH,1,6.0,2022-01_2022-04_2022-05_2022-06_2022-08_2022-09,1,17.0,2022-12,1,32.8,100.0,6.550902,51.614395,,18.0,True,0.0261051373954599,3.0,5.2,High likelihood. GFM positive 6% HEFAS positive 5km web: no specific flood news found for this year
Kandelium_GmbH,0,0.0,,1,74.0,2022-12,1,11.2,49.0,7.314719,50.511114,,6.0,True,0.0091269841269841,2.0,3.9,Medium likelihood. GFM negative 0% HEFAS positive 4km web: no specific flood news found for this year
Karr_14-05-064-02W6_SWB_102_13-01,0,0.0,2022-03,1,89.0,2022-12,1,11.3,99.0,-118.267924,54.514256,,0.0,False,0.0,0.0,,Low likelihood. GFM negative 0% HEFAS negative ?km web: no specific flood news found for this year
Kaybob_Oil_SWB_01-32-058-19W5,0,0.0,2022-03,1,77.0,2022-12,1,15.1,85.0,-116.779152,54.052069,,0.0,False,0.0,0.0,,Low likelihood. GFM negative 0% HEFAS negative ?km web: no specific flood news found for this year
Kemira_Chemie_GesmbH,0,0.0,,1,48.0,2022-12,1,17.8,49.0,15.632076,48.40802,,5.0,True,0.0091397849462365,2.0,13.0,Medium likelihood. GFM negative 0% HEFAS positive 13km web: no specific flood news found for this year
Kemira_Oyj._Harjavallan_tehtaat,1,9.0,2022-01_2022-02_2022-03,1,52.0,2022-12,1,25.6,100.0,22.115784,61.325426,,0.0,False,-1.0053763440860215,-1.0,39.1,Medium likelihood. GFM positive 9% HEFAS negative 39km web: no specific flood news found for this year
Kimberly-Clark_GmbH,1,4.0,2022-05_2022-06,1,53.0,2022-12,1,20.1,88.0,7.5821,50.393327,,8.0,True,0.0148148148148148,2.0,4.2,High likelihood. GFM positive 4% HEFAS positive 4km web: no specific flood news found for this year
Knorr-Bremse_Systeme_f_r_Nutzfahrzeuge_GmbH._Standort_Aldersbach,1,1.0,2022-04_2022-05,1,46.0,2022-12,1,18.7,90.0,13.091856,48.592148,,29.0,True,0.1421872333162656,4.0,4.5,High likelihood. GFM positive 1% HEFAS positive 4km web: no specific flood news found for this year
Koenig_Bauer_Gie_erei_GmbH,0,0.0,,1,87.0,2022-12,1,10.5,49.0,9.880853,49.808193,,6.0,True,0.0138888888888888,3.0,3.5,Medium likelihood. GFM negative 0% HEFAS positive 4km web: no specific flood news found for this year
Kyger_Creek,1,1.0,2022-02,1,67.0,2022-12,1,13.9,90.0,-82.128046,38.916133,,0.0,False,0.0,0.0,,Medium likelihood. GFM positive 1% HEFAS negative ?km web: no specific flood news found for this year
L-3_POWER_PARAGON_INC,0,0.0,,1,51.0,2022-12,1,14.1,49.0,-117.899255,33.818134,,0.0,False,0.0,0.0,,Low likelihood. GFM negative 0% HEFAS negative ?km web: no specific flood news found for this year
LAKE_ROAD_STATION,0,0.0,,1,44.0,2022-12,1,18.1,49.0,-94.875818,39.72525,,0.0,False,0.0,0.0,,Low likelihood. GFM negative 0% HEFAS negative ?km web: no specific flood news found for this year
LANXESS_CORP,0,0.0,,1,20.0,2022-12,1,10.3,49.0,-89.721322,40.565889,,0.0,False,0.0,0.0,,Low likelihood. GFM negative 0% HEFAS negative ?km web: no specific flood news found for this year
LANXESS_CORP_NEVILLE_ISLAND,0,0.0,,1,83.0,2022-12,1,7.3,49.0,-80.111711,40.507848,,0.0,False,0.0,0.0,,Low likelihood. GFM negative 0% HEFAS negative ?km web: no specific flood news found for this year
LANXESS_Deutschland_GmbH,0,0.0,,1,61.0,2022-12,1,18.5,49.0,6.982471,51.015032,,17.0,True,0.0048984468339307,2.0,6.3,Medium likelihood. GFM negative 0% HEFAS positive 6km web: no specific flood news found for this year
LCI_-_039B,0,0.0,,1,45.0,2022-12,1,13.8,49.0,-86.157593,41.658217,,0.0,False,0.0,0.0,,Low likelihood. GFM negative 0% HEFAS negative ?km web: no specific flood news found for this year
LEAR_CORP,1,1.0,2022-02,1,87.0,2022-12,1,8.9,83.0,-81.992164,39.967739,,0.0,False,0.0,0.0,,Medium likelihood. GFM positive 1% HEFAS negative ?km web: no specific flood news found for this year
LEBANON_CRUSHED_STONE_PIKE_INDUSTRIES_INC,0,0.0,,1,86.0,2022-12,1,7.5,49.0,-72.326961,43.61783,,0.0,False,0.0,0.0,,Low likelihood. GFM negative 0% HEFAS negative ?km web: no specific flood news found for this year
LEGGETT_PLATT_INC_0,0,0.0,,1,59.0,2022-12,1,7.3,49.0,-76.137863,41.110657,,0.0,False,0.0,0.0,,Low likelihood. GFM negative 0% HEFAS negative ?km web: no specific flood news found for this year
LEGGETT_PLATT_INC_1,1,4.0,2022-01_2022-02_2022-04_2022-10_2022-12,1,19.0,2022-12,1,33.6,100.0,-89.583783,37.240379,,0.0,False,0.0,0.0,,Medium likelihood. GFM positive 4% HEFAS negative ?km web: no specific flood news found for this year
LEVIAT,0,0.0,2022-05,1,63.0,2022-12,1,18.3,92.0,-122.671787,45.267326,,0.0,False,0.0,0.0,,Low likelihood. GFM negative 0% HEFAS negative ?km web: no specific flood news found for this year
LIBERTY_LIEGE_DUDELANGE_-_Tilleur_DLC,0,0.0,,1,83.0,2022-12,1,9.5,49.0,5.532685,50.613419,,6.0,True,-0.6501792114695341,2.0,4.5,Medium likelihood. GFM negative 0% HEFAS positive 4km web: no specific flood news found for this year
LIPPERT_COMPONENTS_INC,0,0.0,,1,53.0,2022-12,1,14.2,49.0,-85.922936,41.684443,,0.0,False,0.0,0.0,,Low likelihood. GFM negative 0% HEFAS negative ?km web: no specific flood news found for this year
LM_WIND_POWER_BLADES_USA_INC,1,2.0,2022-03_2022-04_2022-06_2022-07_2022-09_2022-10,1,37.0,2022-12,1,27.0,88.0,-92.18192,34.707063,,0.0,False,0.0,0.0,,Medium likelihood. GFM positive 2% HEFAS negative ?km web: no specific flood news found for this year
LM_WIND_POWER_TCA,0,0.0,,1,46.0,2022-12,1,14.9,49.0,-89.919412,30.024986,,0.0,False,0.0,0.0,,Low likelihood. GFM negative 0% HEFAS negative ?km web: no specific flood news found for this year
LNVA-NORTH_REGIONAL_TREATMENT_PLANT_0,0,0.0,,1,68.0,2022-12,1,13.3,49.0,-94.06106,30.063456,,0.0,False,0.0,0.0,,Low likelihood. GFM negative 0% HEFAS negative ?km web: no specific flood news found for this year
LNVA-NORTH_REGIONAL_TREATMENT_PLANT_1,0,0.0,,1,68.0,2022-12,1,13.3,49.0,-94.06106,30.063456,,0.0,False,0.0,0.0,,Low likelihood. GFM negative 0% HEFAS negative ?km web: no specific flood news found for this year
LOCKHEED_MARTIN_RMS,0,0.0,,1,83.0,2022-12,1,9.7,49.0,-76.224141,42.09538,,0.0,False,0.0,0.0,,Low likelihood. GFM negative 0% HEFAS negative ?km web: no specific flood news found for this year
LOUISVILLE_GAS_ELECTRIC_CO._-_MILL_CREEK_STATION,0,0.0,,1,59.0,2022-12,1,14.3,49.0,-85.907541,38.050096,,0.0,False,0.0,0.0,,Low likelihood. GFM negative 0% HEFAS negative ?km web: no specific flood news found for this year
LOUISVILLE_GAS_ELECTRIC_CO._-_TRIMBLE_COUNTY_STATION,0,0.0,2022-01,1,73.0,2022-12,1,7.5,87.0,-85.411634,38.584729,,0.0,False,0.0,0.0,,Low likelihood. GFM negative 0% HEFAS negative ?km web: no specific flood news found for this year
LOUISVILLE_GAS_ELECTRIC_CO_-_CANE_RUN_STATION,0,0.0,,1,64.0,2022-12,1,13.4,49.0,-85.886864,38.181532,,0.0,False,0.0,0.0,,Low likelihood. GFM negative 0% HEFAS negative ?km web: no specific flood news found for this year
LOVELAND_PRODUCTS,1,16.0,2022-02_2022-08_2022-10_2022-11_2022-12,1,27.0,2022-12,1,39.1,100.0,-104.779719,40.449773,,0.0,False,0.0,0.0,,Medium likelihood. GFM positive 16% HEFAS negative ?km web: no specific flood news found for this year
LUBRIZOL_ADVANCED_MATERIALS_INC,1,8.0,2022-01_2022-02_2022-03_2022-09_2022-10,1,59.0,2022-12,1,23.1,100.0,-88.325543,37.04625,,0.0,False,0.0,0.0,,Medium likelihood. GFM positive 8% HEFAS negative ?km web: no specific flood news found for this year
LUBRIZOL_CORP,1,4.0,2022-02_2022-03_2022-04_2022-05,1,53.0,2022-12,1,21.8,100.0,-75.422809,39.7639,,0.0,False,0.0,0.0,,Medium likelihood. GFM positive 4% HEFAS negative ?km web: no specific flood news found for this year
LYDALL_PERFORMANCE_MATERIALS,0,0.0,,1,84.0,2022-12,1,8.5,49.0,-76.426355,43.354367,,0.0,False,0.0,0.0,,Low likelihood. GFM negative 0% HEFAS negative ?km web: no specific flood news found for this year
LYDALL_THERMAL_ACOUSTICAL_INC,0,0.0,2022-02,1,76.0,2022-12,1,10.7,92.0,-73.692479,42.742217,,0.0,False,0.0,0.0,,Low likelihood. GFM negative 0% HEFAS negative ?km web: no specific flood news found for this year
LYONDELL_CHIMIE_SAS,0,0.0,,1,26.0,2022-12,1,14.1,49.0,4.860211,43.420095,,0.0,False,-1.0,-1.0,44.1,Low likelihood. GFM negative 0% HEFAS negative 44km web: no specific flood news found for this year
Labadie,1,3.0,2022-01_2022-03_2022-04_2022-05_2022-06_2022-07_2022-08_2022-10,1,38.0,2022-12,1,24.8,100.0,-90.835994,38.558295,,0.0,False,0.0,0.0,,Medium likelihood. GFM positive 3% HEFAS negative ?km web: no specific flood news found for this year
Lewis_Clark,0,0.0,2022-03,1,22.0,2022-12,1,18.6,85.0,-104.156886,47.678817,,0.0,False,0.0,0.0,,Low likelihood. GFM negative 0% HEFAS negative ?km web: no specific flood news found for this year
Lieberman_Power_Plant,0,0.0,,1,46.0,2022-12,1,5.4,49.0,-93.959769,32.704685,,0.0,False,0.0,0.0,,Low likelihood. GFM negative 0% HEFAS negative ?km web: no specific flood news found for this year
Lindbergh_Cavern,1,5.0,2022-03,1,72.0,2022-12,1,21.5,100.0,-110.644781,53.866865,,0.0,False,0.0,0.0,,Medium likelihood. GFM positive 5% HEFAS negative ?km web: no specific flood news found for this year
Lindemans_Karadoc_Winery,1,9.0,2022-10_2022-11_2022-12,1,21.0,2022-12,1,35.4,100.0,142.273009,-34.31961,,0.0,False,0.0,0.0,,Medium likelihood. GFM positive 9% HEFAS negative ?km web: no specific flood news found for this year
Little_Gypsy,1,1.0,2022-04_2022-05_2022-06,1,47.0,2022-12,1,15.9,100.0,-90.461111,30.003222,,0.0,False,0.0,0.0,,Medium likelihood. GFM positive 1% HEFAS negative ?km web: no specific flood news found for this year
Longford,1,5.0,2022-08_2022-11,1,36.0,2022-12,1,23.7,100.0,147.116088,-41.58907,,0.0,False,0.0,0.0,,Medium likelihood. GFM positive 5% HEFAS negative ?km web: no specific flood news found for this year
Lycium,0,0.0,,1,100.0,2022-12,1,31.0,49.0,139.538655,-28.064632,,0.0,False,0.0,0.0,,Low likelihood. GFM negative 0% HEFAS negative ?km web: no specific flood news found for this year
Lyondell_Chemical_Nederland_Ltd.,0,0.0,,1,54.0,2022-12,1,20.8,49.0,4.252926,51.882097,,0.0,False,-2.0,-2.0,84.3,Low likelihood. GFM negative 0% HEFAS negative 84km web: no specific flood news found for this year
MARATHON_ELECTRIC-REGAL_BELOIT_CORP,1,24.0,2022-02_2022-03_2022-04_2022-05_2022-06_2022-09_2022-10_2022-11,1,8.0,2022-12,1,43.3,100.0,-89.860524,35.928441,,0.0,False,0.0,0.0,,Medium likelihood. GFM positive 24% HEFAS negative ?km web: no specific flood news found for this year
MARATHON_PETROLEUM_CO_-_FLOREFFE_PA_ASPHALT_TERMINAL,0,0.0,,1,88.0,2022-12,1,5.5,49.0,-79.915164,40.258386,,0.0,False,0.0,0.0,,Low likelihood. GFM negative 0% HEFAS negative ?km web: no specific flood news found for this year
MARATHON_PETROLEUM_CO_-_KNOXVILLE_TN_ASP_TERMINAL,0,0.0,2022-05,1,85.0,2022-12,1,10.8,100.0,-83.909052,35.959592,,0.0,False,0.0,0.0,,Low likelihood. GFM negative 0% HEFAS negative ?km web: no specific flood news found for this year
MARATHON_PETROLEUM_CO_-_LOUISVILLE_CANE_RUN_TERMINAL,0,0.0,,1,63.0,2022-12,1,11.9,49.0,-85.90213,38.130015,,0.0,False,0.0,0.0,,Low likelihood. GFM negative 0% HEFAS negative ?km web: no specific flood news found for this year
MARATHON_PETROLEUM_CO_-_NASHVILLE_TN_ASP_TERMINAL,0,0.0,,1,77.0,2022-12,1,9.7,49.0,-86.808606,36.203736,,0.0,False,0.0,0.0,,Low likelihood. GFM negative 0% HEFAS negative ?km web: no specific flood news found for this year
MARATHON_PETROLEUM_CO_-_WELLSVILLE_OH_ASP_TERMINAL,0,0.0,,1,83.0,2022-12,1,7.2,49.0,-80.661847,40.593048,,0.0,False,0.0,0.0,,Low likelihood. GFM negative 0% HEFAS negative ?km web: no specific flood news found for this year
MARATHON_PETROLEUM_CO_LP,0,0.0,,1,35.0,2022-12,1,17.4,49.0,-90.593548,30.06133,,0.0,False,0.0,0.0,,Low likelihood. GFM negative 0% HEFAS negative ?km web: no specific flood news found for this year
MARKHAM_GAS_PROCESSING_PLANT,0,0.0,2022-08_2022-09_2022-10_2022-11_2022-12,1,20.0,2022-12,1,28.1,99.0,-96.057719,29.018003,,0.0,False,0.0,0.0,,Low likelihood. GFM negative 0% HEFAS negative ?km web: no specific flood news found for this year
MARTIN_MARIETTA_GREELEY_35TH_AVE,1,5.0,2022-10_2022-11_2022-12,1,31.0,2022-12,1,26.6,100.0,-104.734891,40.448526,,0.0,False,0.0,0.0,,Medium likelihood. GFM positive 5% HEFAS negative ?km web: no specific flood news found for this year
MASCO_BATH,1,12.0,2022-01_2022-02_2022-03_2022-05_2022-06_2022-07_2022-08_2022-09,1,24.0,2022-12,1,39.9,100.0,-121.754944,42.171016,,0.0,False,0.0,0.0,,Medium likelihood. GFM positive 12% HEFAS negative ?km web: no specific flood news found for this year
MASTERBRAND_CABINETS_INC-GRANTS_PASS_OPERATIONS,0,0.0,,1,74.0,2022-12,1,13.1,49.0,-123.319739,42.433002,,0.0,False,0.0,0.0,,Low likelihood. GFM negative 0% HEFAS negative ?km web: no specific flood news found for this year
MASTER_HALCO_0,1,8.0,2022-02_2022-04_2022-05_2022-06_2022-09_2022-10,1,24.0,2022-12,1,33.4,100.0,-90.195782,35.106318,,0.0,False,0.0,0.0,,Medium likelihood. GFM positive 8% HEFAS negative ?km web: no specific flood news found for this year
MASTER_HALCO_1,1,8.0,2022-02_2022-04_2022-05_2022-06_2022-09_2022-10,1,24.0,2022-12,1,33.4,100.0,-90.195782,35.106318,,0.0,False,0.0,0.0,,Medium likelihood. GFM positive 8% HEFAS negative ?km web: no specific flood news found for this year
MATERIALS_PACKAGING_CORP_0,1,10.0,2022-01_2022-02_2022-03_2022-04_2022-08_2022-11_2022-12,1,41.0,2022-12,1,23.9,100.0,-96.495941,41.460005,,0.0,False,0.0,0.0,,Medium likelihood. GFM positive 10% HEFAS negative ?km web: no specific flood news found for this year
MATERIALS_PACKAGING_CORP_1,1,8.0,2022-01_2022-02_2022-03_2022-04_2022-08_2022-11_2022-12,1,40.0,2022-12,1,23.5,100.0,-96.497354,41.460919,,0.0,False,0.0,0.0,,Medium likelihood. GFM positive 8% HEFAS negative ?km web: no specific flood news found for this year
MATTHEWS_INTERNATIONAL_CORP,0,0.0,,1,83.0,2022-12,1,5.3,49.0,-79.868642,40.488158,,0.0,False,0.0,0.0,,Low likelihood. GFM negative 0% HEFAS negative ?km web: no specific flood news found for this year
MAVERICK_TUBE_CORP_0,1,23.0,2022-01_2022-02_2022-03_2022-04_2022-05_2022-06_2022-07_2022-08_2022-09_2022-10,1,13.0,2022-12,1,44.0,100.0,-89.758373,35.934267,,0.0,False,0.0,0.0,,Medium likelihood. GFM positive 23% HEFAS negative ?km web: no specific flood news found for this year
MAVERICK_TUBE_CORP_1,1,23.0,2022-01_2022-02_2022-03_2022-04_2022-05_2022-06_2022-07_2022-08_2022-09_2022-10,1,13.0,2022-12,1,44.0,100.0,-89.758373,35.934267,,0.0,False,0.0,0.0,,Medium likelihood. GFM positive 23% HEFAS negative ?km web: no specific flood news found for this year
MCCONWAY_TORLEY_LLC_PLT_1801,0,0.0,,1,86.0,2022-12,1,5.4,49.0,-79.961344,40.478364,,0.0,False,0.0,0.0,,Low likelihood. GFM negative 0% HEFAS negative ?km web: no specific flood news found for this year
MCDERMOTT_INC,0,0.0,,1,74.0,2022-12,1,16.8,49.0,-91.100031,29.650477,,0.0,False,0.0,0.0,,Low likelihood. GFM negative 0% HEFAS negative ?km web: no specific flood news found for this year
MCNEILUS_TRUCK_MANUFACTURING_INC,0,0.0,,1,61.0,2022-12,1,10.5,49.0,-111.988314,33.41488,,0.0,False,0.0,0.0,,Low likelihood. GFM negative 0% HEFAS negative ?km web: no specific flood news found for this year
MDU_CORVALLIS_ASPHALT,1,4.0,2022-04_2022-05_2022-10,1,39.0,2022-12,1,27.0,100.0,-123.24145,44.563268,,0.0,False,0.0,0.0,,Medium likelihood. GFM positive 4% HEFAS negative ?km web: no specific flood news found for this year
MDU_RESOURCES_EUGENE_CONCRETE,0,0.0,,1,65.0,2022-12,1,17.7,49.0,-123.10825,44.099169,,0.0,False,0.0,0.0,,Low likelihood. GFM negative 0% HEFAS negative ?km web: no specific flood news found for this year
MDU_RESOURCES_KLAMATH_FALLS_CONCRETE,1,14.0,2022-01_2022-02_2022-03_2022-05_2022-06_2022-07_2022-08_2022-09_2022-10,1,28.0,2022-12,1,35.2,100.0,-121.770949,42.181818,,0.0,False,0.0,0.0,,Medium likelihood. GFM positive 14% HEFAS negative ?km web: no specific flood news found for this year
MDU_RESOURCES_KNIFE_RIVER_SUNDIAL_ASPHALT,0,0.0,,1,44.0,2022-12,1,15.6,49.0,-122.408769,45.563388,,0.0,False,0.0,0.0,,Low likelihood. GFM negative 0% HEFAS negative ?km web: no specific flood news found for this year
MERCER_GENERATING_STATION,1,2.0,2022-01_2022-02_2022-03_2022-04_2022-05_2022-06_2022-07_2022-08_2022-09_2022-10_2022-11_2022-12,1,63.0,2022-12,1,17.7,100.0,-74.733892,40.178874,,0.0,False,0.0,0.0,,Medium likelihood. GFM positive 2% HEFAS negative ?km web: no specific flood news found for this year
METAL_IMPROVEMENT_CO,0,0.0,,1,64.0,2022-12,1,13.2,49.0,-74.918844,40.080704,,0.0,False,0.0,0.0,,Low likelihood. GFM negative 0% HEFAS negative ?km web: no specific flood news found for this year
MGPI_of_Indiana._LLC,1,4.0,2022-01_2022-02_2022-03_2022-04_2022-05,1,63.0,2022-12,1,17.8,100.0,-84.861379,39.099968,,0.0,False,0.0,0.0,,Medium likelihood. GFM positive 4% HEFAS negative ?km web: no specific flood news found for this year
MICHELIN_ESPA_A_PORTUGAL_S.A.,1,3.0,2022-04_2022-05_2022-09_2022-10_2022-12,1,57.0,2022-12,1,18.2,96.0,-4.712519,41.676685,,0.0,False,-1.3333333333333333,0.0,2.4,Medium likelihood. GFM positive 3% HEFAS negative 2km web: no specific flood news found for this year
MIDAMERICAN_ENERGY-RIVERSIDE_GENERATING_STATION,0,0.0,,1,42.0,2022-12,1,10.3,49.0,-90.447777,41.540385,,0.0,False,0.0,0.0,,Low likelihood. GFM negative 0% HEFAS negative ?km web: no specific flood news found for this year
MIDAMERICAN_ENERGY_CO_GEORGE_NEAL_NORTH,1,12.0,2022-01_2022-02_2022-03_2022-05_2022-11_2022-12,1,23.0,2022-12,1,29.2,100.0,-96.367841,42.327436,,0.0,False,0.0,0.0,,Medium likelihood. GFM positive 12% HEFAS negative ?km web: no specific flood news found for this year
MIDWEST_METAL_COATINGS,0,0.0,,1,38.0,2022-12,1,23.4,49.0,-90.143998,38.72743,,0.0,False,0.0,0.0,,Low likelihood. GFM negative 0% HEFAS negative ?km web: no specific flood news found for this year
MIRAMICHI_MARINE_TERMINAL,0,0.0,2022-03,1,70.0,2022-12,1,13.8,80.0,-65.485725,47.018744,,0.0,False,0.0,0.0,,Low likelihood. GFM negative 0% HEFAS negative ?km web: no specific flood news found for this year
MITCHELL_STEAM_ELECTRIC_GENERATING_PLANT,0,0.0,,1,81.0,2022-12,1,12.8,49.0,-84.134525,31.444496,,0.0,False,0.0,0.0,,Low likelihood. GFM negative 0% HEFAS negative ?km web: no specific flood news found for this year
MITSUE_11-15,0,0.0,,1,6.0,2022-12,1,20.7,49.0,-114.373906,54.887349,,0.0,False,0.0,0.0,,Low likelihood. GFM negative 0% HEFAS negative ?km web: no specific flood news found for this year
MITSUE_7-28-71-2W5_CS_06-14,0,0.0,,1,76.0,2022-12,1,18.3,49.0,-114.200308,55.232584,,0.0,False,0.0,0.0,,Low likelihood. GFM negative 0% HEFAS negative ?km web: no specific flood news found for this year
MM_Frohnleiten_GmbH,0,0.0,,1,85.0,2022-12,1,8.7,49.0,15.328083,47.278013,,4.0,True,0.017921146953405,2.0,15.1,Medium likelihood. GFM negative 0% HEFAS positive 15km web: no specific flood news found for this year
MODINE_MANUFACTURING_CO,0,0.0,2022-05,1,81.0,2022-12,1,11.8,92.0,-84.104488,36.101903,,0.0,False,0.0,0.0,,Low likelihood. GFM negative 0% HEFAS negative ?km web: no specific flood news found for this year
MOL_Magyar_Olaj-_s_G_zipari_Nyrt.Algy__302_CH_termel__k_t,1,16.0,2022-03_2022-04_2022-05_2022-07_2022-08,1,17.0,2022-12,1,41.5,99.0,20.181004,46.300672,,0.0,False,-0.3333333333333333,0.0,23.8,Medium likelihood. GFM positive 16% HEFAS negative 24km web: no specific flood news found for this year
MOL_Magyar_Olaj-_s_G_zipari_Nyrt._-_Endr_d-60_sz_nhidrog_n_termel__k_t_telephelye,1,51.0,2022-02_2022-03_2022-04_2022-05_2022-06_2022-07_2022-08,1,5.0,2022-12,1,55.1,100.0,20.658044,46.978963,,9.0,True,-0.3046594982078853,2.0,10.5,High likelihood. GFM positive 51% HEFAS positive 10km web: no specific flood news found for this year
MOL_Magyar_Olaj-_s_G_zipari_Nyrt._0,1,34.0,2022-01_2022-02_2022-03_2022-04_2022-05_2022-07_2022-08,1,5.0,2022-12,1,48.6,100.0,20.060871,46.247387,,0.0,False,0.0,0.0,22.1,Medium likelihood. GFM positive 34% HEFAS negative 22km web: no specific flood news found for this year
MOL_Magyar_Olaj-_s_G_zipari_Nyrt._1,1,44.0,2022-03_2022-04_2022-05_2022-06_2022-07_2022-08,1,4.0,2022-12,1,52.6,100.0,20.988735,46.287813,,0.0,False,-0.3333333333333333,0.0,29.2,Medium likelihood. GFM positive 44% HEFAS negative 29km web: No major 2020-2023 Danube/Tisza flood headlines; possible overflag/local ponding.
MOL_Magyar_Olaj-_s_G_zipari_Nyrt._10,1,35.0,2022-03_2022-04_2022-05_2022-07,1,19.0,2022-12,1,47.2,100.0,20.23178,46.297801,,0.0,False,-0.3333333333333333,0.0,20.2,Medium likelihood. GFM positive 35% HEFAS negative 20km web: no specific flood news found for this year
MOL_Magyar_Olaj-_s_G_zipari_Nyrt._11,1,12.0,2022-03_2022-04_2022-05_2022-06_2022-07_2022-08,1,15.0,2022-12,1,42.2,100.0,20.190814,46.306697,,0.0,False,-0.3333333333333333,0.0,23.4,Medium likelihood. GFM positive 12% HEFAS negative 23km web: no specific flood news found for this year
MOL_Magyar_Olaj-_s_G_zipari_Nyrt._12,1,16.0,2022-03_2022-04_2022-05_2022-06_2022-07_2022-08,1,20.0,2022-12,1,41.5,100.0,20.176231,46.303922,,0.0,False,-0.3333333333333333,0.0,24.2,Medium likelihood. GFM positive 16% HEFAS negative 24km web: no specific flood news found for this year
MOL_Magyar_Olaj-_s_G_zipari_Nyrt._13,1,27.0,2022-03_2022-04_2022-05_2022-06_2022-07_2022-08,1,18.0,2022-12,1,47.5,100.0,20.173084,46.315155,,0.0,False,-0.3333333333333333,0.0,25.1,Medium likelihood. GFM positive 27% HEFAS negative 25km web: no specific flood news found for this year
MOL_Magyar_Olaj-_s_G_zipari_Nyrt._14,1,14.0,2022-03_2022-04_2022-05_2022-06_2022-07_2022-08,1,23.0,2022-12,1,39.8,100.0,20.173949,46.301409,,0.0,False,-0.3333333333333333,0.0,24.3,Medium likelihood. GFM positive 14% HEFAS negative 24km web: no specific flood news found for this year
MOL_Magyar_Olaj-_s_G_zipari_Nyrt._15,1,11.0,2022-03_2022-04_2022-05_2022-07_2022-08,1,30.0,2022-12,1,36.4,100.0,20.091495,46.23618,,0.0,False,0.0,0.0,20.8,Medium likelihood. GFM positive 11% HEFAS negative 21km web: no specific flood news found for this year
MOL_Magyar_Olaj-_s_G_zipari_Nyrt._16,1,72.0,2022-02_2022-03_2022-04_2022-05_2022-06_2022-07_2022-08,1,5.0,2022-12,1,67.3,100.0,20.257614,46.257021,,0.0,False,-0.3333333333333333,0.0,16.4,Medium likelihood. GFM positive 72% HEFAS negative 16km web: no specific flood news found for this year
MOL_Magyar_Olaj-_s_G_zipari_Nyrt._17,1,17.0,2022-03_2022-04_2022-05_2022-06_2022-07_2022-08,1,16.0,2022-12,1,42.7,100.0,20.182181,46.302335,,0.0,False,-0.3333333333333333,0.0,23.8,Medium likelihood. GFM positive 17% HEFAS negative 24km web: no specific flood news found for this year
MOL_Magyar_Olaj-_s_G_zipari_Nyrt._18,1,26.0,2022-03_2022-04_2022-05_2022-07,1,29.0,2022-12,1,41.1,100.0,20.217502,46.27262,,0.0,False,-0.3333333333333333,0.0,19.9,Medium likelihood. GFM positive 26% HEFAS negative 20km web: no specific flood news found for this year
MOL_Magyar_Olaj-_s_G_zipari_Nyrt._19,1,31.0,2022-02_2022-03_2022-04_2022-05_2022-07,1,24.0,2022-12,1,44.6,100.0,20.224066,46.278707,,0.0,False,-0.3333333333333333,0.0,19.7,Medium likelihood. GFM positive 31% HEFAS negative 20km web: no specific flood news found for this year
MOL_Magyar_Olaj-_s_G_zipari_Nyrt._2,1,11.0,2022-03_2022-04_2022-05_2022-06_2022-07_2022-08,1,21.0,2022-12,1,40.3,100.0,20.195459,46.316048,,0.0,False,-0.3333333333333333,0.0,23.6,Medium likelihood. GFM positive 11% HEFAS negative 24km web: no specific flood news found for this year
MOL_Magyar_Olaj-_s_G_zipari_Nyrt._20,1,41.0,2022-02_2022-03_2022-04_2022-05_2022-06_2022-07_2022-08,1,6.0,2022-12,1,54.6,100.0,20.285672,46.215323,,0.0,False,-0.3333333333333333,0.0,13.2,Medium likelihood. GFM positive 41% HEFAS negative 13km web: no specific flood news found for this year
MOL_Magyar_Olaj-_s_G_zipari_Nyrt._21,1,40.0,2022-03_2022-04_2022-05_2022-07_2022-08,1,9.0,2022-12,1,48.9,100.0,20.071828,46.235905,,0.0,False,0.0,0.0,20.8,Medium likelihood. GFM positive 40% HEFAS negative 21km web: no specific flood news found for this year
MOL_Magyar_Olaj-_s_G_zipari_Nyrt._22,1,31.0,2022-03_2022-04_2022-05_2022-07,1,24.0,2022-12,1,44.4,100.0,20.222321,46.277745,,0.0,False,-0.3333333333333333,0.0,19.8,Medium likelihood. GFM positive 31% HEFAS negative 20km web: no specific flood news found for this year
MOL_Magyar_Olaj-_s_G_zipari_Nyrt._23,1,42.0,2022-02_2022-03_2022-04_2022-05_2022-06_2022-07,1,26.0,2022-12,1,48.1,100.0,20.228608,46.265901,,0.0,False,-0.3333333333333333,0.0,18.8,Medium likelihood. GFM positive 42% HEFAS negative 19km web: no specific flood news found for this year
MOL_Magyar_Olaj-_s_G_zipari_Nyrt._24,1,35.0,2022-02_2022-03_2022-04_2022-05_2022-07,1,21.0,2022-12,1,47.8,100.0,20.229203,46.284833,,0.0,False,-0.3333333333333333,0.0,19.7,Medium likelihood. GFM positive 35% HEFAS negative 20km web: no specific flood news found for this year
MOL_Magyar_Olaj-_s_G_zipari_Nyrt._25,1,30.0,2022-03_2022-04_2022-05_2022-07,1,18.0,2022-12,1,46.0,100.0,20.216827,46.280251,,0.0,False,-0.3333333333333333,0.0,20.3,Medium likelihood. GFM positive 30% HEFAS negative 20km web: no specific flood news found for this year
MOL_Magyar_Olaj-_s_G_zipari_Nyrt._26,1,41.0,2022-02_2022-03_2022-04_2022-05_2022-07,1,24.0,2022-12,1,48.2,100.0,20.235315,46.271812,,0.0,False,-0.3333333333333333,0.0,18.6,Medium likelihood. GFM positive 41% HEFAS negative 19km web: no specific flood news found for this year
MOL_Magyar_Olaj-_s_G_zipari_Nyrt._27,1,14.0,2022-02_2022-03_2022-04_2022-05_2022-06_2022-07,1,35.0,2022-12,1,37.5,100.0,20.245924,46.231845,,0.0,False,-0.3333333333333333,0.0,16.5,Medium likelihood. GFM positive 14% HEFAS negative 16km web: no specific flood news found for this year
MOL_Magyar_Olaj-_s_G_zipari_Nyrt._28,1,35.0,2022-02_2022-03_2022-04_2022-05_2022-06_2022-07_2022-08,1,8.0,2022-12,1,52.8,100.0,20.268426,46.219401,,0.0,False,-0.3333333333333333,0.0,14.6,Medium likelihood. GFM positive 35% HEFAS negative 15km web: no specific flood news found for this year
MOL_Magyar_Olaj-_s_G_zipari_Nyrt._29,1,32.0,2022-03_2022-04_2022-05_2022-07,1,10.0,2022-12,1,48.6,100.0,20.210461,46.284076,,0.0,False,-0.3333333333333333,0.0,20.9,Medium likelihood. GFM positive 32% HEFAS negative 21km web: no specific flood news found for this year
MOL_Magyar_Olaj-_s_G_zipari_Nyrt._3,1,81.0,2022-02_2022-03_2022-04_2022-05_2022-06_2022-07_2022-08,1,1.0,2022-12,1,66.6,100.0,20.465173,46.293572,,0.0,False,-0.3333333333333333,0.0,10.1,Medium likelihood. GFM positive 81% HEFAS negative 10km web: No major 2020-2023 Danube/Tisza flood headlines; possible overflag/local ponding.
MOL_Magyar_Olaj-_s_G_zipari_Nyrt._30,1,17.0,2022-02_2022-03_2022-04_2022-05_2022-06_2022-07,1,29.0,2022-12,1,40.0,100.0,20.236557,46.236106,,0.0,False,-0.3333333333333333,0.0,17.3,Medium likelihood. GFM positive 17% HEFAS negative 17km web: no specific flood news found for this year
MOL_Magyar_Olaj-_s_G_zipari_Nyrt._31,1,22.0,2022-03_2022-04_2022-05_2022-06_2022-07_2022-08,1,19.0,2022-12,1,45.6,100.0,20.17956,46.311696,,0.0,False,-0.3333333333333333,0.0,24.4,Medium likelihood. GFM positive 22% HEFAS negative 24km web: no specific flood news found for this year
MOL_Magyar_Olaj-_s_G_zipari_Nyrt._32,1,38.0,2022-03_2022-04_2022-05_2022-06_2022-07_2022-08,1,29.0,2022-12,1,49.1,100.0,20.256984,46.243942,,0.0,False,-0.3333333333333333,0.0,16.0,Medium likelihood. GFM positive 38% HEFAS negative 16km web: no specific flood news found for this year
MOL_Magyar_Olaj-_s_G_zipari_Nyrt._33,1,23.0,2022-03_2022-04_2022-05_2022-07,1,13.0,2022-12,1,45.0,100.0,20.214473,46.307722,,0.0,False,-0.3333333333333333,0.0,21.9,Medium likelihood. GFM positive 23% HEFAS negative 22km web: no specific flood news found for this year
MOL_Magyar_Olaj-_s_G_zipari_Nyrt._34,1,37.0,2022-03_2022-04_2022-05_2022-07,1,25.0,2022-12,1,47.2,100.0,20.235065,46.313586,,0.0,False,-0.3333333333333333,0.0,20.9,Medium likelihood. GFM positive 37% HEFAS negative 21km web: no specific flood news found for this year
MOL_Magyar_Olaj-_s_G_zipari_Nyrt._35,1,57.0,2022-03_2022-04_2022-05_2022-06_2022-07_2022-08,1,4.0,2022-12,1,58.5,100.0,21.058426,46.246196,,19.0,True,-0.2983230926779314,2.0,22.3,High likelihood. GFM positive 57% HEFAS positive 22km web: no specific flood news found for this year
MOL_Magyar_Olaj-_s_G_zipari_Nyrt._36,1,50.0,2022-03_2022-04_2022-05_2022-06_2022-07_2022-08,1,11.0,2022-12,1,55.3,100.0,21.059825,46.262978,,19.0,True,-0.2983230926779314,2.0,23.1,High likelihood. GFM positive 50% HEFAS positive 23km web: no specific flood news found for this year
MOL_Magyar_Olaj-_s_G_zipari_Nyrt._37,1,13.0,2022-03_2022-04_2022-05_2022-07_2022-08,1,15.0,2022-12,1,41.9,99.0,20.188913,46.298884,,0.0,False,-0.3333333333333333,0.0,23.1,Medium likelihood. GFM positive 13% HEFAS negative 23km web: no specific flood news found for this year
MOL_Magyar_Olaj-_s_G_zipari_Nyrt._38,1,58.0,2022-02_2022-03_2022-04_2022-05_2022-06_2022-07_2022-08_2022-09,1,3.0,2022-12,1,59.3,100.0,20.650464,46.970265,,9.0,True,-0.6505376344086021,2.0,9.4,High likelihood. GFM positive 58% HEFAS positive 9km web: no specific flood news found for this year
MOL_Magyar_Olaj-_s_G_zipari_Nyrt._39,1,93.0,2022-01_2022-02_2022-03_2022-04_2022-05_2022-06_2022-07_2022-08,1,2.0,2022-12,1,84.6,100.0,20.343651,46.97124,,0.0,False,-1.0,-1.0,14.7,Medium likelihood. GFM positive 93% HEFAS negative 15km web: No major 2020-2023 Danube/Tisza flood headlines; possible overflag/local ponding.
MOL_Magyar_Olaj-_s_G_zipari_Nyrt._4,1,75.0,2022-02_2022-03_2022-04_2022-05_2022-06_2022-07,1,4.0,2022-12,1,66.3,100.0,20.441088,46.314378,,0.0,False,-0.3333333333333333,0.0,12.5,Medium likelihood. GFM positive 75% HEFAS negative 12km web: No major 2020-2023 Danube/Tisza flood headlines; possible overflag/local ponding.
MOL_Magyar_Olaj-_s_G_zipari_Nyrt._40,1,57.0,2022-02_2022-03_2022-04_2022-05_2022-06_2022-07,1,16.0,2022-12,1,56.9,100.0,20.241902,46.266642,,0.0,False,-0.3333333333333333,0.0,17.9,Medium likelihood. GFM positive 57% HEFAS negative 18km web: no specific flood news found for this year
MOL_Magyar_Olaj-_s_G_zipari_Nyrt._41,1,11.0,2022-03_2022-04_2022-05_2022-06_2022-07_2022-08,1,14.0,2022-12,1,42.2,100.0,20.19302,46.308487,,0.0,False,-0.3333333333333333,0.0,23.4,Medium likelihood. GFM positive 11% HEFAS negative 23km web: no specific flood news found for this year
MOL_Magyar_Olaj-_s_G_zipari_Nyrt._42,1,51.0,2022-02_2022-03_2022-04_2022-05_2022-06_2022-07_2022-08,1,5.0,2022-12,1,55.1,100.0,20.658044,46.978963,,9.0,True,-0.3046594982078853,2.0,10.5,High likelihood. GFM positive 51% HEFAS positive 10km web: no specific flood news found for this year
MOL_Magyar_Olaj-_s_G_zipari_Nyrt._5,1,46.0,2022-03_2022-04_2022-05_2022-06_2022-07,1,21.0,2022-12,1,51.2,100.0,20.231703,46.257006,,0.0,False,-0.3333333333333333,0.0,18.3,Medium likelihood. GFM positive 46% HEFAS negative 18km web: no specific flood news found for this year
MOL_Magyar_Olaj-_s_G_zipari_Nyrt._6,1,76.0,2022-02_2022-03_2022-04_2022-05_2022-06_2022-07,1,4.0,2022-12,1,64.9,100.0,20.424451,46.293831,,0.0,False,-0.3333333333333333,0.0,10.4,Medium likelihood. GFM positive 76% HEFAS negative 10km web: no specific flood news found for this year
MOL_Magyar_Olaj-_s_G_zipari_Nyrt._7,1,76.0,2022-02_2022-03_2022-04_2022-05_2022-06_2022-07,1,4.0,2022-12,1,64.9,100.0,20.424451,46.293831,,0.0,False,-0.3333333333333333,0.0,10.4,Medium likelihood. GFM positive 76% HEFAS negative 10km web: No major 2020-2023 Danube/Tisza flood headlines; possible overflag/local ponding.
MOL_Magyar_Olaj-_s_G_zipari_Nyrt._8,1,24.0,2022-03_2022-04_2022-05_2022-06_2022-07_2022-08,1,18.0,2022-12,1,46.8,100.0,20.183815,46.31383,,0.0,False,-0.3333333333333333,0.0,24.3,Medium likelihood. GFM positive 24% HEFAS negative 24km web: no specific flood news found for this year
MOL_Magyar_Olaj-_s_G_zipari_Nyrt._9,1,46.0,2022-03_2022-04_2022-05_2022-06_2022-07_2022-08,1,27.0,2022-12,1,52.7,100.0,20.254609,46.24638,,0.0,False,-0.3333333333333333,0.0,16.2,Medium likelihood. GFM positive 46% HEFAS negative 16km web: no specific flood news found for this year
MOL_Magyar_Olaj-_s_G_zipari_Nyrt._Algy_-1009H_CH_termel__k_t,1,16.0,2022-03_2022-04_2022-05_2022-07_2022-08,1,19.0,2022-12,1,40.6,99.0,20.181522,46.297088,,0.0,False,-0.3333333333333333,0.0,23.5,Medium likelihood. GFM positive 16% HEFAS negative 24km web: no specific flood news found for this year
MOL_Magyar_Olaj-_s_G_zipari_Nyrt._Algy_-1011H_CH_termel__k_t,1,31.0,2022-03_2022-04_2022-05_2022-06_2022-07_2022-08,1,26.0,2022-12,1,46.5,100.0,20.124803,46.182737,,0.0,False,0.0,0.0,15.1,Medium likelihood. GFM positive 31% HEFAS negative 15km web: no specific flood news found for this year
MOL_Magyar_Olaj-_s_G_zipari_Nyrt._Algy_-192_CH_termel__k_t,1,16.0,2022-03_2022-04_2022-05_2022-07_2022-08,1,19.0,2022-12,1,40.9,100.0,20.183993,46.293395,,0.0,False,-0.3333333333333333,0.0,23.2,Medium likelihood. GFM positive 16% HEFAS negative 23km web: no specific flood news found for this year
MOL_Magyar_Olaj-_s_G_zipari_Nyrt._Algy_-550_CH_termel__k_t,1,17.0,2022-03_2022-04_2022-05_2022-07_2022-08,1,17.0,2022-12,1,42.0,99.0,20.181897,46.300884,,0.0,False,-0.3333333333333333,0.0,23.7,Medium likelihood. GFM positive 17% HEFAS negative 24km web: no specific flood news found for this year
MOL_Magyar_Olaj-_s_G_zipari_Nyrt._Algy_-_11_CH_termel__k_t,1,52.0,2022-02_2022-03_2022-04_2022-05_2022-06_2022-07_2022-08,1,3.0,2022-12,1,60.7,100.0,20.273063,46.273143,,0.0,False,-0.3333333333333333,0.0,16.1,Medium likelihood. GFM positive 52% HEFAS negative 16km web: no specific flood news found for this year
MOL_Magyar_Olaj-_s_G_zipari_Nyrt._Batt-K-151_CH_termel__k_t,1,38.0,2022-02_2022-03_2022-04_2022-05_2022-06_2022-07_2022-08,1,8.0,2022-12,1,51.7,100.0,21.079184,46.268912,,19.0,True,-0.2983230926779314,2.0,22.2,High likelihood. GFM positive 38% HEFAS positive 22km web: no specific flood news found for this year
MOL_Magyar_Olaj-_s_G_zipari_Nyrt._Ferencsz_ll_s-66_F-66_CH_termel__k_t,1,97.0,2022-02_2022-03_2022-04_2022-05_2022-06_2022-07_2022-08,0,0.0,2022-12,1,85.5,100.0,20.329301,46.170377,,0.0,False,-0.3333333333333333,0.0,10.4,Medium likelihood. GFM positive 97% HEFAS negative 10km web: no specific flood news found for this year
MOL_Magyar_Olaj-_s_G_zipari_Nyrt._H_dmez_v_s_rhely-1_CH_kutat_f_r_s,1,13.0,2022-03_2022-04_2022-05_2022-07,1,33.0,2022-12,1,38.1,100.0,20.222058,46.401192,,0.0,False,-0.3333333333333333,0.0,28.4,Medium likelihood. GFM positive 13% HEFAS negative 28km web: no specific flood news found for this year
MOL_Magyar_Olaj-_s_G_zipari_Rt.-_KTD_GY_ll.,1,74.0,2022-02_2022-03_2022-04_2022-05_2022-07,1,1.0,2022-12,1,65.8,100.0,20.504673,46.272548,,0.0,False,-0.3333333333333333,0.0,8.7,Medium likelihood. GFM positive 74% HEFAS negative 9km web: No major 2020-2023 Danube/Tisza flood headlines; possible overflag/local ponding.
MOL_Magyar_Olaj-_s_G_zipari_Rt._0,1,85.0,2022-02_2022-03_2022-04_2022-05_2022-06_2022-07_2022-08,1,1.0,2022-12,1,68.2,100.0,20.460012,46.29322,,0.0,False,-0.3333333333333333,0.0,10.1,Medium likelihood. GFM positive 85% HEFAS negative 10km web: No major 2020-2023 Danube/Tisza flood headlines; possible overflag/local ponding.
MOL_Magyar_Olaj-_s_G_zipari_Rt._1,1,22.0,2022-03_2022-04_2022-05_2022-07,1,25.0,2022-12,1,42.1,100.0,20.201545,46.276464,,0.0,False,-0.3333333333333333,0.0,21.2,Medium likelihood. GFM positive 22% HEFAS negative 21km web: no specific flood news found for this year
MOL_Magyar_Olaj-_s_G_zipari_Rt._SZT2_gy_jt__llom_s,1,14.0,2022-04_2022-05_2022-07_2022-08,1,19.0,2022-12,1,40.6,100.0,20.187272,46.28928,,0.0,False,-0.3333333333333333,0.0,22.8,Medium likelihood. GFM positive 14% HEFAS negative 23km web: no specific flood news found for this year
MOL_Nyrt.,1,41.0,2022-01_2022-02_2022-03_2022-04_2022-05_2022-06_2022-07_2022-08,1,3.0,2022-12,1,52.8,100.0,20.718215,47.514966,,261.0,True,0.4756187062638675,2.0,14.0,High likelihood. GFM positive 41% HEFAS positive 14km web: No major 2020-2023 Danube/Tisza flood headlines; possible overflag/local ponding.
MOSAIC_FERTILIZER_LLC_UNCLE_SAM_PLANT,1,2.0,2022-03_2022-10,1,28.0,2022-12,1,19.8,79.0,-90.769091,30.019608,,0.0,False,0.0,0.0,,Medium likelihood. GFM positive 2% HEFAS negative ?km web: no specific flood news found for this year
MOSAIC_PHOSPHATES_CO_FAUSTINA_PLANT,0,0.0,,1,50.0,2022-12,1,21.2,49.0,-90.91475,30.084994,,0.0,False,0.0,0.0,,Low likelihood. GFM negative 0% HEFAS negative ?km web: no specific flood news found for this year
MPC_ALASKA_TERMINAL_CO_LLC-_NORTH_POLE,1,8.0,2022-05_2022-06_2022-08_2022-09_2022-10,1,36.0,2022-12,1,29.1,100.0,-147.348356,64.737227,,0.0,False,0.0,0.0,,Medium likelihood. GFM positive 8% HEFAS negative ?km web: no specific flood news found for this year
MPLX_TERMINALS_LLC_-_BAY_CITY_MI_TERMINAL,0,0.0,,1,46.0,2022-12,1,16.8,49.0,-83.865503,43.618565,,0.0,False,0.0,0.0,,Low likelihood. GFM negative 0% HEFAS negative ?km web: no specific flood news found for this year
MPLX_TERMINALS_LLC_-_CHARLESTON_WV_TERMINAL,0,0.0,,1,87.0,2022-12,1,5.2,49.0,-81.644696,38.350346,,0.0,False,0.0,0.0,,Low likelihood. GFM negative 0% HEFAS negative ?km web: no specific flood news found for this year
MPLX_TERMINALS_LLC_-_COVINGTON_KY_TERMINAL,0,0.0,,1,83.0,2022-12,1,11.8,49.0,-84.499718,39.052575,,0.0,False,0.0,0.0,,Low likelihood. GFM negative 0% HEFAS negative ?km web: no specific flood news found for this year
MPLX_TERMINALS_LLC_-_KENOVA_WV_TERMINAL,1,1.0,2022-02_2022-05,1,80.0,2022-12,1,11.2,99.0,-82.587911,38.405556,,0.0,False,0.0,0.0,,Medium likelihood. GFM positive 1% HEFAS negative ?km web: no specific flood news found for this year
MPLX_TERMINALS_LLC_-_LOUISVILLE_ALGON_KY_TERMINAL,0,0.0,2022-01,1,58.0,2022-12,1,14.8,87.0,-85.829679,38.230723,,0.0,False,0.0,0.0,,Low likelihood. GFM negative 0% HEFAS negative ?km web: no specific flood news found for this year
MPLX_TERMINALS_LLC_-_LOUISVILLE_KRAMERS_KY_TERMINAL,0,0.0,,1,65.0,2022-12,1,16.0,49.0,-85.848931,38.204734,,0.0,False,0.0,0.0,,Low likelihood. GFM negative 0% HEFAS negative ?km web: no specific flood news found for this year
MPLX_TERMINALS_LLC_-_MARIETTA_OH_TERMINAL,0,0.0,,1,73.0,2022-12,1,7.4,49.0,-81.4946,39.380458,,0.0,False,0.0,0.0,,Low likelihood. GFM negative 0% HEFAS negative ?km web: no specific flood news found for this year
MPLX_TERMINALS_LLC_-_MIDLAND_PA_TERMINAL,0,0.0,,1,82.0,2022-12,1,6.9,49.0,-80.441699,40.630029,,0.0,False,0.0,0.0,,Low likelihood. GFM negative 0% HEFAS negative ?km web: no specific flood news found for this year
MPLX_TERMINALS_LLC_-_MONTGOMERY_AL_TERMINAL,0,0.0,,1,75.0,2022-12,1,13.5,49.0,-86.385752,32.352105,,0.0,False,0.0,0.0,,Low likelihood. GFM negative 0% HEFAS negative ?km web: no specific flood news found for this year
MPLX_TERMINALS_LLC_-_NASHVILLE_BORDEAUX_TN_TERMINAL,0,0.0,2022-02,1,79.0,2022-12,1,11.6,96.0,-86.833294,36.1844,,0.0,False,0.0,0.0,,Low likelihood. GFM negative 0% HEFAS negative ?km web: no specific flood news found for this year
MPLX_TERMINALS_LLC_-_NASHVILLE_DOWNTOWN_TN_TERMINAL,0,0.0,,1,79.0,2022-12,1,9.6,49.0,-86.774248,36.169589,,0.0,False,0.0,0.0,,Low likelihood. GFM negative 0% HEFAS negative ?km web: no specific flood news found for this year
MPLX_TERMINALS_LLC_-_STEUBENVILLE_OH_TERMINAL,0,0.0,,1,81.0,2022-12,1,5.9,49.0,-80.627389,40.399884,,0.0,False,0.0,0.0,,Low likelihood. GFM negative 0% HEFAS negative ?km web: no specific flood news found for this year
MT._AIRY_TERMINAL_LLC,0,0.0,2022-04_2022-06_2022-07_2022-08,1,44.0,2022-12,1,18.4,100.0,-90.643921,30.053953,,0.0,False,0.0,0.0,,Low likelihood. GFM negative 0% HEFAS negative ?km web: no specific flood news found for this year
MULTI-CHEM_GROUP-GARDEN_CITY,1,7.0,2022-05_2022-07_2022-10,1,9.0,2022-12,1,50.1,100.0,-100.926188,37.989395,,0.0,False,0.0,0.0,,Medium likelihood. GFM positive 7% HEFAS negative ?km web: no specific flood news found for this year
MULTI-CHEM_GROUP_GEISMAR_LA_FACILITY,0,0.0,2022-03_2022-04_2022-05_2022-06_2022-07_2022-08_2022-09_2022-10_2022-11_2022-12,1,66.0,2022-12,1,17.4,96.0,-91.023648,30.228926,,0.0,False,0.0,0.0,,Low likelihood. GFM negative 0% HEFAS negative ?km web: no specific flood news found for this year
MULTI-CHEM_GROUP_LLC,0,0.0,,1,74.0,2022-12,1,16.8,49.0,-109.241931,41.57001,,0.0,False,0.0,0.0,,Low likelihood. GFM negative 0% HEFAS negative ?km web: no specific flood news found for this year
MUSKOGEE_GENERATING_STATION,0,0.0,2022-05_2022-06_2022-07_2022-08,1,34.0,2022-12,1,19.8,98.0,-95.287397,35.76059,,0.0,False,0.0,0.0,,Low likelihood. GFM negative 0% HEFAS negative ?km web: no specific flood news found for this year
M_L_KAPP_GENERATING_STATION,0,0.0,,1,54.0,2022-12,1,15.1,49.0,-90.234069,41.807699,,0.0,False,0.0,0.0,,Low likelihood. GFM negative 0% HEFAS negative ?km web: no specific flood news found for this year
MacKenzie_Highway_Station,1,44.0,2022-01_2022-02_2022-03_2022-04_2022-05_2022-06_2022-07_2022-08_2022-10_2022-11_2022-12,1,37.0,2022-12,1,53.8,100.0,-121.347661,61.861704,,0.0,False,0.0,0.0,,Medium likelihood. GFM positive 44% HEFAS negative ?km web: No clear local flood reports for this year; possible ice-jam/ponding.
Magnolia_Landfill,0,0.0,2022-10,1,80.0,2022-12,1,14.4,82.0,-91.991866,32.478437,,0.0,False,0.0,0.0,,Low likelihood. GFM negative 0% HEFAS negative ?km web: no specific flood news found for this year
Magyar_Suzuki_Zrt.,1,1.0,2022-03_2022-04,1,55.0,2022-12,1,25.7,100.0,18.745859,47.768847,,6.0,True,-0.3091397849462365,4.0,3.4,High likelihood. GFM positive 1% HEFAS positive 3km web: no specific flood news found for this year
Marten_Hills_Sour_Gas_Plant_12-18-076-25W4,0,0.0,,1,79.0,2022-12,1,23.0,49.0,-117.891637,55.585578,,0.0,False,0.0,0.0,,Low likelihood. GFM negative 0% HEFAS negative ?km web: no specific flood news found for this year
Masson-Angers,1,19.0,2022-03_2022-04_2022-12,1,38.0,2022-12,1,36.4,100.0,-75.38671,45.550293,,0.0,False,0.0,0.0,,Medium likelihood. GFM positive 19% HEFAS negative ?km web: no specific flood news found for this year
McMeekin,0,0.0,2022-05,1,56.0,2022-12,1,7.1,100.0,-81.217784,34.053331,,0.0,False,0.0,0.0,,Low likelihood. GFM negative 0% HEFAS negative ?km web: no specific flood news found for this year
Mercedes-Benz_Mercedes-Benz._Werk_Hamburg_0,0,0.0,,1,67.0,2022-12,1,17.2,49.0,9.926507,53.475784,,15.0,True,0.0169184161119645,4.0,8.3,Medium likelihood. GFM negative 0% HEFAS positive 8km web: no specific flood news found for this year
Mercedes-Benz_Mercedes-Benz._Werk_Hamburg_1,0,0.0,,1,67.0,2022-12,1,17.2,49.0,9.926507,53.475784,,15.0,True,0.0169184161119645,4.0,8.3,Medium likelihood. GFM negative 0% HEFAS positive 8km web: no specific flood news found for this year
Mercedes_Benz_AG_Werk_Bremen_0,0,0.0,,1,61.0,2022-12,1,17.2,49.0,8.907666,53.064017,,10.0,True,0.0370967741935483,3.0,3.6,Medium likelihood. GFM negative 0% HEFAS positive 4km web: no specific flood news found for this year
Mercedes_Benz_AG_Werk_Bremen_1,0,0.0,,1,61.0,2022-12,1,17.2,49.0,8.907666,53.064017,,10.0,True,0.0370967741935483,3.0,3.6,Medium likelihood. GFM negative 0% HEFAS positive 4km web: no specific flood news found for this year
Mercedes_Benz_AG_Werk_Rastatt._PKW-Werk_0,0,0.0,,1,60.0,2022-12,1,17.6,49.0,8.183274,48.859308,,2.0,True,0.0037037037037037,2.0,9.5,Medium likelihood. GFM negative 0% HEFAS positive 10km web: no specific flood news found for this year
Mercedes_Benz_AG_Werk_Rastatt._PKW-Werk_1,0,0.0,,1,60.0,2022-12,1,17.6,49.0,8.183274,48.859308,,2.0,True,0.0037037037037037,2.0,9.5,Medium likelihood. GFM negative 0% HEFAS positive 10km web: no specific flood news found for this year
Merck_KGaA,1,1.0,2022-05,1,39.0,2022-12,1,21.3,90.0,8.481883,49.767548,,26.0,True,0.0575268817204301,3.0,11.3,High likelihood. GFM positive 1% HEFAS positive 11km web: no specific flood news found for this year
Michelin_Reifenwerke_AG_Co._KGaA,1,2.0,2022-04_2022-05,1,65.0,2022-12,1,19.5,92.0,7.888067,49.858,,0.0,False,0.0,0.0,1.7,Medium likelihood. GFM positive 2% HEFAS negative 2km web: no specific flood news found for this year
MidAmerican_Energy_Company,0,0.0,,1,77.0,2022-12,1,12.5,49.0,-93.626079,41.587611,,0.0,False,0.0,0.0,,Low likelihood. GFM negative 0% HEFAS negative ?km web: no specific flood news found for this year
MidAmerican_Energy_Company_-_Bettendorf_LNG,0,0.0,,1,48.0,2022-12,1,11.0,49.0,-90.450651,41.544469,,0.0,False,0.0,0.0,,Low likelihood. GFM negative 0% HEFAS negative ?km web: no specific flood news found for this year
MidAmerican_Energy_Company_Local_Natural_Gas_Distribution_Company_-_Illinois,0,0.0,,1,77.0,2022-12,1,12.5,49.0,-93.626079,41.587611,,0.0,False,0.0,0.0,,Low likelihood. GFM negative 0% HEFAS negative ?km web: no specific flood news found for this year
MidAmerican_Energy_Company_Local_Natural_Gas_Distribution_Company_-_Nebraska,0,0.0,,1,77.0,2022-12,1,12.5,49.0,-93.626079,41.587611,,0.0,False,0.0,0.0,,Low likelihood. GFM negative 0% HEFAS negative ?km web: no specific flood news found for this year
MidAmerican_Energy_Company_Local_Natural_Gas_Distribution_Company_-_South_Dakota,0,0.0,,1,77.0,2022-12,1,12.5,49.0,-93.626079,41.587611,,0.0,False,0.0,0.0,,Low likelihood. GFM negative 0% HEFAS negative ?km web: no specific flood news found for this year
MidAmerican_Energy_Local_Gas_Distribution_Company,0,0.0,,1,77.0,2022-12,1,12.5,49.0,-93.626079,41.587611,,0.0,False,0.0,0.0,,Low likelihood. GFM negative 0% HEFAS negative ?km web: no specific flood news found for this year
Mifa_Aluminium_B.V.,1,1.0,2022-01_2022-02_2022-03_2022-04_2022-05_2022-06_2022-07_2022-08_2022-09_2022-10_2022-11_2022-12,1,62.0,2022-12,1,18.4,93.0,6.155225,51.385791,,0.0,False,-2.0,-2.0,2.3,Medium likelihood. GFM positive 1% HEFAS negative 2km web: no specific flood news found for this year
Milam_Recycling_and_Disposal_Facility,0,0.0,,1,51.0,2022-12,1,18.0,49.0,-90.124955,38.654984,,0.0,False,0.0,0.0,,Low likelihood. GFM negative 0% HEFAS negative ?km web: no specific flood news found for this year
Mitsue_Compressor_Station_11-30-072-04W5,0,0.0,,1,3.0,2022-12,1,11.3,49.0,-114.607693,55.266803,,0.0,False,0.0,0.0,,Low likelihood. GFM negative 0% HEFAS negative ?km web: no specific flood news found for this year
Mitsue_FST,0,0.0,,0,0.0,2022-12,1,9.8,49.0,-114.588284,55.258276,,0.0,False,0.0,0.0,,Low likelihood. GFM negative 0% HEFAS negative ?km web: no specific flood news found for this year
Mitsue_OB_14-30-72-04W5,0,0.0,,1,3.0,2022-12,1,10.8,49.0,-114.607813,55.26559,,0.0,False,0.0,0.0,,Low likelihood. GFM negative 0% HEFAS negative ?km web: no specific flood news found for this year
Mitsue_Oil_SWB_02-26-074-06W5,0,0.0,,1,86.0,2022-12,1,8.5,49.0,-114.807112,55.432779,,0.0,False,0.0,0.0,,Low likelihood. GFM negative 0% HEFAS negative ?km web: no specific flood news found for this year
Mitsue_Sour_GP_10-30-72-4W5,0,0.0,,1,2.0,2022-12,1,10.9,49.0,-114.601366,55.265658,,0.0,False,0.0,0.0,,Low likelihood. GFM negative 0% HEFAS negative ?km web: no specific flood news found for this year
Mitsue_WPlant_02_10-30-72-4W5,0,0.0,,1,2.0,2022-12,1,11.3,49.0,-114.601208,55.266784,,0.0,False,0.0,0.0,,Low likelihood. GFM negative 0% HEFAS negative ?km web: no specific flood news found for this year
Mondi_Inncoat_GmbH,0,0.0,,1,36.0,2022-12,1,21.3,49.0,12.124476,47.795226,,7.0,True,0.0163679808841099,3.0,5.5,Medium likelihood. GFM negative 0% HEFAS positive 6km web: no specific flood news found for this year
Monroe,0,0.0,,1,75.0,2022-12,1,13.1,49.0,-92.127782,32.527801,,0.0,False,0.0,0.0,,Low likelihood. GFM negative 0% HEFAS negative ?km web: no specific flood news found for this year
Morrisburg_Plant,0,0.0,,1,54.0,2022-12,1,12.7,49.0,-75.158269,44.913621,,0.0,False,0.0,0.0,,Low likelihood. GFM negative 0% HEFAS negative ?km web: no specific flood news found for this year
Mosaic_Uncle_Sam_Facility,1,2.0,2022-03_2022-10,1,27.0,2022-12,1,20.0,79.0,-90.769969,30.020035,,0.0,False,0.0,0.0,,Medium likelihood. GFM positive 2% HEFAS negative ?km web: no specific flood news found for this year
Muskogee,1,1.0,2022-05_2022-06_2022-07_2022-08,1,30.0,2022-12,1,20.8,98.0,-95.284743,35.7617,,0.0,False,0.0,0.0,,Medium likelihood. GFM positive 1% HEFAS negative ?km web: no specific flood news found for this year
Mustang,0,0.0,,1,50.0,2022-12,1,16.9,49.0,-97.673339,35.471087,,0.0,False,0.0,0.0,,Low likelihood. GFM negative 0% HEFAS negative ?km web: no specific flood news found for this year
NALCO_COMPANY-ROCK_SPRINGS,0,0.0,,1,58.0,2022-12,1,24.4,49.0,-109.297682,41.55176,,0.0,False,0.0,0.0,,Low likelihood. GFM negative 0% HEFAS negative ?km web: no specific flood news found for this year
NALCO_CO_0,0,0.0,,1,41.0,2022-12,1,19.0,49.0,-90.630971,30.048633,,0.0,False,0.0,0.0,,Low likelihood. GFM negative 0% HEFAS negative ?km web: no specific flood news found for this year
NALCO_CO_1,1,2.0,2022-03_2022-04_2022-05,1,59.0,2022-12,1,23.0,94.0,-91.236785,30.418993,,0.0,False,0.0,0.0,,Medium likelihood. GFM positive 2% HEFAS negative ?km web: no specific flood news found for this year
NATIONAL_PIPE_PLASTICS_INC.,0,0.0,,1,70.0,2022-12,1,9.7,49.0,-76.075128,42.097729,,0.0,False,0.0,0.0,,Low likelihood. GFM negative 0% HEFAS negative ?km web: no specific flood news found for this year
NELSON_DEWEY_GENERATING_STATIO_N,0,0.0,,1,68.0,2022-12,1,11.4,49.0,-91.008356,42.72288,,0.0,False,0.0,0.0,,Low likelihood. GFM negative 0% HEFAS negative ?km web: no specific flood news found for this year
NEPTUNE_TECHNOLOGY_GROUP_INC,0,0.0,,1,91.0,2022-12,1,7.6,49.0,-85.894662,32.523582,,0.0,False,0.0,0.0,,Low likelihood. GFM negative 0% HEFAS negative ?km web: no specific flood news found for this year
NESTLE_PURINA_PETCARE_0,0,0.0,2022-02,1,84.0,2022-12,1,9.8,83.0,-82.01192,39.940285,,0.0,False,0.0,0.0,,Low likelihood. GFM negative 0% HEFAS negative ?km web: no specific flood news found for this year
NESTLE_PURINA_PETCARE_1,0,0.0,2022-02,1,55.0,2022-12,1,15.4,49.0,-94.868153,39.725767,,0.0,False,0.0,0.0,,Low likelihood. GFM negative 0% HEFAS negative ?km web: no specific flood news found for this year
NESTLE_PURINA_PETCARE_2,0,0.0,2022-02,1,84.0,2022-12,1,9.8,83.0,-82.01192,39.940285,,0.0,False,0.0,0.0,,Low likelihood. GFM negative 0% HEFAS negative ?km web: no specific flood news found for this year
NESTLE_PURINA_PETCARE_CO_0,0,0.0,,1,56.0,2022-12,1,16.0,49.0,-90.240799,41.823626,,0.0,False,0.0,0.0,,Low likelihood. GFM negative 0% HEFAS negative ?km web: no specific flood news found for this year
NESTLE_PURINA_PETCARE_CO_1,1,3.0,2022-02,1,31.0,2022-12,1,20.8,82.0,-94.890623,39.720055,,0.0,False,0.0,0.0,,Medium likelihood. GFM positive 3% HEFAS negative ?km web: no specific flood news found for this year
NESTLE_PURINA_PETCARE_CO_2,0,0.0,,1,56.0,2022-12,1,16.0,49.0,-90.240799,41.823626,,0.0,False,0.0,0.0,,Low likelihood. GFM negative 0% HEFAS negative ?km web: no specific flood news found for this year
NESTLE_PURINA_PETCARE_CO_3,1,3.0,2022-02,1,31.0,2022-12,1,20.8,82.0,-94.890623,39.720055,,0.0,False,0.0,0.0,,Medium likelihood. GFM positive 3% HEFAS negative ?km web: no specific flood news found for this year
NESTLE_PURINA_PETCARE_CO_4,0,0.0,,1,56.0,2022-12,1,16.0,49.0,-90.240799,41.823626,,0.0,False,0.0,0.0,,Low likelihood. GFM negative 0% HEFAS negative ?km web: no specific flood news found for this year
NESTLE_PURINA_PETCARE_CO_5,1,3.0,2022-02,1,31.0,2022-12,1,20.8,82.0,-94.890623,39.720055,,0.0,False,0.0,0.0,,Medium likelihood. GFM positive 3% HEFAS negative ?km web: no specific flood news found for this year
NESTLE_PURINA_PETCARE_CO_DAVENPORT_FACTORY_0,0,0.0,,1,55.0,2022-12,1,13.9,49.0,-90.608182,41.514553,,0.0,False,0.0,0.0,,Low likelihood. GFM negative 0% HEFAS negative ?km web: no specific flood news found for this year
NESTLE_PURINA_PETCARE_CO_DAVENPORT_FACTORY_1,0,0.0,,1,55.0,2022-12,1,13.9,49.0,-90.608182,41.514553,,0.0,False,0.0,0.0,,Low likelihood. GFM negative 0% HEFAS negative ?km web: no specific flood news found for this year
NESTLE_PURINA_PETCARE_CO_DAVENPORT_FACTORY_2,0,0.0,,1,55.0,2022-12,1,13.9,49.0,-90.608182,41.514553,,0.0,False,0.0,0.0,,Low likelihood. GFM negative 0% HEFAS negative ?km web: no specific flood news found for this year
NEVIS_06-22-039-22W4,1,15.0,2022-02_2022-06_2022-09_2022-10_2022-11_2022-12,1,56.0,2022-12,1,32.3,100.0,-113.06022,52.280195,,0.0,False,0.0,0.0,,Medium likelihood. GFM positive 15% HEFAS negative ?km web: no specific flood news found for this year
NEW_ORLEANS_SHIPYARD,0,0.0,,1,75.0,2022-12,1,20.4,49.0,-90.230622,29.945669,,0.0,False,0.0,0.0,,Low likelihood. GFM negative 0% HEFAS negative ?km web: no specific flood news found for this year
NGPL_Station_342_Johnson_s_Bayou._LA,0,0.0,,1,14.0,2022-12,1,24.1,49.0,-93.753751,29.803511,,0.0,False,0.0,0.0,,Low likelihood. GFM negative 0% HEFAS negative ?km web: no specific flood news found for this year
NORTHEAST_GENERATING_STATION,0,0.0,,1,60.0,2022-12,1,13.2,49.0,-94.559518,39.1235,,0.0,False,0.0,0.0,,Low likelihood. GFM negative 0% HEFAS negative ?km web: no specific flood news found for this year
NORTHWEST_HARDWOODS,1,2.0,2022-10_2022-11_2022-12,1,32.0,2022-12,1,18.9,100.0,-123.029388,49.140371,,0.0,False,0.0,0.0,,Medium likelihood. GFM positive 2% HEFAS negative ?km web: no specific flood news found for this year
NORTHWEST_PIPELINE_GP_SUMAS_C_S,1,2.0,2022-12,1,8.0,2022-12,1,31.8,86.0,-122.221312,49.001012,,0.0,False,0.0,0.0,,Medium likelihood. GFM positive 2% HEFAS negative ?km web: no specific flood news found for this year
NORTHWEST_PIPE_CO_0,0,0.0,,1,72.0,2022-12,1,8.1,49.0,-81.684157,39.25237,,0.0,False,0.0,0.0,,Low likelihood. GFM negative 0% HEFAS negative ?km web: no specific flood news found for this year
NORTHWEST_PIPE_CO_1,0,0.0,,1,52.0,2022-12,1,18.4,49.0,-93.725691,32.519664,,0.0,False,0.0,0.0,,Low likelihood. GFM negative 0% HEFAS negative ?km web: no specific flood news found for this year
NORTH_AMERICAN_GALVANIZING_COMPANY_-WHEELING,0,0.0,,1,84.0,2022-12,1,7.2,49.0,-80.734397,40.015422,,0.0,False,0.0,0.0,,Low likelihood. GFM negative 0% HEFAS negative ?km web: no specific flood news found for this year
NOTUS_PIT,1,2.0,2022-01_2022-02_2022-03_2022-04_2022-05_2022-06_2022-07_2022-08_2022-09_2022-10_2022-11_2022-12,1,9.0,2022-12,1,35.9,100.0,-116.787329,43.701455,,0.0,False,0.0,0.0,,Medium likelihood. GFM positive 2% HEFAS negative ?km web: no specific flood news found for this year
NUCOR-YAMATO_STEEL_CO,1,16.0,2022-04_2022-05_2022-06_2022-07_2022-10_2022-11,0,0.0,2022-12,1,30.1,100.0,-89.775574,35.901863,,0.0,False,0.0,0.0,,Medium likelihood. GFM positive 16% HEFAS negative ?km web: no specific flood news found for this year
NUCOR_COATINGS_CORP,1,25.0,2022-02_2022-03_2022-04_2022-05_2022-06_2022-07_2022-08_2022-09_2022-10_2022-11,1,2.0,2022-12,1,48.2,100.0,-89.775064,35.938338,,0.0,False,0.0,0.0,,Medium likelihood. GFM positive 25% HEFAS negative ?km web: no specific flood news found for this year
NUCOR_STEEL-ARKANSAS,1,9.0,2022-02_2022-04_2022-05_2022-06_2022-09_2022-10,1,32.0,2022-12,1,29.1,100.0,-89.727078,35.94102,,0.0,False,0.0,0.0,,Medium likelihood. GFM positive 9% HEFAS negative ?km web: no specific flood news found for this year
NUCOR_STEEL_GALLATIN_LLC,1,1.0,2022-01_2022-02_2022-05,1,34.0,2022-12,1,13.2,100.0,-85.004118,38.766719,,0.0,False,0.0,0.0,,Medium likelihood. GFM positive 1% HEFAS negative ?km web: no specific flood news found for this year
NUCOR_STEEL_JACKSON_INC,0,0.0,,1,70.0,2022-12,1,14.9,49.0,-90.137264,32.312153,,0.0,False,0.0,0.0,,Low likelihood. GFM negative 0% HEFAS negative ?km web: no specific flood news found for this year
NUCOR_STEEL_LOUISIANA_LLC,1,1.0,2022-04,1,40.0,2022-12,1,22.5,75.0,-90.867699,30.101621,,0.0,False,0.0,0.0,,Medium likelihood. GFM positive 1% HEFAS negative ?km web: no specific flood news found for this year
NUCOR_STEEL_MEMPHIS_INC,0,0.0,,1,24.0,2022-12,1,30.9,49.0,-90.153164,35.04996,,0.0,False,0.0,0.0,,Low likelihood. GFM negative 0% HEFAS negative ?km web: no specific flood news found for this year
NUCOR_STEEL_MEMPHIS_PROCESSING,1,4.0,2022-04,1,71.0,2022-12,1,18.4,100.0,-90.126429,35.083115,,0.0,False,0.0,0.0,,Medium likelihood. GFM positive 4% HEFAS negative ?km web: no specific flood news found for this year
NUCOR_STEEL_TUSCALOOSA_INC,0,0.0,,1,90.0,2022-12,1,10.8,49.0,-87.506988,33.233771,,0.0,False,0.0,0.0,,Low likelihood. GFM negative 0% HEFAS negative ?km web: no specific flood news found for this year
NUCOR_TUBULAR_PRODUCTS_INC.,0,0.0,,0,0.0,,0,0.0,0.0,-88.690185,41.32281,,0.0,False,0.0,0.0,,Low likelihood. GFM negative 0% HEFAS negative ?km web: no specific flood news found for this year
NW_Belloy_Dunvegan_Sour_Gas_Processing_Plant_16-36-079-03W6,1,33.0,2022-03_2022-11_2022-12,1,44.0,2022-12,1,36.5,100.0,-118.317558,55.894989,,0.0,False,0.0,0.0,,Medium likelihood. GFM positive 33% HEFAS negative ?km web: no specific flood news found for this year
Nagyk_r_-III_gy_jt__llom_s,1,59.0,2022-01_2022-02_2022-03_2022-04_2022-05_2022-06_2022-07_2022-08,1,5.0,2022-12,1,58.4,100.0,20.39366,47.239601,,38.0,True,-0.2368748933265062,2.0,17.0,High likelihood. GFM positive 59% HEFAS positive 17km web: no specific flood news found for this year
Nelson_Dewey,0,0.0,,1,68.0,2022-12,1,11.5,49.0,-91.008517,42.722529,,0.0,False,0.0,0.0,,Low likelihood. GFM negative 0% HEFAS negative ?km web: no specific flood news found for this year
Nestle_Beverages_Smithtown_0,1,2.0,2022-03,1,17.0,2022-12,1,19.5,95.0,152.941319,-31.021173,,0.0,False,0.0,0.0,,Medium likelihood. GFM positive 2% HEFAS negative ?km web: no specific flood news found for this year
Nestle_Beverages_Smithtown_1,1,2.0,2022-03,1,17.0,2022-12,1,19.5,95.0,152.941319,-31.021173,,0.0,False,0.0,0.0,,Medium likelihood. GFM positive 2% HEFAS negative ?km web: no specific flood news found for this year
Nestle_Beverages_Smithtown_2,1,2.0,2022-03,1,17.0,2022-12,1,19.5,95.0,152.941319,-31.021173,,0.0,False,0.0,0.0,,Medium likelihood. GFM positive 2% HEFAS negative ?km web: no specific flood news found for this year
Nevis_Gas_Plant,1,8.0,2022-02_2022-03_2022-09_2022-10_2022-11_2022-12,1,71.0,2022-12,1,25.7,100.0,-113.076844,52.312859,,0.0,False,0.0,0.0,,Medium likelihood. GFM positive 8% HEFAS negative ?km web: no specific flood news found for this year
New_Orleans_Power_Station,0,0.0,,1,44.0,2022-12,1,13.4,49.0,-89.940242,29.995447,,0.0,False,0.0,0.0,,Low likelihood. GFM negative 0% HEFAS negative ?km web: no specific flood news found for this year
New_Westminster_Plant,0,0.0,,1,60.0,2022-12,1,12.6,49.0,-122.875631,49.226719,,0.0,False,0.0,0.0,,Low likelihood. GFM negative 0% HEFAS negative ?km web: no specific flood news found for this year
Nipisi_Sweet_Gas_Plant_12-30-072-04W5,0,0.0,,1,4.0,2022-12,1,11.6,49.0,-114.612881,55.266817,,0.0,False,0.0,0.0,,Low likelihood. GFM negative 0% HEFAS negative ?km web: no specific flood news found for this year
Norman_Wells_Central_Processing_Facility,1,25.0,2022-04_2022-05_2022-06_2022-07_2022-09_2022-11,1,9.0,2022-12,1,42.5,100.0,-126.88125,65.287268,,0.0,False,0.0,0.0,,Medium likelihood. GFM positive 25% HEFAS negative ?km web: no specific flood news found for this year
North_Tangleflags_Facility,0,0.0,,1,80.0,2022-12,1,13.5,49.0,-109.566959,53.506704,,0.0,False,0.0,0.0,,Low likelihood. GFM negative 0% HEFAS negative ?km web: no specific flood news found for this year
OCCIDENTAL_CHEMICAL_CORP,0,0.0,,1,79.0,2022-12,1,16.6,49.0,-90.458896,29.973765,,0.0,False,0.0,0.0,,Low likelihood. GFM negative 0% HEFAS negative ?km web: no specific flood news found for this year
OCCIDENTAL_CHEMICAL_CORP_LULING,0,0.0,,1,58.0,2022-12,1,17.7,49.0,-90.347354,29.930663,,0.0,False,0.0,0.0,,Low likelihood. GFM negative 0% HEFAS negative ?km web: no specific flood news found for this year
OCCIDENTAL_CHEMICAL_CORP_OXYCHEM,0,0.0,,1,43.0,2022-12,1,7.4,49.0,-87.98396,36.049684,,0.0,False,0.0,0.0,,Low likelihood. GFM negative 0% HEFAS negative ?km web: no specific flood news found for this year
OCCIDENTAL_CHEMICAL_CORP_SAUGET_PLANT,0,0.0,,1,66.0,2022-12,1,18.7,49.0,-90.17,38.600018,,0.0,False,0.0,0.0,,Low likelihood. GFM negative 0% HEFAS negative ?km web: no specific flood news found for this year
OCCIDENTAL_CHEMICAL_HOLDING_CORP,0,0.0,,1,43.0,2022-12,1,19.8,49.0,-90.830906,30.055091,,0.0,False,0.0,0.0,,Low likelihood. GFM negative 0% HEFAS negative ?km web: no specific flood news found for this year
OCCIDENTAL_CHEMICAL_HOLDING_CORP_-_GEISMAR_PLANT,0,0.0,,1,80.0,2022-12,1,15.5,49.0,-90.980396,30.185164,,0.0,False,0.0,0.0,,Low likelihood. GFM negative 0% HEFAS negative ?km web: no specific flood news found for this year
OFS_CS_Lindsay_Booster,1,21.0,2022-02_2022-03_2022-04_2022-05_2022-08_2022-09_2022-12,1,5.0,2022-12,1,38.5,95.0,-97.562932,34.847574,,0.0,False,0.0,0.0,,Medium likelihood. GFM positive 21% HEFAS negative ?km web: no specific flood news found for this year
OHMSTEDE_LTD,0,0.0,,1,87.0,2022-12,1,13.5,49.0,-91.063241,30.245119,,0.0,False,0.0,0.0,,Low likelihood. GFM negative 0% HEFAS negative ?km web: no specific flood news found for this year
OKC_WASTE_DISPOSAL_OKLAHOMA_CITY_LNDFLL,0,0.0,,1,38.0,2022-12,1,17.4,49.0,-97.645915,35.450854,,0.0,False,0.0,0.0,,Low likelihood. GFM negative 0% HEFAS negative ?km web: no specific flood news found for this year
OLDCASTLE_LAWN_GARDEN_0,0,0.0,,1,84.0,2022-12,1,12.8,49.0,-88.197923,33.104098,,0.0,False,0.0,0.0,,Low likelihood. GFM negative 0% HEFAS negative ?km web: no specific flood news found for this year
OLDCASTLE_LAWN_GARDEN_1,0,0.0,2022-05,1,62.0,2022-12,1,21.6,86.0,-90.184831,38.587942,,0.0,False,0.0,0.0,,Low likelihood. GFM negative 0% HEFAS negative ?km web: no specific flood news found for this year
OLDCASTLE_LAWN_GARDN,0,0.0,,1,68.0,2022-12,1,13.7,49.0,-96.739349,32.697755,,0.0,False,0.0,0.0,,Low likelihood. GFM negative 0% HEFAS negative ?km web: no specific flood news found for this year
OLDCASTLE_MILLER_BONNER_SPRINGS,0,0.0,2022-05,1,62.0,2022-12,1,14.0,86.0,-94.853165,39.052818,,0.0,False,0.0,0.0,,Low likelihood. GFM negative 0% HEFAS negative ?km web: no specific flood news found for this year
OLDCASTLE_PRECAST_INC_0,0,0.0,,1,65.0,2022-12,1,14.3,49.0,-74.89656,40.094228,,0.0,False,0.0,0.0,,Low likelihood. GFM negative 0% HEFAS negative ?km web: no specific flood news found for this year
OLDCASTLE_PRECAST_INC_1,0,0.0,,1,25.0,2022-12,1,21.5,49.0,-95.743484,39.080158,,0.0,False,0.0,0.0,,Low likelihood. GFM negative 0% HEFAS negative ?km web: no specific flood news found for this year
OLDCASTLE_PRECAST_INC_2,1,1.0,2022-12,1,53.0,2022-12,1,16.5,100.0,-105.045754,39.560818,,0.0,False,0.0,0.0,,Medium likelihood. GFM positive 1% HEFAS negative ?km web: no specific flood news found for this year
OLDCASTLE_PRECAST_INC_3,1,5.0,2022-04_2022-05_2022-06_2022-09_2022-10,1,20.0,2022-12,1,35.9,99.0,-123.192793,44.125277,,0.0,False,0.0,0.0,,Medium likelihood. GFM positive 5% HEFAS negative ?km web: no specific flood news found for this year
OLIN_CORP,0,0.0,,1,29.0,2022-12,1,14.0,49.0,-79.026699,43.081436,,0.0,False,0.0,0.0,,Low likelihood. GFM negative 0% HEFAS negative ?km web: no specific flood news found for this year
OLIN_CORP_CHARLESTON_PLANT,0,0.0,,1,75.0,2022-12,1,9.2,49.0,-84.781713,35.307474,,0.0,False,0.0,0.0,,Low likelihood. GFM negative 0% HEFAS negative ?km web: no specific flood news found for this year
OLIN_RUSSELLVILLE_CELL_TECHNOLOGIES_LLC,0,0.0,,1,63.0,2022-12,1,12.9,49.0,-93.152121,35.236868,,0.0,False,0.0,0.0,,Low likelihood. GFM negative 0% HEFAS negative ?km web: no specific flood news found for this year
OLIN_WINCHESTER_LLC_MAIN_PLANT,0,0.0,,1,67.0,2022-12,1,14.6,49.0,-90.112791,38.888415,,0.0,False,0.0,0.0,,Low likelihood. GFM negative 0% HEFAS negative ?km web: no specific flood news found for this year
OMV_Downstream_GmbH,0,0.0,,1,65.0,2022-12,1,17.4,49.0,16.493895,48.144726,,6.0,True,-0.0337514934289127,2.0,23.3,Medium likelihood. GFM negative 0% HEFAS positive 23km web: no specific flood news found for this year
OXY_VINYLS_LP,1,4.0,2022-02_2022-03_2022-04_2022-05,1,53.0,2022-12,1,21.8,100.0,-75.423632,39.763625,,0.0,False,0.0,0.0,,Medium likelihood. GFM positive 4% HEFAS negative ?km web: no specific flood news found for this year
Oak_2-7,1,1.0,2022-02_2022-11_2022-12,1,82.0,2022-12,1,10.9,98.0,-120.672764,56.43733,,0.0,False,0.0,0.0,,Medium likelihood. GFM positive 1% HEFAS negative ?km web: no specific flood news found for this year
Ogden_Point_Quarry,0,0.0,2022-12,1,37.0,2022-12,1,12.7,78.0,-77.8693,43.987155,,0.0,False,0.0,0.0,,Low likelihood. GFM negative 0% HEFAS negative ?km web: no specific flood news found for this year
Orora_Beverage_Cans,0,0.0,,1,54.0,2022-12,1,17.0,49.0,153.005234,-27.562301,,0.0,False,0.0,0.0,,Low likelihood. GFM negative 0% HEFAS negative ?km web: no specific flood news found for this year
Ostnor_AB._Norra_Fabriken,0,0.0,,1,75.0,2022-12,1,18.6,49.0,14.495395,61.026673,,8.0,True,-0.043010752688172,2.0,79.4,Medium likelihood. GFM negative 0% HEFAS positive 79km web: no specific flood news found for this year
Ouachita_Plant,1,12.0,2022-10,1,53.0,2022-12,1,22.7,99.0,-92.06972,32.705613,,0.0,False,0.0,0.0,,Medium likelihood. GFM positive 12% HEFAS negative ?km web: no specific flood news found for this year
PACIFICORP_DAVE_JOHNSTON_PLANT,1,2.0,2022-01_2022-02_2022-10_2022-11_2022-12,1,74.0,2022-12,1,27.6,100.0,-105.776227,42.838168,,0.0,False,0.0,0.0,,Medium likelihood. GFM positive 2% HEFAS negative ?km web: no specific flood news found for this year
PACIFIC_ETHANOL_STOCKTON_LLC,0,0.0,2022-10_2022-12,1,8.0,2022-12,1,17.1,76.0,-121.338521,37.941215,,0.0,False,0.0,0.0,,Low likelihood. GFM negative 0% HEFAS negative ?km web: no specific flood news found for this year
PACKAGING_CORP_OF_AMERICA,1,1.0,2022-01_2022-02,1,65.0,2022-12,1,12.8,100.0,-72.618694,42.292216,,0.0,False,0.0,0.0,,Medium likelihood. GFM positive 1% HEFAS negative ?km web: no specific flood news found for this year
PACKAGING_CORP_OF_AMERI_CA,1,1.0,2022-03_2022-12,1,51.0,2022-12,1,17.2,100.0,-89.740264,45.450915,,0.0,False,0.0,0.0,,Medium likelihood. GFM positive 1% HEFAS negative ?km web: no specific flood news found for this year
PARKER_HANNIFIN,0,0.0,,1,52.0,2022-12,1,13.4,49.0,-86.130777,41.671062,,0.0,False,0.0,0.0,,Low likelihood. GFM negative 0% HEFAS negative ?km web: no specific flood news found for this year
PARKER_HANNIFIN_LIBERTY_LAKE,0,0.0,,1,62.0,2022-12,1,14.8,49.0,-117.090267,47.677962,,0.0,False,0.0,0.0,,Low likelihood. GFM negative 0% HEFAS negative ?km web: no specific flood news found for this year
PARKER_HANNIFIN_MANHATTAN_FACILITY,0,0.0,2022-02,1,43.0,2022-12,1,16.8,55.0,-96.557264,39.195915,,0.0,False,0.0,0.0,,Low likelihood. GFM negative 0% HEFAS negative ?km web: no specific flood news found for this year
PBG_-_WINNIPEG,0,0.0,,0,0.0,,0,0.0,0.0,-97.213956,49.893895,,0.0,False,0.0,0.0,,Low likelihood. GFM negative 0% HEFAS negative ?km web: no specific flood news found for this year
PCAS_0,0,0.0,,1,67.0,2022-12,1,13.2,49.0,2.324847,48.934175,,0.0,False,-1.0,-1.0,10.4,Low likelihood. GFM negative 0% HEFAS negative 10km web: no specific flood news found for this year
PCAS_1,0,0.0,2022-04,1,48.0,2022-12,1,15.6,94.0,4.687739,43.890998,,0.0,False,-1.0,-1.0,11.9,Low likelihood. GFM negative 0% HEFAS negative 12km web: no specific flood news found for this year
PCP_LINDBERGH_5P-33,1,7.0,2022-03_2022-05_2022-11,1,72.0,2022-12,1,21.3,100.0,-110.546696,53.793006,,0.0,False,0.0,0.0,,Medium likelihood. GFM positive 7% HEFAS negative ?km web: no specific flood news found for this year
PECO_Gas_Division,0,0.0,,1,85.0,2022-12,1,5.6,49.0,-75.177746,39.95418,,0.0,False,0.0,0.0,,Low likelihood. GFM negative 0% HEFAS negative ?km web: no specific flood news found for this year
PENTAIR_-_KANSAS_CITY_OPERATION,0,0.0,,1,58.0,2022-12,1,14.1,49.0,-94.671004,39.087842,,0.0,False,0.0,0.0,,Low likelihood. GFM negative 0% HEFAS negative ?km web: no specific flood news found for this year
PEOC_MANNVILLE_3-33-50-8,0,0.0,2022-04,1,53.0,2022-12,1,28.8,93.0,-111.115796,53.351128,,0.0,False,0.0,0.0,,Low likelihood. GFM negative 0% HEFAS negative ?km web: no specific flood news found for this year
PEPSI_BEVERAGES_COMPANY,0,0.0,,1,62.0,2022-12,1,10.4,49.0,-111.990655,33.413147,,0.0,False,0.0,0.0,,Low likelihood. GFM negative 0% HEFAS negative ?km web: no specific flood news found for this year
PERMALOK_A_NORTHWEST_PIPE_CO,0,0.0,,1,46.0,2022-12,1,12.1,49.0,-111.905379,40.754766,,0.0,False,0.0,0.0,,Low likelihood. GFM negative 0% HEFAS negative ?km web: no specific flood news found for this year
PGE_BEAVER_PLANT_PORT_WESTWARD_PLANT,0,0.0,,1,54.0,2022-12,1,18.7,49.0,-123.155192,46.170722,,0.0,False,0.0,0.0,,Low likelihood. GFM negative 0% HEFAS negative ?km web: no specific flood news found for this year
PGE_T_D_Facility,0,0.0,,1,75.0,2022-12,1,9.6,49.0,-122.670005,45.520029,,0.0,False,0.0,0.0,,Low likelihood. GFM negative 0% HEFAS negative ?km web: no specific flood news found for this year
PG_E_GATEWAY_GENERATING_STATION,0,0.0,,1,31.0,2022-12,1,19.9,49.0,-121.759198,38.016731,,0.0,False,0.0,0.0,,Low likelihood. GFM negative 0% HEFAS negative ?km web: no specific flood news found for this year
PHILLIPS_66_-_ALLIANCE_REFINERY,0,0.0,,1,48.0,2022-12,1,21.4,49.0,-89.980782,29.680038,,0.0,False,0.0,0.0,,Low likelihood. GFM negative 0% HEFAS negative ?km web: no specific flood news found for this year
PHILLIPS_66_CO._JONES_CREEK_TERMINAL,1,1.0,2022-02,1,43.0,2022-12,1,21.4,67.0,-95.430277,28.94034,,0.0,False,0.0,0.0,,Medium likelihood. GFM positive 1% HEFAS negative ?km web: no specific flood news found for this year
PHILLIPS_66_CO_EAST_ST_LOUIS_TERMINAL,0,0.0,2022-05,1,58.0,2022-12,1,22.1,79.0,-90.188221,38.582143,,0.0,False,0.0,0.0,,Low likelihood. GFM negative 0% HEFAS negative ?km web: no specific flood news found for this year
PHILLIPS_66_CO_OKLAHOMA_CITY_PRODUCTS_TERMINAL,1,1.0,2022-01_2022-02_2022-03_2022-04_2022-05_2022-06_2022-07_2022-08_2022-09_2022-10_2022-11_2022-12,1,50.0,2022-12,1,18.3,97.0,-97.431235,35.47735,,0.0,False,0.0,0.0,,Medium likelihood. GFM positive 1% HEFAS negative ?km web: no specific flood news found for this year
PHILLIPS_66_CO_SAN_BERNARD_TER_MINAL,0,0.0,,1,74.0,2022-12,1,15.7,49.0,-95.67269,29.061091,,0.0,False,0.0,0.0,,Low likelihood. GFM negative 0% HEFAS negative ?km web: no specific flood news found for this year
PHILLIPS_66_PIPELINE-WICHITA_FALLS_PRODUCTS_CRUDE_TERMINAL,0,0.0,,1,43.0,2022-12,1,17.7,49.0,-98.500095,33.930046,,0.0,False,0.0,0.0,,Low likelihood. GFM negative 0% HEFAS negative ?km web: no specific flood news found for this year
PHILLIPS_66_SAVANNAH_LUBRICANTS_PLANT,1,1.0,2022-01_2022-05_2022-06_2022-07_2022-08_2022-09,1,55.0,2022-12,1,18.9,100.0,-81.045908,32.077502,,0.0,False,0.0,0.0,,Medium likelihood. GFM positive 1% HEFAS negative ?km web: no specific flood news found for this year
PHILLIPS_66_SPOKANE-PARKWATER_TERMINAL,0,0.0,,1,56.0,2022-12,1,11.6,49.0,-117.317271,47.669951,,0.0,False,0.0,0.0,,Low likelihood. GFM negative 0% HEFAS negative ?km web: no specific flood news found for this year
PHILLIPS_66_TERMINAL,1,2.0,2022-10,1,34.0,2022-12,1,26.3,76.0,-90.091606,38.811646,,0.0,False,0.0,0.0,,Medium likelihood. GFM positive 2% HEFAS negative ?km web: no specific flood news found for this year
PIERCE_MANUFACTURING_INC,0,0.0,,1,24.0,2022-12,1,17.8,49.0,-88.470116,44.243295,,0.0,False,0.0,0.0,,Low likelihood. GFM negative 0% HEFAS negative ?km web: no specific flood news found for this year
PIONEER_AMERICAS_LLC_DBA_OLIN_CHLOR_ALKALI_PRODUCTS,0,0.0,2022-03,1,60.0,2022-12,1,16.2,82.0,-91.105643,30.241434,,0.0,False,0.0,0.0,,Low likelihood. GFM negative 0% HEFAS negative ?km web: no specific flood news found for this year
PLAQUEMINE_METHOCEL,0,0.0,2022-05,1,57.0,2022-12,1,18.6,83.0,-91.241415,30.318848,,0.0,False,0.0,0.0,,Low likelihood. GFM negative 0% HEFAS negative ?km web: no specific flood news found for this year
PLATTE_CHEMICAL_CO,0,0.0,2022-04,1,22.0,2022-12,1,30.9,81.0,-91.000039,33.416679,,0.0,False,0.0,0.0,,Low likelihood. GFM negative 0% HEFAS negative ?km web: no specific flood news found for this year
PORTLAND_POWER_PLANT,0,0.0,,1,91.0,2022-12,1,11.6,49.0,-75.079107,40.90951,,0.0,False,0.0,0.0,,Low likelihood. GFM negative 0% HEFAS negative ?km web: no specific flood news found for this year
POWER_DISTRIBUTION_INC,0,0.0,,1,50.0,2022-12,1,15.2,49.0,-117.92301,33.707507,,0.0,False,0.0,0.0,,Low likelihood. GFM negative 0% HEFAS negative ?km web: no specific flood news found for this year
PPG_Coatings_B.V.,1,2.0,2022-01_2022-04,1,42.0,2022-12,1,22.5,100.0,5.412605,51.88327,,0.0,False,-1.3333333333333333,0.0,48.1,Medium likelihood. GFM positive 2% HEFAS negative 48km web: no specific flood news found for this year
PPG_Deco_Polska_Sp._z_o.o.,0,0.0,,1,58.0,2022-12,1,21.5,49.0,17.100855,51.125291,,2.0,True,-1.3297491039426523,2.0,5.8,Medium likelihood. GFM negative 0% HEFAS positive 6km web: no specific flood news found for this year
PPG_INDUSTRIESINC-SPRINGDALE_COMPLEX,0,0.0,,1,87.0,2022-12,1,4.4,49.0,-79.785727,40.536858,,0.0,False,0.0,0.0,,Low likelihood. GFM negative 0% HEFAS negative ?km web: no specific flood news found for this year
PRECISION_PACKAGING_INC,0,0.0,,1,65.0,2022-12,1,20.1,49.0,-92.222261,34.758076,,0.0,False,0.0,0.0,,Low likelihood. GFM negative 0% HEFAS negative ?km web: no specific flood news found for this year
PRECOAT_METALS_0,0,0.0,,1,77.0,2022-12,1,12.6,49.0,-90.26282,32.166655,,0.0,False,0.0,0.0,,Low likelihood. GFM negative 0% HEFAS negative ?km web: no specific flood news found for this year
PRECOAT_METALS_1,1,8.0,2022-01_2022-02_2022-03_2022-04_2022-05_2022-10,1,43.0,2022-12,1,25.1,100.0,-86.781218,37.929768,,0.0,False,0.0,0.0,,Medium likelihood. GFM positive 8% HEFAS negative ?km web: no specific flood news found for this year
PRECOAT_METALS_2,1,2.0,2022-04,1,33.0,2022-12,1,28.1,100.0,-90.129491,38.746392,,0.0,False,0.0,0.0,,Medium likelihood. GFM positive 2% HEFAS negative ?km web: no specific flood news found for this year
PREMCOR_HARTFORD_DISTRIBUTION_CENTER,0,0.0,,1,43.0,2022-12,1,16.5,49.0,-90.08612,38.835623,,0.0,False,0.0,0.0,,Low likelihood. GFM negative 0% HEFAS negative ?km web: no specific flood news found for this year
PRINCE_AGRI_PRODUCTS_INC.,1,1.0,2022-01_2022-03_2022-04,1,29.0,2022-12,1,23.3,84.0,-91.413374,39.879532,,0.0,False,0.0,0.0,,Medium likelihood. GFM positive 1% HEFAS negative ?km web: no specific flood news found for this year
PRYSMIAN,1,6.0,2022-04_2022-05,1,29.0,2022-12,1,26.4,100.0,3.280006,48.160002,,0.0,False,-1.000925925925926,-1.0,31.5,Medium likelihood. GFM positive 6% HEFAS negative 32km web: no specific flood news found for this year
PRYSMIAN_CABLES_ET_SYSTEMES_FRANCE,0,0.0,,1,70.0,2022-12,1,12.1,49.0,1.124509,49.395067,,0.0,False,-1.0,-1.0,19.4,Low likelihood. GFM negative 0% HEFAS negative 19km web: no specific flood news found for this year
PRYSMIAN_CABLES_SYSTEMS_USA_LLC,0,0.0,,1,41.0,2022-12,1,13.5,49.0,-77.055228,41.231102,,0.0,False,0.0,0.0,,Low likelihood. GFM negative 0% HEFAS negative ?km web: no specific flood news found for this year
PRYSMIAN_CABLE_SYSTEMS_LLC,0,0.0,,1,78.0,2022-12,1,10.0,49.0,-71.47273,42.99397,,0.0,False,0.0,0.0,,Low likelihood. GFM negative 0% HEFAS negative ?km web: no specific flood news found for this year
PUBLIC_SERVICE_COMPANY_OF_COLORADO_ARAPAHOE_STATION,0,0.0,,1,70.0,2022-12,1,12.9,49.0,-104.999365,39.669161,,0.0,False,0.0,0.0,,Low likelihood. GFM negative 0% HEFAS negative ?km web: no specific flood news found for this year
PUBLIC_SERVICE_CO_OF_COLORADO_CHEROKEE_STATION,0,0.0,,1,67.0,2022-12,1,14.1,49.0,-104.964787,39.80784,,0.0,False,0.0,0.0,,Low likelihood. GFM negative 0% HEFAS negative ?km web: no specific flood news found for this year
Paddys_Run,0,0.0,2022-01,1,57.0,2022-12,1,16.4,87.0,-85.845341,38.214645,,0.0,False,0.0,0.0,,Low likelihood. GFM negative 0% HEFAS negative ?km web: no specific flood news found for this year
Panasonic_Industrial_Devices_Materials_Europe_GmbH_0,0,0.0,,1,45.0,2022-12,1,19.3,49.0,14.496555,48.231049,,6.0,True,0.0108721624850657,2.0,21.6,Medium likelihood. GFM negative 0% HEFAS positive 22km web: no specific flood news found for this year
Panasonic_Industrial_Devices_Materials_Europe_GmbH_1,0,0.0,,1,45.0,2022-12,1,19.3,49.0,14.496555,48.231049,,6.0,True,0.0108721624850657,2.0,21.6,Medium likelihood. GFM negative 0% HEFAS positive 22km web: no specific flood news found for this year
Parker_Hannifin_ECD,0,0.0,,0,0.0,,0,0.0,0.0,-97.165966,49.831907,,0.0,False,0.0,0.0,,Low likelihood. GFM negative 0% HEFAS negative ?km web: no specific flood news found for this year
Patho_landfill,1,38.0,2022-02_2022-03_2022-04_2022-05_2022-06_2022-07_2022-09_2022-10,1,44.0,2022-12,1,53.5,100.0,144.431425,-36.068899,,0.0,False,0.0,0.0,,Medium likelihood. GFM positive 38% HEFAS negative ?km web: no specific flood news found for this year
Pergen_VOF,0,0.0,,1,63.0,2022-12,1,21.0,49.0,4.36739,51.885817,,0.0,False,-2.0,-2.0,81.8,Low likelihood. GFM negative 0% HEFAS negative 82km web: no specific flood news found for this year
Pinto_Oil_SWB_16-31,1,12.0,2022-10_2022-12,1,68.0,2022-12,1,28.7,100.0,-102.658575,49.085726,,0.0,False,0.0,0.0,,Medium likelihood. GFM positive 12% HEFAS negative ?km web: no specific flood news found for this year
Pipestone_Compressor_Station_08-15-070-08W6,1,3.0,2022-02_2022-03_2022-05,1,73.0,2022-12,1,14.3,99.0,-119.122598,55.059729,,0.0,False,0.0,0.0,,Medium likelihood. GFM positive 3% HEFAS negative ?km web: no specific flood news found for this year
Pipestone_South_Gas_MWB_02-20-070-08W6,1,18.0,2022-02_2022-03_2022-04_2022-05_2022-06_2022-07_2022-09_2022-11_2022-12,1,56.0,2022-12,1,25.8,100.0,-119.179517,55.070648,,0.0,False,0.0,0.0,,Medium likelihood. GFM positive 18% HEFAS negative ?km web: no specific flood news found for this year
Pleasant_Hill_Energy_Center,0,0.0,2022-02,1,46.0,2022-12,1,18.0,70.0,-93.524181,41.557157,,0.0,False,0.0,0.0,,Low likelihood. GFM negative 0% HEFAS negative ?km web: no specific flood news found for this year
Pollard_Banknote_-_Winnipeg_Plant,0,0.0,,0,0.0,,0,0.0,0.0,-97.172327,49.836601,,0.0,False,0.0,0.0,,Low likelihood. GFM negative 0% HEFAS negative ?km web: no specific flood news found for this year
Port_Westward,0,0.0,,1,59.0,2022-12,1,15.7,49.0,-123.171719,46.179219,,0.0,False,0.0,0.0,,Low likelihood. GFM negative 0% HEFAS negative ?km web: no specific flood news found for this year
Prairie_Green_IWMF,0,0.0,,0,0.0,,0,0.0,0.0,-97.130729,50.004689,,0.0,False,0.0,0.0,,Low likelihood. GFM negative 0% HEFAS negative ?km web: no specific flood news found for this year
Procter_Gamble_Manufacturing_GmbH,0,0.0,2022-04,1,46.0,2022-12,1,20.8,83.0,8.494754,49.929856,,4.0,True,0.0074074074074074,2.0,3.8,Medium likelihood. GFM negative 0% HEFAS positive 4km web: no specific flood news found for this year
Prysmian_Netherlands_B.V.,0,0.0,,1,55.0,2022-12,1,16.7,49.0,4.364391,51.995724,,0.0,False,-2.0,-2.0,93.6,Low likelihood. GFM negative 0% HEFAS negative 94km web: no specific flood news found for this year
QUAD_GRAPHICS_MARKETING_LLC,1,4.0,2022-02_2022-10,1,43.0,2022-12,1,21.5,87.0,-92.057845,41.796102,,0.0,False,0.0,0.0,,Medium likelihood. GFM positive 4% HEFAS negative ?km web: no specific flood news found for this year
Quaker_Peterborough_Plant,0,0.0,,1,69.0,2022-12,1,11.5,49.0,-78.315383,44.307017,,0.0,False,0.0,0.0,,Low likelihood. GFM negative 0% HEFAS negative ?km web: no specific flood news found for this year
RAMIREZ_LANE_CONCRETE_BATCH_PLANT,0,0.0,2022-03,1,57.0,2022-12,1,14.4,89.0,-97.65328,30.244622,,0.0,False,0.0,0.0,,Low likelihood. GFM negative 0% HEFAS negative ?km web: no specific flood news found for this year
RBC_TRANSPORT_DYNAMICS_CORP,0,0.0,,1,53.0,2022-12,1,14.6,49.0,-117.912427,33.708766,,0.0,False,0.0,0.0,,Low likelihood. GFM negative 0% HEFAS negative ?km web: no specific flood news found for this year
READY_MIXED_CONCRETE_CO_COUNCIL_BLUFFS_PLANT,0,0.0,,1,56.0,2022-12,1,16.2,49.0,-95.856052,41.25052,,0.0,False,0.0,0.0,,Low likelihood. GFM negative 0% HEFAS negative ?km web: no specific flood news found for this year
RECOBAT._S.L.,1,9.0,2022-01_2022-03_2022-04,1,12.0,2022-12,1,31.3,100.0,-0.526829,41.495435,,3.0,True,0.0,2.0,11.6,High likelihood. GFM positive 9% HEFAS positive 12km web: no specific flood news found for this year
RECTICEL_0,0,0.0,2022-05,1,44.0,2022-12,1,18.8,81.0,3.862205,51.010004,,1.0,True,-0.3315412186379928,2.0,27.6,Medium likelihood. GFM negative 0% HEFAS positive 28km web: no specific flood news found for this year
RECTICEL_1,0,0.0,2022-05,1,44.0,2022-12,1,18.7,81.0,3.862634,51.009711,,1.0,True,-0.3315412186379928,2.0,27.6,Medium likelihood. GFM negative 0% HEFAS positive 28km web: no specific flood news found for this year
REG_GEISMAR_LLC,0,0.0,,1,60.0,2022-12,1,15.8,49.0,-91.009418,30.203512,,0.0,False,0.0,0.0,,Low likelihood. GFM negative 0% HEFAS negative ?km web: no specific flood news found for this year
REG_GRAYS_HARBOR_LLC,0,0.0,,1,40.0,2022-12,1,14.4,49.0,-123.854142,46.968125,,0.0,False,0.0,0.0,,Low likelihood. GFM negative 0% HEFAS negative ?km web: no specific flood news found for this year
REG_SENECA_LLC,0,0.0,,0,0.0,,0,0.0,0.0,-88.590248,41.306661,,0.0,False,0.0,0.0,,Low likelihood. GFM negative 0% HEFAS negative ?km web: no specific flood news found for this year
REID_GARDNER_GENERATING_STATION,0,0.0,,1,60.0,2022-12,1,15.7,49.0,-114.632607,36.656506,,0.0,False,0.0,0.0,,Low likelihood. GFM negative 0% HEFAS negative ?km web: no specific flood news found for this year
REPUBLIC_CONDUIT_MANUFACTURING,0,0.0,,1,64.0,2022-12,1,14.1,49.0,-85.887507,38.172082,,0.0,False,0.0,0.0,,Low likelihood. GFM negative 0% HEFAS negative ?km web: no specific flood news found for this year
RESOLUTE_FP_US_INC_-_CALHOUN_OPERATIONS,0,0.0,,1,86.0,2022-12,1,7.9,49.0,-84.756633,35.296263,,0.0,False,0.0,0.0,,Low likelihood. GFM negative 0% HEFAS negative ?km web: no specific flood news found for this year
REXAM_BEVERAGE_CAN_CO,0,0.0,,1,64.0,2022-12,1,13.7,49.0,-93.081159,44.940591,,0.0,False,0.0,0.0,,Low likelihood. GFM negative 0% HEFAS negative ?km web: no specific flood news found for this year
ROHM_HAAS_-_LOUISVILLE_PLANT,0,0.0,2022-01,1,58.0,2022-12,1,15.9,87.0,-85.848053,38.21225,,0.0,False,0.0,0.0,,Low likelihood. GFM negative 0% HEFAS negative ?km web: no specific flood news found for this year
ROHM_HAAS_CHEMICALS_LLC,0,0.0,,1,55.0,2022-12,1,15.5,49.0,-74.87413,40.093804,,0.0,False,0.0,0.0,,Low likelihood. GFM negative 0% HEFAS negative ?km web: no specific flood news found for this year
ROLL_FORMING_CORP,1,1.0,2022-10,1,59.0,2022-12,1,14.7,96.0,-85.669124,38.327023,,0.0,False,0.0,0.0,,Medium likelihood. GFM positive 1% HEFAS negative ?km web: no specific flood news found for this year
ROTEX_GLOBAL_LLC,0,0.0,,1,86.0,2022-12,1,10.2,49.0,-84.530329,39.161556,,0.0,False,0.0,0.0,,Low likelihood. GFM negative 0% HEFAS negative ?km web: no specific flood news found for this year
RUBIS_TERMINAL,0,0.0,,1,62.0,2022-12,1,18.0,49.0,7.797691,48.591246,,0.0,False,0.0,0.0,21.9,Low likelihood. GFM negative 0% HEFAS negative 22km web: no specific flood news found for this year
RUST-OLEUM_-_PHOENIX,0,0.0,,1,57.0,2022-12,1,10.8,49.0,-112.067925,33.417081,,0.0,False,0.0,0.0,,Low likelihood. GFM negative 0% HEFAS negative ?km web: no specific flood news found for this year
RUSTOLEUM_CORP,0,0.0,,1,81.0,2022-12,1,5.4,49.0,-82.283609,38.555575,,0.0,False,0.0,0.0,,Low likelihood. GFM negative 0% HEFAS negative ?km web: no specific flood news found for this year
Rapids_Energy_Center,0,0.0,,1,61.0,2022-12,1,12.9,49.0,-93.62814,47.263966,,0.0,False,0.0,0.0,,Low likelihood. GFM negative 0% HEFAS negative ?km web: no specific flood news found for this year
Renewi_Nederland_BV,0,0.0,,1,62.0,2022-12,1,17.4,49.0,4.522858,51.885436,,0.0,False,-2.0,-2.0,79.0,Low likelihood. GFM negative 0% HEFAS negative 79km web: no specific flood news found for this year
Rio_Bravo_Generating_Station,0,0.0,,1,45.0,2022-12,1,21.4,49.0,-106.669981,35.04421,,0.0,False,0.0,0.0,,Low likelihood. GFM negative 0% HEFAS negative ?km web: no specific flood news found for this year
Rio_Grande,0,0.0,,1,78.0,2022-12,1,9.9,49.0,-106.547241,31.804708,,0.0,False,0.0,0.0,,Low likelihood. GFM negative 0% HEFAS negative ?km web: no specific flood news found for this year
Rio_Tinto_Fer_et_Titane_inc.-_Complexe_de_Sorel-Tracy_0,1,1.0,2022-03,1,40.0,2022-12,1,11.4,80.0,-73.139211,46.04465,,0.0,False,0.0,0.0,,Medium likelihood. GFM positive 1% HEFAS negative ?km web: no specific flood news found for this year
Rio_Tinto_Fer_et_Titane_inc.-_Complexe_de_Sorel-Tracy_1,1,1.0,2022-03,1,40.0,2022-12,1,11.4,80.0,-73.139211,46.04465,,0.0,False,0.0,0.0,,Medium likelihood. GFM positive 1% HEFAS negative ?km web: no specific flood news found for this year
Rio_Tinto_Fer_et_Titane_inc.-_Complexe_de_Sorel-Tracy_2,1,1.0,2022-03,1,40.0,2022-12,1,11.4,80.0,-73.139211,46.04465,,0.0,False,0.0,0.0,,Medium likelihood. GFM positive 1% HEFAS negative ?km web: no specific flood news found for this year
Rio_Tinto_Fer_et_Titane_inc._-_HAVRE-SAINT-PIERRE_0,1,10.0,2022-01_2022-03_2022-04_2022-05_2022-06_2022-08_2022-10_2022-12,1,33.0,2022-12,1,19.3,100.0,-63.60647,50.243466,,0.0,False,0.0,0.0,,Medium likelihood. GFM positive 10% HEFAS negative ?km web: no specific flood news found for this year
Rio_Tinto_Fer_et_Titane_inc._-_HAVRE-SAINT-PIERRE_1,1,10.0,2022-01_2022-03_2022-04_2022-05_2022-06_2022-08_2022-10_2022-12,1,33.0,2022-12,1,19.3,100.0,-63.60647,50.243466,,0.0,False,0.0,0.0,,Medium likelihood. GFM positive 10% HEFAS negative ?km web: no specific flood news found for this year
Rio_Tinto_Fer_et_Titane_inc._-_HAVRE-SAINT-PIERRE_2,1,10.0,2022-01_2022-03_2022-04_2022-05_2022-06_2022-08_2022-10_2022-12,1,33.0,2022-12,1,19.3,100.0,-63.60647,50.243466,,0.0,False,0.0,0.0,,Medium likelihood. GFM positive 10% HEFAS negative ?km web: no specific flood news found for this year
Rock_River,0,0.0,,1,9.0,2022-12,1,17.0,49.0,-89.029278,42.583114,,0.0,False,0.0,0.0,,Low likelihood. GFM negative 0% HEFAS negative ?km web: no specific flood news found for this year
Rollingstock_Maintenance_Rockhampton,0,0.0,,1,53.0,2022-12,1,17.3,49.0,150.517193,-23.387135,,0.0,False,0.0,0.0,,Low likelihood. GFM negative 0% HEFAS negative ?km web: no specific flood news found for this year
Rothschild_Biomass_Cogeneration_Plant,0,0.0,,1,71.0,2022-12,1,15.5,49.0,-89.625845,44.888333,,0.0,False,0.0,0.0,,Low likelihood. GFM negative 0% HEFAS negative ?km web: no specific flood news found for this year
SACRAMENTO-_CAMPBELL_SOUP_SUPPLY_CO,0,0.0,,1,48.0,2022-12,1,18.9,49.0,-121.467279,38.510603,,0.0,False,0.0,0.0,,Low likelihood. GFM negative 0% HEFAS negative ?km web: no specific flood news found for this year
SAF-HOLLAND_INC_DUMAS,1,15.0,2022-01_2022-02_2022-04_2022-05_2022-06_2022-09_2022-10,1,13.0,2022-12,1,38.3,100.0,-91.486537,33.865369,,0.0,False,0.0,0.0,,Medium likelihood. GFM positive 15% HEFAS negative ?km web: no specific flood news found for this year
SAFETY-KLEEN_SYSTEMS._INC.,0,0.0,,1,59.0,2022-12,1,15.2,49.0,-90.180944,32.28816,,0.0,False,0.0,0.0,,Low likelihood. GFM negative 0% HEFAS negative ?km web: no specific flood news found for this year
SAFETY-KLEEN_SYSTEMS_-_METAIRIE,0,0.0,,1,63.0,2022-12,1,15.7,49.0,-90.152576,29.974255,,0.0,False,0.0,0.0,,Low likelihood. GFM negative 0% HEFAS negative ?km web: no specific flood news found for this year
SAFETY-KLEEN_SYSTEMS_-_ST_ROSE,0,0.0,,1,60.0,2022-12,1,20.4,49.0,-90.291797,29.969459,,0.0,False,0.0,0.0,,Low likelihood. GFM negative 0% HEFAS negative ?km web: no specific flood news found for this year
SAFETY-KLEEN_SYSTEMS_KENNER_KEN,0,0.0,,1,58.0,2022-12,1,19.9,49.0,-90.277028,30.000913,,0.0,False,0.0,0.0,,Low likelihood. GFM negative 0% HEFAS negative ?km web: no specific flood news found for this year
SAFETY-KLEEN_SYSTEMS_MILLINGTON_MIL,1,1.0,2022-02_2022-10,1,62.0,2022-12,1,22.9,100.0,-89.945711,35.27324,,0.0,False,0.0,0.0,,Medium likelihood. GFM positive 1% HEFAS negative ?km web: no specific flood news found for this year
SAFETY-KLEEN_SYSTEMS_POCA_POC,0,0.0,,1,83.0,2022-12,1,5.2,49.0,-81.819526,38.451169,,0.0,False,0.0,0.0,,Low likelihood. GFM negative 0% HEFAS negative ?km web: no specific flood news found for this year
SAFETY-KLEEN_SYSTEMS_WICHITA_WIB,0,0.0,,1,43.0,2022-12,1,18.3,49.0,-97.398842,37.671614,,0.0,False,0.0,0.0,,Low likelihood. GFM negative 0% HEFAS negative ?km web: no specific flood news found for this year
SAFETY-KLEEN_SYS_INC,0,0.0,,1,78.0,2022-12,1,14.6,49.0,-95.733255,36.237914,,0.0,False,0.0,0.0,,Low likelihood. GFM negative 0% HEFAS negative ?km web: no specific flood news found for this year
SAFRAN_AIRCRAFT_ENGINES_EX_SNECMA__0,1,1.0,2022-03_2022-04,1,22.0,2022-12,1,18.7,88.0,0.546529,46.845632,,0.0,False,-1.0,-1.0,3.7,Medium likelihood. GFM positive 1% HEFAS negative 4km web: no specific flood news found for this year
SAFRAN_AIRCRAFT_ENGINES_EX_SNECMA__1,1,1.0,2022-03_2022-04,1,22.0,2022-12,1,18.7,88.0,0.546529,46.845632,,0.0,False,-1.0,-1.0,3.7,Medium likelihood. GFM positive 1% HEFAS negative 4km web: no specific flood news found for this year
SAFRAN_CABIN_MATERIALS_LLC_0,0,0.0,,1,64.0,2022-12,1,10.2,49.0,-117.039991,48.185368,,0.0,False,0.0,0.0,,Low likelihood. GFM negative 0% HEFAS negative ?km web: no specific flood news found for this year
SAFRAN_CABIN_MATERIALS_LLC_1,0,0.0,,1,64.0,2022-12,1,10.2,49.0,-117.039991,48.185368,,0.0,False,0.0,0.0,,Low likelihood. GFM negative 0% HEFAS negative ?km web: no specific flood news found for this year
SAFRAN_TRANSMISSION_SYSTEMS_0,0,0.0,,1,74.0,2022-12,1,10.8,49.0,2.248157,48.933495,,0.0,False,-1.0,-1.0,13.1,Low likelihood. GFM negative 0% HEFAS negative 13km web: no specific flood news found for this year
SAFRAN_TRANSMISSION_SYSTEMS_1,0,0.0,,1,74.0,2022-12,1,10.8,49.0,2.248157,48.933495,,0.0,False,-1.0,-1.0,13.1,Low likelihood. GFM negative 0% HEFAS negative 13km web: no specific flood news found for this year
SAGINAW_METAL_CASTING_OPERATIONS,0,0.0,,1,47.0,2022-12,1,18.7,49.0,-83.920435,43.450242,,0.0,False,0.0,0.0,,Low likelihood. GFM negative 0% HEFAS negative ?km web: no specific flood news found for this year
SALEM_ASPHALT,1,2.0,2022-04_2022-05_2022-06_2022-09_2022-10_2022-12,1,32.0,2022-12,1,27.2,98.0,-123.005169,45.061727,,0.0,False,0.0,0.0,,Medium likelihood. GFM positive 2% HEFAS negative ?km web: no specific flood news found for this year
SANDVIK_SPECIAL_METALS_LLC,0,0.0,,1,15.0,2022-12,1,10.5,49.0,-119.011223,46.145238,,0.0,False,0.0,0.0,,Low likelihood. GFM negative 0% HEFAS negative ?km web: no specific flood news found for this year
SANOFI_CHIMIE,0,0.0,,1,60.0,2022-12,1,13.8,49.0,2.414106,48.778282,,0.0,False,-1.0,-1.0,0.4,Low likelihood. GFM negative 0% HEFAS negative 0km web: no specific flood news found for this year
SANOFI_PASTEUR,1,1.0,2022-04,1,53.0,2022-12,1,15.7,96.0,1.175213,49.241414,,0.0,False,-1.0,-1.0,1.9,Medium likelihood. GFM positive 1% HEFAS negative 2km web: no specific flood news found for this year
SANOFI_PASTEUR_NVL,0,0.0,,1,77.0,2022-12,1,11.9,49.0,4.827757,45.881139,,0.0,False,-1.0,-1.0,11.2,Low likelihood. GFM negative 0% HEFAS negative 11km web: no specific flood news found for this year
SARNIA,1,1.0,2022-01,1,29.0,2022-12,1,18.3,78.0,-82.494081,42.638514,,0.0,False,0.0,0.0,,Medium likelihood. GFM positive 1% HEFAS negative ?km web: no specific flood news found for this year
SCHLUMBERGER_ROSHARON_CAMPUS,1,21.0,2022-01_2022-02_2022-03_2022-04_2022-05_2022-08_2022-12,1,18.0,2022-12,1,38.7,100.0,-95.441481,29.368315,,0.0,False,0.0,0.0,,Medium likelihood. GFM positive 21% HEFAS negative ?km web: no specific flood news found for this year
SCHNEIDER_ELECTRIC_ALPES_EX_MGA,0,0.0,,1,41.0,2022-12,1,20.3,49.0,6.029192,45.476236,,8.0,True,-0.6518518518518518,2.0,73.0,Medium likelihood. GFM negative 0% HEFAS positive 73km web: no specific flood news found for this year
SCHULZ_XTRUDED_PRODUCTS,1,12.0,2022-01_2022-02_2022-03_2022-04_2022-06_2022-09_2022-10_2022-12,1,10.0,2022-12,1,37.5,100.0,-90.269006,34.821903,,0.0,False,0.0,0.0,,Medium likelihood. GFM positive 12% HEFAS negative ?km web: no specific flood news found for this year
SEALED_AIR_CORP,1,5.0,2022-02,1,27.0,2022-12,1,22.0,82.0,-94.895295,39.719097,,0.0,False,0.0,0.0,,Medium likelihood. GFM positive 5% HEFAS negative ?km web: no specific flood news found for this year
SEIBERT_LAKE_15-19-063-08W4,1,2.0,2022-03,1,72.0,2022-12,1,18.5,99.0,-111.199893,54.469564,,0.0,False,0.0,0.0,,Medium likelihood. GFM positive 2% HEFAS negative ?km web: no specific flood news found for this year
SEMICONDUCTOR_COMPONENTS_INDUSTRIES_LLC,0,0.0,,1,69.0,2022-12,1,12.7,49.0,-77.628279,43.203582,,0.0,False,0.0,0.0,,Low likelihood. GFM negative 0% HEFAS negative ?km web: no specific flood news found for this year
SHAW_INDUSTRIES_GROUP_INC_PLANT_8S,0,0.0,,1,92.0,2022-12,1,11.9,49.0,-81.151344,34.047264,,0.0,False,0.0,0.0,,Low likelihood. GFM negative 0% HEFAS negative ?km web: no specific flood news found for this year
SHENANGO_INC,0,0.0,,1,80.0,2022-12,1,6.9,49.0,-80.078062,40.496115,,0.0,False,0.0,0.0,,Low likelihood. GFM negative 0% HEFAS negative ?km web: no specific flood news found for this year
SHERWIN-WILLIAMS_CO_0,0,0.0,,1,76.0,2022-12,1,7.6,49.0,-80.042845,40.472268,,0.0,False,0.0,0.0,,Low likelihood. GFM negative 0% HEFAS negative ?km web: no specific flood news found for this year
SHERWIN-WILLIAMS_CO_1,0,0.0,,1,69.0,2022-12,1,10.0,49.0,-89.095138,42.255432,,0.0,False,0.0,0.0,,Low likelihood. GFM negative 0% HEFAS negative ?km web: no specific flood news found for this year
SIEMENS_GAMESA_RENEWABLE_ENERGY_INC.,1,2.0,2022-02_2022-03_2022-04_2022-05_2022-06,1,38.0,2022-12,1,25.9,100.0,-91.428774,40.582571,,0.0,False,0.0,0.0,,Medium likelihood. GFM positive 2% HEFAS negative ?km web: no specific flood news found for this year
SIEMENS_HEALTHINEERS,0,0.0,,1,44.0,2022-12,1,14.1,49.0,-86.14993,41.657896,,0.0,False,0.0,0.0,,Low likelihood. GFM negative 0% HEFAS negative ?km web: no specific flood news found for this year
SIEMENS_INDUSTRY_INC,0,0.0,,1,86.0,2022-12,1,5.3,49.0,-79.898189,40.413716,,0.0,False,0.0,0.0,,Low likelihood. GFM negative 0% HEFAS negative ?km web: no specific flood news found for this year
SIKA-FAIRLESS_HILLS_PA,1,1.0,2022-01_2022-02_2022-03_2022-04_2022-05_2022-06_2022-07_2022-08_2022-09_2022-10_2022-11_2022-12,1,43.0,2022-12,1,20.0,100.0,-74.750342,40.162335,,0.0,False,0.0,0.0,,Medium likelihood. GFM positive 1% HEFAS negative ?km web: no specific flood news found for this year
SIKORSKY_AIRCRAFT_STRATFORD_FACILITY,0,0.0,,1,88.0,2022-12,1,9.8,49.0,-73.097579,41.248392,,0.0,False,0.0,0.0,,Low likelihood. GFM negative 0% HEFAS negative ?km web: no specific flood news found for this year
SILGAN_CONTAINERS_MANUFACTURING_CORP_0,0,0.0,,1,61.0,2022-12,1,14.2,49.0,-93.336434,44.779644,,0.0,False,0.0,0.0,,Low likelihood. GFM negative 0% HEFAS negative ?km web: no specific flood news found for this year
SILGAN_CONTAINERS_MANUFACTURING_CORP_1,1,4.0,2022-02,1,30.0,2022-12,1,21.4,82.0,-94.892728,39.71957,,0.0,False,0.0,0.0,,Medium likelihood. GFM positive 4% HEFAS negative ?km web: no specific flood news found for this year
SILGAN_CONTAINERS_MFG_CORP,0,0.0,,1,48.0,2022-12,1,18.9,49.0,-121.467279,38.510603,,0.0,False,0.0,0.0,,Low likelihood. GFM negative 0% HEFAS negative ?km web: no specific flood news found for this year
SIOUXLAND_CONCRETE_CO,1,11.0,2022-01_2022-02_2022-03_2022-12,1,23.0,2022-12,1,28.7,100.0,-96.405339,42.442095,,0.0,False,0.0,0.0,,Medium likelihood. GFM positive 11% HEFAS negative ?km web: no specific flood news found for this year
SIT_SpA_-_stabilimento_di_Rovigo,1,2.0,2022-04,1,12.0,2022-12,1,27.1,94.0,11.748264,45.080781,,13.0,True,0.0474910394265232,4.0,24.1,High likelihood. GFM positive 2% HEFAS positive 24km web: Po Valley high water mid-Nov 2019 (Rovigo cleanup 2019-11-18) https://video.storyful.com/record/467
SKBT0015054_Tank,0,0.0,2022-10,1,14.0,2022-12,1,16.7,100.0,-109.888055,52.931157,,0.0,False,0.0,0.0,,Low likelihood. GFM negative 0% HEFAS negative ?km web: no specific flood news found for this year
SKBTB4L2211_Alameda_East_Oil_Battery_05-13-003-02W2,1,10.0,2022-10_2022-12,1,57.0,2022-12,1,26.1,100.0,-102.160476,49.208154,,0.0,False,0.0,0.0,,Medium likelihood. GFM positive 10% HEFAS negative ?km web: no specific flood news found for this year
SKBTB4L2215,1,7.0,2022-10_2022-12,1,58.0,2022-12,1,25.2,100.0,-102.059125,49.191426,,0.0,False,0.0,0.0,,Medium likelihood. GFM positive 7% HEFAS negative ?km web: no specific flood news found for this year
SKYLINE_STEEL_LLC-ARMOREL,1,27.0,2022-02_2022-03_2022-04_2022-05_2022-06_2022-07_2022-09_2022-10_2022-11,1,5.0,2022-12,1,44.4,100.0,-89.776872,35.915979,,0.0,False,0.0,0.0,,Medium likelihood. GFM positive 27% HEFAS negative ?km web: no specific flood news found for this year
SKYLINE_STEEL_LLC-BELPRE,0,0.0,,1,72.0,2022-12,1,6.7,49.0,-81.562944,39.322076,,0.0,False,0.0,0.0,,Low likelihood. GFM negative 0% HEFAS negative ?km web: no specific flood news found for this year
SKYLINE_STEEL_LLC-FAIRLESS_HILLS,1,1.0,2022-01_2022-02_2022-03_2022-04_2022-05_2022-06_2022-07_2022-08_2022-09_2022-10_2022-11_2022-12,1,43.0,2022-12,1,20.1,100.0,-74.752037,40.161064,,0.0,False,0.0,0.0,,Medium likelihood. GFM positive 1% HEFAS negative ?km web: no specific flood news found for this year
SKYLINE_STEEL_LLC-LONGVIEW,0,0.0,,1,42.0,2022-12,1,20.1,49.0,-122.935543,46.110851,,0.0,False,0.0,0.0,,Low likelihood. GFM negative 0% HEFAS negative ?km web: no specific flood news found for this year
SMITH_WEST_16-01,1,1.0,2022-05,1,22.0,2022-12,1,31.5,99.0,-114.158714,55.123724,,0.0,False,0.0,0.0,,Medium likelihood. GFM positive 1% HEFAS negative ?km web: no specific flood news found for this year
SNG_Station_4020_Bear_Creek_Storage._LA,1,25.0,2022-03_2022-04_2022-05_2022-06_2022-07_2022-09_2022-10_2022-12,1,27.0,2022-12,1,41.9,100.0,-93.057614,31.728631,,0.0,False,0.0,0.0,,Medium likelihood. GFM positive 25% HEFAS negative ?km web: Hurricane Ida Aug 2021 caused severe flooding in Louisiana https://en.wikipedia.org/wiki/Hurricane_Ida
SNG_Station_5000_Shadyside._LA,0,0.0,,1,63.0,2022-12,1,14.9,49.0,-91.416616,29.728286,,0.0,False,0.0,0.0,,Low likelihood. GFM negative 0% HEFAS negative ?km web: no specific flood news found for this year
SNG_Station_5010_White_Castle._LA,1,3.0,2022-03_2022-04_2022-11_2022-12,1,19.0,2022-12,1,21.7,98.0,-91.102845,30.197144,,0.0,False,0.0,0.0,,Medium likelihood. GFM positive 3% HEFAS negative ?km web: no specific flood news found for this year
SOLUTIA_INC_P2S5_PLANT,0,0.0,,1,63.0,2022-12,1,18.6,49.0,-90.168716,38.597211,,0.0,False,0.0,0.0,,Low likelihood. GFM negative 0% HEFAS negative ?km web: no specific flood news found for this year
SOLVAY_CHEMICALS_INC,0,0.0,,1,51.0,2022-12,1,18.1,49.0,-122.982613,46.136933,,0.0,False,0.0,0.0,,Low likelihood. GFM negative 0% HEFAS negative ?km web: no specific flood news found for this year
SOLVAY_Chemicals_GmbH_0,1,7.0,2022-03_2022-04_2022-05_2022-06,1,66.0,2022-12,1,21.7,100.0,11.750539,51.80108,,10.0,True,0.0417562724014336,4.0,1.1,High likelihood. GFM positive 7% HEFAS positive 1km web: no specific flood news found for this year
SOLVAY_Chemicals_GmbH_1,1,7.0,2022-03_2022-04_2022-05_2022-06,1,66.0,2022-12,1,21.7,100.0,11.750539,51.80108,,10.0,True,0.0417562724014336,4.0,1.1,High likelihood. GFM positive 7% HEFAS positive 1km web: no specific flood news found for this year
SOLVAY_FLUORIDES_LLC,0,0.0,,1,62.0,2022-12,1,18.8,49.0,-90.12692,38.599119,,0.0,False,0.0,0.0,,Low likelihood. GFM negative 0% HEFAS negative ?km web: no specific flood news found for this year
SOLVAY_SPECIALTY_POLYMERS_USA_LLC_0,1,1.0,2022-02_2022-04_2022-12,1,64.0,2022-12,1,13.5,94.0,-75.209556,39.84545,,0.0,False,0.0,0.0,,Medium likelihood. GFM positive 1% HEFAS negative ?km web: no specific flood news found for this year
SOLVAY_SPECIALTY_POLYMERS_USA_LLC_1,0,0.0,,1,67.0,2022-12,1,7.2,49.0,-81.515221,39.370512,,0.0,False,0.0,0.0,,Low likelihood. GFM negative 0% HEFAS negative ?km web: no specific flood news found for this year
SONOCO_PRODUCTS_CO_2,0,0.0,,1,71.0,2022-12,1,13.0,49.0,-89.074215,42.450961,,0.0,False,0.0,0.0,,Low likelihood. GFM negative 0% HEFAS negative ?km web: no specific flood news found for this year
SOUTH_VALLEY_MATERIALS_INC-HANFORD_RMC,1,11.0,2022-01_2022-02_2022-03_2022-04_2022-05_2022-09_2022-10,1,14.0,2022-12,1,38.5,100.0,-119.597695,36.313506,,0.0,False,0.0,0.0,,Medium likelihood. GFM positive 11% HEFAS negative ?km web: no specific flood news found for this year
SPECIALTY_PRODUCTS_US_LLC_-_POLYOX_PLANT,0,0.0,,1,81.0,2022-12,1,6.4,49.0,-81.776196,38.383316,,0.0,False,0.0,0.0,,Low likelihood. GFM negative 0% HEFAS negative ?km web: no specific flood news found for this year
SPENSALL_A_DIV_OF_FASTENAL_MANUFACTURING,0,0.0,2022-02_2022-03_2022-04_2022-05_2022-06,1,50.0,2022-12,1,22.7,100.0,-91.682501,44.061863,,0.0,False,0.0,0.0,,Low likelihood. GFM negative 0% HEFAS negative ?km web: no specific flood news found for this year
SPS_TECHNOLOGIES_LLC,0,0.0,,1,50.0,2022-12,1,14.9,49.0,-117.919655,33.711105,,0.0,False,0.0,0.0,,Low likelihood. GFM negative 0% HEFAS negative ?km web: no specific flood news found for this year
SPURFIELD_07-28,0,0.0,,1,31.0,2022-12,1,25.2,49.0,-114.241189,55.174726,,0.0,False,0.0,0.0,,Low likelihood. GFM negative 0% HEFAS negative ?km web: no specific flood news found for this year
SPUR_11-6-73-1W5,0,0.0,,1,70.0,2022-12,1,16.3,49.0,-114.145777,55.294744,,0.0,False,0.0,0.0,,Low likelihood. GFM negative 0% HEFAS negative ?km web: no specific flood news found for this year
SPX_TRANSFORMER_SOLUTIONS,0,0.0,,1,61.0,2022-12,1,16.4,49.0,-96.882499,32.827948,,0.0,False,0.0,0.0,,Low likelihood. GFM negative 0% HEFAS negative ?km web: no specific flood news found for this year
ST._ANDRE,0,0.0,,1,81.0,2022-12,1,16.2,49.0,-74.336194,45.565314,,0.0,False,0.0,0.0,,Low likelihood. GFM negative 0% HEFAS negative ?km web: no specific flood news found for this year
STABILIMENTO_DI_MAGENTA_0,1,1.0,2022-05_2022-07,1,37.0,2022-12,1,27.1,88.0,8.833367,45.450059,,29.0,True,0.0881251066734937,5.0,12.6,High likelihood. GFM positive 1% HEFAS positive 13km web: no specific flood news found for this year
STABILIMENTO_DI_MAGENTA_1,1,1.0,2022-05_2022-07,1,37.0,2022-12,1,27.1,88.0,8.833367,45.450059,,29.0,True,0.0881251066734937,5.0,12.6,High likelihood. GFM positive 1% HEFAS positive 13km web: no specific flood news found for this year
STANDARD_MATERIALS_GROUP_INC_TULSA_W_23RD,0,0.0,,1,50.0,2022-12,1,15.7,49.0,-95.994873,36.130543,,0.0,False,0.0,0.0,,Low likelihood. GFM negative 0% HEFAS negative ?km web: no specific flood news found for this year
STANDARD_READY_MIX_CONCRETE_CO_SIOUX_CITY_PLANT,0,0.0,2022-01,1,68.0,2022-12,1,11.6,92.0,-96.389425,42.503594,,0.0,False,0.0,0.0,,Low likelihood. GFM negative 0% HEFAS negative ?km web: no specific flood news found for this year
STARMARK_CABINETRY,0,0.0,,0,0.0,,0,0.0,0.0,-96.718863,43.589371,,0.0,False,0.0,0.0,,Low likelihood. GFM negative 0% HEFAS negative ?km web: no specific flood news found for this year
STEEL_DYNAMICS_INC._-_TECHS_DIV_-_GALVTECH_PLANT,0,0.0,,1,88.0,2022-12,1,4.7,49.0,-79.932889,40.392807,,0.0,False,0.0,0.0,,Low likelihood. GFM negative 0% HEFAS negative ?km web: no specific flood news found for this year
STEPAN_CO,0,0.0,,1,61.0,2022-12,1,12.7,49.0,-117.915352,33.849292,,0.0,False,0.0,0.0,,Low likelihood. GFM negative 0% HEFAS negative ?km web: no specific flood news found for this year
STEPAN_CO_-_FIELDSBORO_PLANT,0,0.0,,1,70.0,2022-12,1,13.6,49.0,-74.734855,40.134015,,0.0,False,0.0,0.0,,Low likelihood. GFM negative 0% HEFAS negative ?km web: no specific flood news found for this year
STEP_-_ROSNY-SUR-SEINE,1,7.0,2022-04_2022-05,1,65.0,2022-12,1,21.7,100.0,1.650166,49.000427,,0.0,False,-1.0083333333333333,-1.0,13.3,Medium likelihood. GFM positive 7% HEFAS negative 13km web: no specific flood news found for this year
STEP_-_VILLEFRANCHE_SUR_SAONE,0,0.0,2022-04,1,63.0,2022-12,1,13.2,59.0,4.739439,45.986076,,0.0,False,-1.0,-1.0,14.7,Low likelihood. GFM negative 0% HEFAS negative 15km web: no specific flood news found for this year
STERLING_STEEL_CO_LLC,0,0.0,,1,55.0,2022-12,1,13.9,49.0,-89.70985,41.786262,,0.0,False,0.0,0.0,,Low likelihood. GFM negative 0% HEFAS negative ?km web: no specific flood news found for this year
ST_CHARLES_OPERATIONS_TAFT_STAR_UNION_CARBIDE_CORP,0,0.0,,1,60.0,2022-12,1,15.3,49.0,-90.4437,29.982885,,0.0,False,0.0,0.0,,Low likelihood. GFM negative 0% HEFAS negative ?km web: no specific flood news found for this year
ST_MICROELECTRONICS,0,0.0,,1,45.0,2022-12,1,17.7,49.0,5.884543,45.267056,,0.0,False,-1.0,-1.0,75.6,Low likelihood. GFM negative 0% HEFAS negative 76km web: no specific flood news found for this year
SUEZ_EAU_INDUSTRIELLE_EX_ONDEO_IS,0,0.0,,1,75.0,2022-12,1,15.6,49.0,2.507069,49.291301,,0.0,False,-1.0,-1.0,46.2,Low likelihood. GFM negative 0% HEFAS negative 46km web: no specific flood news found for this year
SUEZ_ORGANIQUE_SAS,1,6.0,2022-04_2022-05,1,25.0,2022-12,1,27.9,100.0,4.707346,44.261191,,0.0,False,-1.0,-1.0,13.8,Medium likelihood. GFM positive 6% HEFAS negative 14km web: no specific flood news found for this year
SUEZ_RR_IWS_CHEMICALS_FRANCE,0,0.0,,1,72.0,2022-12,1,12.5,49.0,2.295658,48.948026,,0.0,False,-1.0,-1.0,12.6,Low likelihood. GFM negative 0% HEFAS negative 13km web: no specific flood news found for this year
SUEZ_RR_IWS_CHEMICAL_FRANCE_EX_SITA,1,1.0,2022-04_2022-05_2022-07_2022-08_2022-09_2022-10_2022-11_2022-12,1,42.0,2022-12,1,24.8,94.0,7.925551,48.747897,,1.0,True,0.0018518518518518,2.0,17.5,High likelihood. GFM positive 1% HEFAS positive 18km web: no specific flood news found for this year
SUEZ_RR_IWS_MINERALS_FRANCE_0,0,0.0,,1,73.0,2022-12,1,11.6,49.0,2.282254,48.946159,,0.0,False,-1.0,-1.0,12.8,Low likelihood. GFM negative 0% HEFAS negative 13km web: no specific flood news found for this year
SUEZ_RR_IWS_MINERALS_FRANCE_1,0,0.0,,1,88.0,2022-12,1,11.0,49.0,4.814064,45.627125,,0.0,False,-1.0,-1.0,27.6,Low likelihood. GFM negative 0% HEFAS negative 28km web: no specific flood news found for this year
SUEZ_RV_CENTRE_EST_-_PONT_DU_CH_TEAU,1,1.0,2022-04_2022-05,1,66.0,2022-12,1,16.5,90.0,3.266919,45.808711,,0.0,False,-1.0,-1.0,21.9,Medium likelihood. GFM positive 1% HEFAS negative 22km web: no specific flood news found for this year
SUEZ_RV_MEDITERRANEE,1,1.0,2022-04,1,33.0,2022-12,1,22.7,100.0,4.932447,43.980726,,0.0,False,-1.0,-1.0,31.1,Medium likelihood. GFM positive 1% HEFAS negative 31km web: no specific flood news found for this year
SUEZ_RV_YONNE_METAUX,1,5.0,2022-04_2022-05,1,68.0,2022-12,1,22.3,100.0,3.384788,47.97343,,0.0,False,-0.6666666666666666,0.0,17.1,Medium likelihood. GFM positive 5% HEFAS negative 17km web: no specific flood news found for this year
SUEZ_Schiedam,0,0.0,,1,70.0,2022-12,1,21.0,49.0,4.389171,51.902362,,0.0,False,-2.0,-2.0,83.1,Low likelihood. GFM negative 0% HEFAS negative 83km web: no specific flood news found for this year
SWVA._INC.,1,1.0,2022-05,1,64.0,2022-12,1,9.3,100.0,-82.42533,38.426515,,0.0,False,0.0,0.0,,Medium likelihood. GFM positive 1% HEFAS negative ?km web: no specific flood news found for this year
SWVA_INC,1,1.0,2022-05,1,64.0,2022-12,1,10.0,100.0,-82.433198,38.425464,,0.0,False,0.0,0.0,,Medium likelihood. GFM positive 1% HEFAS negative ?km web: no specific flood news found for this year
SYPRIS_TECHNOLOGIES_INC,0,0.0,,1,70.0,2022-12,1,15.2,49.0,-85.79863,38.249658,,0.0,False,0.0,0.0,,Low likelihood. GFM negative 0% HEFAS negative ?km web: no specific flood news found for this year
S_dzucker_AG._Werk_Ochsenfurt,0,0.0,,1,39.0,2022-12,1,11.9,49.0,10.080164,49.666649,,6.0,True,0.0138888888888888,3.0,17.6,Medium likelihood. GFM negative 0% HEFAS positive 18km web: no specific flood news found for this year
S_dzucker_AG._Werk_Plattling,0,0.0,,1,38.0,2022-12,1,20.9,49.0,12.882629,48.787642,,29.0,True,0.1518817204301075,4.0,1.9,Medium likelihood. GFM negative 0% HEFAS positive 2km web: no specific flood news found for this year
S_dzucker_Werk_Regensburg_0,0,0.0,,1,61.0,2022-12,1,15.5,49.0,12.125977,49.012479,,21.0,True,0.1125149342891278,4.0,1.5,Medium likelihood. GFM negative 0% HEFAS positive 2km web: no specific flood news found for this year
S_dzucker_Werk_Regensburg_1,1,2.0,2022-04_2022-05,1,42.0,2022-12,1,20.1,95.0,12.153246,49.003974,,21.0,True,0.1125149342891278,4.0,2.4,High likelihood. GFM positive 2% HEFAS positive 2km web: no specific flood news found for this year
Salinas_River_Cogeneration_Facility,0,0.0,,1,67.0,2022-12,1,19.3,49.0,-120.867921,35.951487,,0.0,False,0.0,0.0,,Low likelihood. GFM negative 0% HEFAS negative ?km web: no specific flood news found for this year
Salzgitter_Mannesmann_Grobblech_GmbH,0,0.0,,1,71.0,2022-12,1,11.9,49.0,6.87511,51.438391,,9.0,True,-0.0174133811230585,3.0,10.4,Medium likelihood. GFM negative 0% HEFAS positive 10km web: no specific flood news found for this year
Sandoz_GmbH_0,0,0.0,,1,69.0,2022-12,1,16.0,49.0,11.979605,47.46735,,36.0,True,-0.504958183990442,5.0,8.9,Medium likelihood. GFM negative 0% HEFAS positive 9km web: no specific flood news found for this year
Sandoz_GmbH_1,0,0.0,,1,69.0,2022-12,1,16.0,49.0,11.979605,47.46735,,36.0,True,-0.504958183990442,5.0,8.9,Medium likelihood. GFM negative 0% HEFAS positive 9km web: no specific flood news found for this year
Sandoz_GmbH_2,0,0.0,,1,69.0,2022-12,1,16.0,49.0,11.979605,47.46735,,36.0,True,-0.504958183990442,5.0,8.9,Medium likelihood. GFM negative 0% HEFAS positive 9km web: no specific flood news found for this year
Sandoz_GmbH_3,0,0.0,,1,69.0,2022-12,1,16.0,49.0,11.979605,47.46735,,36.0,True,-0.504958183990442,5.0,8.9,Medium likelihood. GFM negative 0% HEFAS positive 9km web: no specific flood news found for this year
Sandtoft_Roof_Tiles_Ltd,1,35.0,2022-04_2022-05_2022-06_2022-07_2022-08_2022-09,1,7.0,2022-12,1,50.0,100.0,-0.698808,53.736636,,0.0,False,-2.0,-2.0,5.2,Medium likelihood. GFM positive 35% HEFAS negative 5km web: no specific flood news found for this year
Sanofi-Aventis_Deutschland_GmbH,0,0.0,,1,62.0,2022-12,1,17.1,49.0,8.537405,50.095347,,27.0,True,0.0511051373954599,3.0,10.9,Medium likelihood. GFM negative 0% HEFAS positive 11km web: no specific flood news found for this year
Sarnia_Cogen_Plant,0,0.0,,1,53.0,2022-12,1,11.5,49.0,-82.414505,42.958616,,0.0,False,0.0,0.0,,Low likelihood. GFM negative 0% HEFAS negative ?km web: no specific flood news found for this year
Sceptre_Oil_Battery_06-24,1,4.0,2022-03,1,72.0,2022-12,1,17.4,100.0,-115.038224,53.067234,,0.0,False,0.0,0.0,,Medium likelihood. GFM positive 4% HEFAS negative ?km web: no specific flood news found for this year
Seven_Hills_Paperboard._LLC,0,0.0,,1,95.0,2022-12,1,4.3,49.0,-79.128067,37.403776,,0.0,False,0.0,0.0,,Low likelihood. GFM negative 0% HEFAS negative ?km web: no specific flood news found for this year
Shenango_Incorporated,0,0.0,,1,81.0,2022-12,1,6.8,49.0,-80.075615,40.496688,,0.0,False,0.0,0.0,,Low likelihood. GFM negative 0% HEFAS negative ?km web: no specific flood news found for this year
Siemens_AG._SI_EP_MF_RBG._Ger_tewerk_Regensburg,1,2.0,2022-04_2022-05,1,51.0,2022-12,1,19.0,95.0,12.144483,49.008117,,21.0,True,0.1125149342891278,4.0,1.8,High likelihood. GFM positive 2% HEFAS positive 2km web: no specific flood news found for this year
Siemens_Energy.inc,0,0.0,,1,62.0,2022-12,1,15.4,49.0,-90.162185,32.249427,,0.0,False,0.0,0.0,,Low likelihood. GFM negative 0% HEFAS negative ?km web: no specific flood news found for this year
Siemens_Transformateurs_Canada_Inc.,0,0.0,2022-01_2022-06_2022-12,1,59.0,2022-12,1,18.5,100.0,-72.561482,46.331854,,0.0,False,0.0,0.0,,Low likelihood. GFM negative 0% HEFAS negative ?km web: no specific flood news found for this year
Sioux,0,0.0,,1,30.0,2022-12,1,17.2,49.0,-90.291602,38.915846,,0.0,False,0.0,0.0,,Low likelihood. GFM negative 0% HEFAS negative ?km web: no specific flood news found for this year
Skeppsdockan,0,0.0,,1,63.0,2022-12,1,19.4,49.0,16.196833,58.595285,,16.0,True,0.0035244922341696,5.0,16.7,Medium likelihood. GFM negative 0% HEFAS positive 17km web: no specific flood news found for this year
Skutsk_rs_Bruk,0,0.0,2022-12,1,47.0,2022-12,1,18.7,71.0,17.389785,60.643685,,34.0,True,0.0820191158900836,4.0,40.0,Medium likelihood. GFM negative 0% HEFAS positive 40km web: no specific flood news found for this year
Smith_Compressor_Station_05-17-071-01W5,0,0.0,2022-03_2022-05,1,48.0,2022-12,1,22.9,99.0,-114.127184,55.146836,,0.0,False,0.0,0.0,,Low likelihood. GFM negative 0% HEFAS negative ?km web: no specific flood news found for this year
Smith_Compressor_Station_11-34-071-02W5,1,1.0,2022-03_2022-04_2022-05,1,33.0,2022-12,1,26.3,100.0,-114.222939,55.194123,,0.0,False,0.0,0.0,,Medium likelihood. GFM positive 1% HEFAS negative ?km web: no specific flood news found for this year
Smith_West_Sweet_Gas_Plant_09-01-071-02W5,1,1.0,2022-05,1,23.0,2022-12,1,31.1,99.0,-114.159019,55.121385,,0.0,False,0.0,0.0,,Medium likelihood. GFM positive 1% HEFAS negative ?km web: no specific flood news found for this year
Smurfit_Kappa_Hoya_Papier_und_Karton_GmbH_0,1,36.0,2022-04_2022-05_2022-06_2022-07,1,17.0,2022-12,1,45.6,100.0,9.150123,52.81136,,40.0,True,0.1606332138590203,4.0,1.2,High likelihood. GFM positive 36% HEFAS positive 1km web: no specific flood news found for this year
Smurfit_Kappa_Hoya_Papier_und_Karton_GmbH_1,1,36.0,2022-04_2022-05_2022-06_2022-07,1,17.0,2022-12,1,45.6,100.0,9.150123,52.81136,,40.0,True,0.1606332138590203,4.0,1.2,High likelihood. GFM positive 36% HEFAS positive 1km web: no specific flood news found for this year
Smurfit_Kappa_Kraftliner_Pite__0,0,0.0,2022-03_2022-04,1,38.0,2022-12,1,16.2,99.0,21.440234,65.31476,,7.0,True,0.0014336917562723,2.0,41.5,Medium likelihood. GFM negative 0% HEFAS positive 42km web: no specific flood news found for this year
Smurfit_Kappa_Kraftliner_Pite__1,0,0.0,2022-03_2022-04,1,38.0,2022-12,1,16.2,99.0,21.440234,65.31476,,7.0,True,0.0014336917562723,2.0,41.5,Medium likelihood. GFM negative 0% HEFAS positive 42km web: no specific flood news found for this year
Smurfit_Kappa_Parenco_B.V._0,1,2.0,2022-01_2022-02_2022-03_2022-04_2022-05_2022-06_2022-08_2022-09_2022-10_2022-12,1,51.0,2022-12,1,17.7,100.0,5.728571,51.96996,,7.0,True,-0.6684587813620072,2.0,29.6,High likelihood. GFM positive 2% HEFAS positive 30km web: no specific flood news found for this year
Smurfit_Kappa_Parenco_B.V._1,1,2.0,2022-01_2022-02_2022-03_2022-04_2022-05_2022-06_2022-08_2022-09_2022-10_2022-12,1,51.0,2022-12,1,17.7,100.0,5.728571,51.96996,,7.0,True,-0.6684587813620072,2.0,29.6,High likelihood. GFM positive 2% HEFAS positive 30km web: no specific flood news found for this year
Snatcher,0,0.0,,1,50.0,2022-12,1,14.8,49.0,139.711994,-27.428992,,0.0,False,0.0,0.0,,Low likelihood. GFM negative 0% HEFAS negative ?km web: no specific flood news found for this year
Solvay_Chemicals_Finland_Oy._Voikkaan_vetyperoksiditehdas,1,10.0,2022-02_2022-03_2022-04,1,75.0,2022-12,1,22.2,100.0,26.604919,60.932327,,0.0,False,-1.0053763440860215,-1.0,67.3,Medium likelihood. GFM positive 10% HEFAS negative 67km web: no specific flood news found for this year
Solvay_Fluor_GmbH,0,0.0,,1,79.0,2022-12,1,14.2,49.0,9.176077,49.229652,,14.0,True,0.0259259259259259,2.0,2.0,Medium likelihood. GFM negative 0% HEFAS positive 2km web: no specific flood news found for this year
Sousa_Oil_Battery_2_15-25,1,25.0,2022-04_2022-05_2022-06_2022-07_2022-12,1,49.0,2022-12,1,36.7,100.0,-118.690413,58.761427,,0.0,False,0.0,0.0,,Medium likelihood. GFM positive 25% HEFAS negative ?km web: no specific flood news found for this year
Southwestern,1,10.0,2022-01_2022-02_2022-04_2022-05_2022-06_2022-07_2022-08_2022-09_2022-10,1,52.0,2022-12,1,28.5,100.0,-98.35241,35.100916,,0.0,False,0.0,0.0,,Medium likelihood. GFM positive 10% HEFAS negative ?km web: no specific flood news found for this year
Spurfield_Compressor_Station_07-28-071-02W5,0,0.0,,1,34.0,2022-12,1,24.2,49.0,-114.244161,55.177171,,0.0,False,0.0,0.0,,Low likelihood. GFM negative 0% HEFAS negative ?km web: no specific flood news found for this year
St.Charles,0,0.0,2022-04_2022-06,1,53.0,2022-12,1,15.5,100.0,-90.464847,30.004597,,0.0,False,0.0,0.0,,Low likelihood. GFM negative 0% HEFAS negative ?km web: no specific flood news found for this year
St._Clair,0,0.0,,1,36.0,2022-12,1,16.6,49.0,-82.471843,42.764158,,0.0,False,0.0,0.0,,Low likelihood. GFM negative 0% HEFAS negative ?km web: no specific flood news found for this year
St_Thomas_-_Valleyfield_Warehouse,1,9.0,2022-02,1,41.0,2022-12,1,23.2,100.0,-74.087118,45.234157,,0.0,False,0.0,0.0,,Medium likelihood. GFM positive 9% HEFAS negative ?km web: no specific flood news found for this year
Stabilimento_di_Villadose,1,5.0,2022-04_2022-05,1,9.0,2022-12,1,26.8,100.0,11.925996,45.060836,,13.0,True,0.0474910394265232,4.0,20.3,High likelihood. GFM positive 5% HEFAS positive 20km web: Po Valley high water mid-Nov 2019 (Rovigo cleanup 2019-11-18) https://video.storyful.com/record/467
Stanleys,0,0.0,,1,82.0,2022-12,1,34.5,49.0,139.506039,-27.593071,,0.0,False,0.0,0.0,,Low likelihood. GFM negative 0% HEFAS negative ?km web: no specific flood news found for this year
Sterlington,1,6.0,2022-10,1,63.0,2022-12,1,18.2,98.0,-92.079228,32.704636,,0.0,False,0.0,0.0,,Medium likelihood. GFM positive 6% HEFAS negative ?km web: no specific flood news found for this year
Steveville_Compressor_Station_06-07-022-12W4,1,1.0,2022-03,1,67.0,2022-12,1,19.5,94.0,-111.657798,50.854075,,0.0,False,0.0,0.0,,Medium likelihood. GFM positive 1% HEFAS negative ?km web: no specific flood news found for this year
Stora_Cells_Barkdeponi_0,0,0.0,,1,59.0,2022-12,1,20.0,49.0,17.382737,60.62497,,34.0,True,0.0820191158900836,4.0,41.0,Medium likelihood. GFM negative 0% HEFAS positive 41km web: no specific flood news found for this year
Stora_Cells_Barkdeponi_1,0,0.0,,1,59.0,2022-12,1,20.0,49.0,17.382737,60.62497,,34.0,True,0.0820191158900836,4.0,41.0,Medium likelihood. GFM negative 0% HEFAS positive 41km web: no specific flood news found for this year
Stora_Enso_Oyj._Heinolan_Flutingtehdas,0,0.0,,1,56.0,2022-12,1,10.4,49.0,26.081458,61.178699,,0.0,False,-1.0053763440860215,-1.0,28.7,Low likelihood. GFM negative 0% HEFAS negative 29km web: no specific flood news found for this year
Stora_Enso_Oyj._Stora_Enso_Oyj_n_Heinolan_Flutingtehtaan_kaatopaikka,0,0.0,,1,56.0,2022-12,1,10.1,49.0,26.086463,61.181589,,0.0,False,-1.0053763440860215,-1.0,28.8,Low likelihood. GFM negative 0% HEFAS negative 29km web: no specific flood news found for this year
Stora_Enso_Oyj._Varkauden_tehtaat,0,0.0,,1,39.0,2022-12,1,14.6,49.0,27.898499,62.3164,,0.0,False,-1.008109318996416,-1.0,27.0,Low likelihood. GFM negative 0% HEFAS negative 27km web: no specific flood news found for this year
Suncor_Energy_Inc._Oil_Sands,1,2.0,2022-05,1,60.0,2022-12,1,12.3,100.0,-111.466134,57.003213,,0.0,False,0.0,0.0,,Medium likelihood. GFM positive 2% HEFAS negative ?km web: no specific flood news found for this year
Sycamore_Combustion_Turbine,0,0.0,,1,68.0,2022-12,1,13.7,49.0,-93.676865,41.672179,,0.0,False,0.0,0.0,,Low likelihood. GFM negative 0% HEFAS negative ?km web: no specific flood news found for this year
TAMINCO_US_LLC,0,0.0,2022-03,1,60.0,2022-12,1,17.8,83.0,-91.092288,30.250791,,0.0,False,0.0,0.0,,Low likelihood. GFM negative 0% HEFAS negative ?km web: no specific flood news found for this year
TENNECO_AUTOMOTIVE_OPERATING_CO_INC.,0,0.0,,1,49.0,2022-12,1,15.5,49.0,-94.553734,39.137114,,0.0,False,0.0,0.0,,Low likelihood. GFM negative 0% HEFAS negative ?km web: no specific flood news found for this year
TERRA_INTERNATIONAL_OKLAHOMA_LLC.,0,0.0,,1,34.0,2022-12,1,20.1,49.0,-99.365921,36.443605,,0.0,False,0.0,0.0,,Low likelihood. GFM negative 0% HEFAS negative ?km web: no specific flood news found for this year
TERRA_NITROGEN_L.P._VERDIGRIS_PLANT,0,0.0,,1,73.0,2022-12,1,15.7,49.0,-95.719083,36.233504,,0.0,False,0.0,0.0,,Low likelihood. GFM negative 0% HEFAS negative ?km web: no specific flood news found for this year
TESLA_INC,1,1.0,2022-01_2022-11_2022-12,1,41.0,2022-12,1,21.4,76.0,-121.296677,37.799849,,0.0,False,0.0,0.0,,Medium likelihood. GFM positive 1% HEFAS negative ?km web: no specific flood news found for this year
TESORO_-_STOCKTON_TERMINAL,0,0.0,2022-10_2022-12,1,9.0,2022-12,1,16.9,76.0,-121.334644,37.942195,,0.0,False,0.0,0.0,,Low likelihood. GFM negative 0% HEFAS negative ?km web: no specific flood news found for this year
TETRA_CHEMICALS,1,5.0,2022-02_2022-04_2022-05_2022-06_2022-09_2022-10,1,30.0,2022-12,1,28.5,100.0,-90.190205,35.107783,,0.0,False,0.0,0.0,,Medium likelihood. GFM positive 5% HEFAS negative ?km web: no specific flood news found for this year
TEXAS_BIT_LESTON_ASPHLAT_PLANT,0,0.0,,1,58.0,2022-12,1,17.4,49.0,-96.89311,32.811878,,0.0,False,0.0,0.0,,Low likelihood. GFM negative 0% HEFAS negative ?km web: no specific flood news found for this year
TEXAS_GAS_TRANSMISSION_-_GREENVILLE_STATION,0,0.0,2022-04,1,39.0,2022-12,1,28.5,81.0,-91.017608,33.392524,,0.0,False,0.0,0.0,,Low likelihood. GFM negative 0% HEFAS negative ?km web: no specific flood news found for this year
TGP_Station_114_Catlettsburg._KY,0,0.0,,1,90.0,2022-12,1,6.3,49.0,-82.574974,38.271645,,0.0,False,0.0,0.0,,Low likelihood. GFM negative 0% HEFAS negative ?km web: no specific flood news found for this year
TGP_Station_32_Jasper._TX,0,0.0,,1,88.0,2022-12,1,13.3,49.0,-94.13758,30.985005,,0.0,False,0.0,0.0,,Low likelihood. GFM negative 0% HEFAS negative ?km web: no specific flood news found for this year
TGP_Station_40_Natchitoches._LA,1,25.0,2022-03_2022-04_2022-05_2022-06_2022-07_2022-09_2022-10_2022-12,1,27.0,2022-12,1,41.9,100.0,-93.057614,31.728631,,0.0,False,0.0,0.0,,Medium likelihood. GFM positive 25% HEFAS negative ?km web: Hurricane Ida Aug 2021 caused severe flooding in Louisiana https://en.wikipedia.org/wiki/Hurricane_Ida
TGP_Station_827_Alexandria._LA,0,0.0,,1,26.0,2022-12,1,30.3,49.0,-92.356043,31.190599,,0.0,False,0.0,0.0,,Low likelihood. GFM negative 0% HEFAS negative ?km web: no specific flood news found for this year
THE_AMES_COS_INC,1,9.0,2022-02_2022-03_2022-10,1,32.0,2022-12,1,30.0,100.0,-95.599374,40.045276,,0.0,False,0.0,0.0,,Medium likelihood. GFM positive 9% HEFAS negative ?km web: no specific flood news found for this year
THE_ANDERSONS_INC._-_SERGEANT_BLUFF,1,8.0,2022-01_2022-02_2022-03_2022-11,1,27.0,2022-12,1,26.0,100.0,-96.361399,42.310709,,0.0,False,0.0,0.0,,Medium likelihood. GFM positive 8% HEFAS negative ?km web: no specific flood news found for this year
THE_ANDERSONS_INC_-_SIOUX_CITY,1,2.0,2022-01_2022-02_2022-03,1,51.0,2022-12,1,15.7,100.0,-96.39385,42.487166,,0.0,False,0.0,0.0,,Medium likelihood. GFM positive 2% HEFAS negative ?km web: no specific flood news found for this year
THE_DOW_CHEMICAL_CO_-_LOUISIANA_OPERATIONS,0,0.0,2022-03_2022-04,1,59.0,2022-12,1,17.8,100.0,-91.23902,30.320851,,0.0,False,0.0,0.0,,Low likelihood. GFM negative 0% HEFAS negative ?km web: no specific flood news found for this year
THE_DOW_CHEMICAL_CO_GRAND_BAYOU_OPERATIONS,1,1.0,2022-06_2022-11,1,61.0,2022-12,1,20.7,86.0,-91.11104,30.008342,,0.0,False,0.0,0.0,,Medium likelihood. GFM positive 1% HEFAS negative ?km web: no specific flood news found for this year
THE_LUBRIZOL_CORP,0,0.0,,1,82.0,2022-12,1,7.2,49.0,-80.215907,40.563971,,0.0,False,0.0,0.0,,Low likelihood. GFM negative 0% HEFAS negative ?km web: no specific flood news found for this year
TIN_INC_DBA_TEMPLE_INLAND_WEST_MEMPHIS,0,0.0,,1,46.0,2022-12,1,24.7,49.0,-90.179178,35.156086,,0.0,False,0.0,0.0,,Low likelihood. GFM negative 0% HEFAS negative ?km web: no specific flood news found for this year
TOYOTA_MOTOR_MANUFACTURING_WEST_VIRGINIA_INC_0,0,0.0,,1,73.0,2022-12,1,7.5,49.0,-82.002338,38.591955,,0.0,False,0.0,0.0,,Low likelihood. GFM negative 0% HEFAS negative ?km web: no specific flood news found for this year
TOYOTA_MOTOR_MANUFACTURING_WEST_VIRGINIA_INC_1,0,0.0,,1,73.0,2022-12,1,7.5,49.0,-82.002338,38.591955,,0.0,False,0.0,0.0,,Low likelihood. GFM negative 0% HEFAS negative ?km web: no specific flood news found for this year
TOYOTA_MOTOR_MANUFACTURING_WEST_VIRGINIA_INC_2,0,0.0,,1,73.0,2022-12,1,7.5,49.0,-82.002338,38.591955,,0.0,False,0.0,0.0,,Low likelihood. GFM negative 0% HEFAS negative ?km web: no specific flood news found for this year
TRANSCO_STATION_30,1,1.0,2022-05_2022-07_2022-10,1,7.0,2022-12,1,34.0,87.0,-96.288877,29.279187,,0.0,False,0.0,0.0,,Medium likelihood. GFM positive 1% HEFAS negative ?km web: no specific flood news found for this year
TRINITY_CONTAINERS_LLC_PLANT_NO_1593,0,0.0,,1,35.0,2022-12,1,21.1,49.0,-96.892151,46.876844,,0.0,False,0.0,0.0,,Low likelihood. GFM negative 0% HEFAS negative ?km web: no specific flood news found for this year
TRINITY_MARINE_PRODUCTS_INC_PLT_48,0,0.0,,1,78.0,2022-12,1,11.7,49.0,-91.312729,30.388335,,0.0,False,0.0,0.0,,Low likelihood. GFM negative 0% HEFAS negative ?km web: no specific flood news found for this year
TR_FILERIE_ET_UMS_USINE_DE_MAT_RIEL_DE_SOUDURE,0,0.0,2022-02_2022-03,1,60.0,2022-12,1,17.7,89.0,-73.464339,45.586726,,0.0,False,0.0,0.0,,Low likelihood. GFM negative 0% HEFAS negative ?km web: no specific flood news found for this year
TTM_TECHNOLOGIES_N.A._LLC_0,0,0.0,,1,63.0,2022-12,1,18.6,49.0,-91.360859,44.941187,,0.0,False,0.0,0.0,,Low likelihood. GFM negative 0% HEFAS negative ?km web: no specific flood news found for this year
TTM_TECHNOLOGIES_N.A._LLC_1,0,0.0,,1,50.0,2022-12,1,15.1,49.0,-117.921728,33.71147,,0.0,False,0.0,0.0,,Low likelihood. GFM negative 0% HEFAS negative ?km web: no specific flood news found for this year
TTM_TECHNOLOGIES_N.A._LLC_2,0,0.0,,1,55.0,2022-12,1,12.7,49.0,-117.856127,33.854564,,0.0,False,0.0,0.0,,Low likelihood. GFM negative 0% HEFAS negative ?km web: no specific flood news found for this year
TUMALO_CONCRETE,0,0.0,,1,38.0,2022-12,1,21.3,49.0,-121.330636,44.142236,,0.0,False,0.0,0.0,,Low likelihood. GFM negative 0% HEFAS negative ?km web: no specific flood news found for this year
TXI-CORINTH_STREET_READY_MIX,0,0.0,,1,72.0,2022-12,1,14.8,49.0,-96.793178,32.761213,,0.0,False,0.0,0.0,,Low likelihood. GFM negative 0% HEFAS negative ?km web: no specific flood news found for this year
TXI-GREEN_PORTABLE_READY_MIX,0,0.0,,1,42.0,2022-12,1,18.9,49.0,-97.612901,30.236653,,0.0,False,0.0,0.0,,Low likelihood. GFM negative 0% HEFAS negative ?km web: no specific flood news found for this year
TXI-GREEN_READY_MIX,0,0.0,,1,47.0,2022-12,1,17.5,49.0,-97.612077,30.227814,,0.0,False,0.0,0.0,,Low likelihood. GFM negative 0% HEFAS negative ?km web: no specific flood news found for this year
TXI-SPANGLER_CTM,0,0.0,,1,52.0,2022-12,1,16.7,49.0,-96.913183,32.872602,,0.0,False,0.0,0.0,,Low likelihood. GFM negative 0% HEFAS negative ?km web: no specific flood news found for this year
TXI-SPANGLER_ROAD_READY_MIX,0,0.0,,1,52.0,2022-12,1,16.7,49.0,-96.913183,32.872602,,0.0,False,0.0,0.0,,Low likelihood. GFM negative 0% HEFAS negative ?km web: no specific flood news found for this year
TXI-WILMER_READY_MIX,0,0.0,,1,37.0,2022-12,1,19.2,49.0,-96.639251,32.609769,,0.0,False,0.0,0.0,,Low likelihood. GFM negative 0% HEFAS negative ?km web: no specific flood news found for this year
TXI_-_PORTABLE_FREEPORT_PTF,0,0.0,,1,37.0,2022-12,1,20.7,49.0,-95.324984,28.976298,,0.0,False,0.0,0.0,,Low likelihood. GFM negative 0% HEFAS negative ?km web: no specific flood news found for this year
TYCO_FIRE_PRODUCTS_LP,0,0.0,,1,52.0,2022-12,1,17.2,49.0,-87.614113,45.097132,,0.0,False,0.0,0.0,,Low likelihood. GFM negative 0% HEFAS negative ?km web: no specific flood news found for this year
TYSON_CHICKEN_INC._FEED_MILL,1,2.0,2022-04_2022-10,1,68.0,2022-12,1,18.0,87.0,-87.528213,37.62875,,0.0,False,0.0,0.0,,Medium likelihood. GFM positive 2% HEFAS negative ?km web: no specific flood news found for this year
TYSON_FARMS_INC,1,1.0,2022-09_2022-10,1,66.0,2022-12,1,18.9,81.0,-90.883643,32.388863,,0.0,False,0.0,0.0,,Medium likelihood. GFM positive 1% HEFAS negative ?km web: no specific flood news found for this year
TYSON_FRESH_MEATS_INC-LOUISA_COUNTY,0,0.0,,1,52.0,2022-12,1,21.0,49.0,-91.356953,41.29667,,0.0,False,0.0,0.0,,Low likelihood. GFM negative 0% HEFAS negative ?km web: no specific flood news found for this year
TYSON_FRESH_MEATS_INC-PERRY_0,0,0.0,,1,62.0,2022-12,1,15.2,49.0,-94.12615,41.841953,,0.0,False,0.0,0.0,,Low likelihood. GFM negative 0% HEFAS negative ?km web: no specific flood news found for this year
TYSON_FRESH_MEATS_INC-PERRY_1,0,0.0,,1,63.0,2022-12,1,15.1,49.0,-94.125966,41.840955,,0.0,False,0.0,0.0,,Low likelihood. GFM negative 0% HEFAS negative ?km web: no specific flood news found for this year
TYSON_FRESH_MEATS_INC.,0,0.0,2022-02,1,42.0,2022-12,1,22.7,97.0,-95.886932,41.240212,,0.0,False,0.0,0.0,,Low likelihood. GFM negative 0% HEFAS negative ?km web: no specific flood news found for this year
TYSON_FRESH_MEATS_INC_-_JOSLIN_IL,0,0.0,,1,12.0,2022-12,1,21.2,49.0,-90.22563,41.551506,,0.0,False,0.0,0.0,,Low likelihood. GFM negative 0% HEFAS negative ?km web: no specific flood news found for this year
TYSON_FRESH_MEATS_INC_0,1,6.0,2022-01_2022-02_2022-03_2022-11_2022-12,1,23.0,2022-12,1,28.3,100.0,-96.416954,42.428894,,0.0,False,0.0,0.0,,Medium likelihood. GFM positive 6% HEFAS negative ?km web: no specific flood news found for this year
TYSON_FRESH_MEATS_INC_1,0,0.0,,1,12.0,2022-12,1,21.2,49.0,-90.225652,41.551327,,0.0,False,0.0,0.0,,Low likelihood. GFM negative 0% HEFAS negative ?km web: no specific flood news found for this year
TYSON_FRESH_MEATS_INC_2,0,0.0,,1,52.0,2022-12,1,21.0,49.0,-91.356953,41.29667,,0.0,False,0.0,0.0,,Low likelihood. GFM negative 0% HEFAS negative ?km web: no specific flood news found for this year
TYSON_FRESH_MEATS_INC_3,1,6.0,2022-03_2022-04_2022-05_2022-06_2022-07_2022-10,1,24.0,2022-12,1,50.6,100.0,-101.011656,37.999233,,0.0,False,0.0,0.0,,Medium likelihood. GFM positive 6% HEFAS negative ?km web: no specific flood news found for this year
TYSON_FRESH_MEATS_INC_WWTP,1,6.0,2022-01_2022-02_2022-03_2022-11_2022-12,1,23.0,2022-12,1,28.3,100.0,-96.416954,42.428894,,0.0,False,0.0,0.0,,Medium likelihood. GFM positive 6% HEFAS negative ?km web: no specific flood news found for this year
TYSON_POULTRY_INC.,0,0.0,,1,49.0,2022-12,1,16.1,49.0,-93.161099,35.217613,,0.0,False,0.0,0.0,,Low likelihood. GFM negative 0% HEFAS negative ?km web: no specific flood news found for this year
TYSON_POULTRY_INC._-_PINE_BLUFF_FEED_MILL,1,22.0,2022-03_2022-04_2022-10,1,32.0,2022-12,1,35.6,100.0,-91.93878,34.263918,,0.0,False,0.0,0.0,,Medium likelihood. GFM positive 22% HEFAS negative ?km web: no specific flood news found for this year
TYSON_POULTRY_INC_0,0,0.0,,1,70.0,2022-12,1,11.5,49.0,-93.502426,35.426148,,0.0,False,0.0,0.0,,Low likelihood. GFM negative 0% HEFAS negative ?km web: no specific flood news found for this year
TYSON_POULTRY_INC_1,0,0.0,,1,51.0,2022-12,1,17.8,49.0,-94.329546,35.425248,,0.0,False,0.0,0.0,,Low likelihood. GFM negative 0% HEFAS negative ?km web: no specific flood news found for this year
TYSON_POULTRY_INC_NORTH_LITTLE_ROCK,0,0.0,,1,65.0,2022-12,1,19.9,49.0,-92.223966,34.758352,,0.0,False,0.0,0.0,,Low likelihood. GFM negative 0% HEFAS negative ?km web: no specific flood news found for this year
Tampa_Port_Services,0,0.0,,1,52.0,2022-12,1,22.5,49.0,-90.877052,30.005796,,0.0,False,0.0,0.0,,Low likelihood. GFM negative 0% HEFAS negative ?km web: no specific flood news found for this year
Teepee_Compressor_Station_11-04-074-05W6,1,2.0,2022-04,1,87.0,2022-12,1,9.1,100.0,-119.697222,56.249003,,0.0,False,0.0,0.0,,Medium likelihood. GFM positive 2% HEFAS negative ?km web: no specific flood news found for this year
Tenaris_Bay_City._Inc._0,0,0.0,,1,31.0,2022-12,1,21.5,49.0,-95.888044,29.006282,,0.0,False,0.0,0.0,,Low likelihood. GFM negative 0% HEFAS negative ?km web: no specific flood news found for this year
Tenaris_Bay_City._Inc._1,0,0.0,,1,31.0,2022-12,1,21.5,49.0,-95.888044,29.006282,,0.0,False,0.0,0.0,,Low likelihood. GFM negative 0% HEFAS negative ?km web: no specific flood news found for this year
Terrace_Terminal,1,1.0,2022-06_2022-07,1,68.0,2022-12,1,14.9,100.0,-128.580272,54.512959,,0.0,False,0.0,0.0,,Medium likelihood. GFM positive 1% HEFAS negative ?km web: no specific flood news found for this year
Texas_Gas_Transmission_-_Clarksdale_Station,1,1.0,2022-09,1,1.0,2022-12,1,35.3,78.0,-90.639361,34.196021,,0.0,False,0.0,0.0,,Medium likelihood. GFM positive 1% HEFAS negative ?km web: no specific flood news found for this year
Texas_Gas_Transmission_-_Columbia_Station,0,0.0,2022-01_2022-02,1,39.0,2022-12,1,19.6,70.0,-92.091275,32.154486,,0.0,False,0.0,0.0,,Low likelihood. GFM negative 0% HEFAS negative ?km web: no specific flood news found for this year
Texas_Gas_Transmission_-_Isola_Station,1,13.0,2022-01_2022-02_2022-03_2022-09_2022-10_2022-11_2022-12,1,14.0,2022-12,1,42.0,100.0,-90.620496,33.234847,,0.0,False,0.0,0.0,,Medium likelihood. GFM positive 13% HEFAS negative ?km web: Hurricane Ida Aug 2021 caused severe flooding in Louisiana https://en.wikipedia.org/wiki/Hurricane_Ida
Texas_Gas_Transmission_-_Lake_Cormorant_Station,1,37.0,2022-01_2022-02_2022-03_2022-04_2022-05_2022-06_2022-07_2022-09_2022-10_2022-11_2022-12,1,24.0,2022-12,1,46.7,100.0,-90.166431,34.899176,,0.0,False,0.0,0.0,,Medium likelihood. GFM positive 37% HEFAS negative ?km web: no specific flood news found for this year
The_Pepsi_Bottling_Group-Delta,0,0.0,,1,60.0,2022-12,1,15.2,49.0,-122.94822,49.173519,,0.0,False,0.0,0.0,,Low likelihood. GFM negative 0% HEFAS negative ?km web: no specific flood news found for this year
Thunder_Bay_Terminal,1,2.0,2022-04,1,50.0,2022-12,1,19.0,80.0,-89.245558,48.371011,,0.0,False,0.0,0.0,,Medium likelihood. GFM positive 2% HEFAS negative ?km web: no specific flood news found for this year
ThyssenKrupp_Rasselstein_GmbH,1,2.0,2022-04_2022-05,1,58.0,2022-12,1,16.3,99.0,7.429292,50.433166,,6.0,True,0.0091269841269841,2.0,2.0,High likelihood. GFM positive 2% HEFAS positive 2km web: no specific flood news found for this year
Trans_Austria_Gasleitung_GmbH_0,1,7.0,2022-03_2022-04_2022-05,1,44.0,2022-12,1,29.7,87.0,16.875004,48.316233,,6.0,True,0.0185185185185185,4.0,7.6,High likelihood. GFM positive 7% HEFAS positive 8km web: no specific flood news found for this year
Trans_Austria_Gasleitung_GmbH_1,1,7.0,2022-03_2022-04_2022-05,1,44.0,2022-12,1,29.7,87.0,16.875004,48.316233,,6.0,True,0.0185185185185185,4.0,7.6,High likelihood. GFM positive 7% HEFAS positive 8km web: no specific flood news found for this year
Transcontinental_Vancouver,1,1.0,2022-10_2022-11,1,51.0,2022-12,1,16.8,96.0,-122.965809,49.163615,,0.0,False,0.0,0.0,,Medium likelihood. GFM positive 1% HEFAS negative ?km web: no specific flood news found for this year
Tulsa,0,0.0,,1,50.0,2022-12,1,17.2,49.0,-95.991752,36.112468,,0.0,False,0.0,0.0,,Low likelihood. GFM negative 0% HEFAS negative ?km web: no specific flood news found for this year
Tyson_Fresh_Meats._Inc.-_Dakota_City._NE,1,14.0,2022-01_2022-02_2022-03_2022-04,1,2.0,2022-12,1,35.7,100.0,-96.514278,42.424838,,0.0,False,0.0,0.0,,Medium likelihood. GFM positive 14% HEFAS negative ?km web: no specific flood news found for this year
U.S._STEEL_GRANITE_CITY_WORKS_0,0,0.0,,1,71.0,2022-12,1,14.3,49.0,-90.136626,38.695435,,0.0,False,0.0,0.0,,Low likelihood. GFM negative 0% HEFAS negative ?km web: no specific flood news found for this year
U.S._STEEL_GRANITE_CITY_WORKS_1,0,0.0,,1,71.0,2022-12,1,14.3,49.0,-90.136626,38.695435,,0.0,False,0.0,0.0,,Low likelihood. GFM negative 0% HEFAS negative ?km web: no specific flood news found for this year
UGI_DEVELOPMENT_CO_HUNLOCK_CREEK_ENERGY_CENTER,0,0.0,,1,94.0,2022-12,1,4.7,49.0,-76.070093,41.202063,,0.0,False,0.0,0.0,,Low likelihood. GFM negative 0% HEFAS negative ?km web: no specific flood news found for this year
UMICORE_ELECTRICAL_MATERIALS_USA_INC,0,0.0,,1,77.0,2022-12,1,12.4,49.0,-73.643109,43.297001,,0.0,False,0.0,0.0,,Low likelihood. GFM negative 0% HEFAS negative ?km web: no specific flood news found for this year
UNIFIED_BRANDS_GROEN,0,0.0,,1,78.0,2022-12,1,12.5,49.0,-90.2647,32.166623,,0.0,False,0.0,0.0,,Low likelihood. GFM negative 0% HEFAS negative ?km web: no specific flood news found for this year
UNION_CARBIDE_CORP_SOUTH_CHARLESTON_FACILITY,0,0.0,,1,85.0,2022-12,1,5.8,49.0,-81.683078,38.369257,,0.0,False,0.0,0.0,,Low likelihood. GFM negative 0% HEFAS negative ?km web: no specific flood news found for this year
UNION_TANK_CAR_-_ALEXANDRIA_MANUFACTURING_FACILITY,1,1.0,2022-06_2022-07,1,54.0,2022-12,1,21.1,96.0,-92.525087,31.345318,,0.0,False,0.0,0.0,,Medium likelihood. GFM positive 1% HEFAS negative ?km web: no specific flood news found for this year
UPM-Kymmene_Oyj._Kaukaan_Tuosan_teollisuuskaatopaikka,1,2.0,2022-02,1,36.0,2022-12,1,12.3,97.0,28.251372,61.094338,,0.0,False,-1.0,-1.0,31.3,Medium likelihood. GFM positive 2% HEFAS negative 31km web: no specific flood news found for this year
UPM-Kymmene_Oyj._Kymi,1,4.0,2022-02_2022-03_2022-04,1,72.0,2022-12,1,16.5,100.0,26.664278,60.911199,,0.0,False,-1.0053763440860215,-1.0,71.4,Medium likelihood. GFM positive 4% HEFAS negative 71km web: no specific flood news found for this year
UPPER_ROCK_ISLAND_COUNTY_LANDFILL,0,0.0,,1,50.0,2022-12,1,17.3,49.0,-90.379643,41.536678,,0.0,False,0.0,0.0,,Low likelihood. GFM negative 0% HEFAS negative ?km web: no specific flood news found for this year
USS-CLAIRTON_PLANT_0,0,0.0,,1,88.0,2022-12,1,6.7,49.0,-79.876852,40.305027,,0.0,False,0.0,0.0,,Low likelihood. GFM negative 0% HEFAS negative ?km web: no specific flood news found for this year
USS-CLAIRTON_PLANT_1,0,0.0,,1,88.0,2022-12,1,6.7,49.0,-79.876852,40.305027,,0.0,False,0.0,0.0,,Low likelihood. GFM negative 0% HEFAS negative ?km web: no specific flood news found for this year
USS-UPI_LLC_0,0,0.0,,1,36.0,2022-12,1,21.4,49.0,-121.872773,38.027985,,0.0,False,0.0,0.0,,Low likelihood. GFM negative 0% HEFAS negative ?km web: no specific flood news found for this year
USS-UPI_LLC_1,0,0.0,,1,36.0,2022-12,1,21.4,49.0,-121.872773,38.027985,,0.0,False,0.0,0.0,,Low likelihood. GFM negative 0% HEFAS negative ?km web: no specific flood news found for this year
USS_MON_VALLEY_WORKS_-_EDGAR_THOMSON_PLANT_0,0,0.0,,1,90.0,2022-12,1,5.2,49.0,-79.863362,40.395912,,0.0,False,0.0,0.0,,Low likelihood. GFM negative 0% HEFAS negative ?km web: no specific flood news found for this year
USS_MON_VALLEY_WORKS_-_EDGAR_THOMSON_PLANT_1,0,0.0,,1,90.0,2022-12,1,5.2,49.0,-79.863362,40.395912,,0.0,False,0.0,0.0,,Low likelihood. GFM negative 0% HEFAS negative ?km web: no specific flood news found for this year
US_STEEL_CORP_GREAT_LAKES_WORKS_0,0,0.0,,1,53.0,2022-12,1,12.5,49.0,-83.110289,42.277422,,0.0,False,0.0,0.0,,Low likelihood. GFM negative 0% HEFAS negative ?km web: no specific flood news found for this year
US_STEEL_CORP_GREAT_LAKES_WORKS_1,0,0.0,,1,53.0,2022-12,1,12.5,49.0,-83.110289,42.277422,,0.0,False,0.0,0.0,,Low likelihood. GFM negative 0% HEFAS negative ?km web: no specific flood news found for this year
US_Steel_-_Great_Lakes_Works_0,0,0.0,,1,68.0,2022-12,1,14.9,49.0,-83.138588,42.258125,,0.0,False,0.0,0.0,,Low likelihood. GFM negative 0% HEFAS negative ?km web: no specific flood news found for this year
US_Steel_-_Great_Lakes_Works_1,0,0.0,,1,68.0,2022-12,1,14.9,49.0,-83.138588,42.258125,,0.0,False,0.0,0.0,,Low likelihood. GFM negative 0% HEFAS negative ?km web: no specific flood news found for this year
U_S_SMOKELESS_TOBACCO_CO,0,0.0,,1,81.0,2022-12,1,8.4,49.0,-86.788356,36.168554,,0.0,False,0.0,0.0,,Low likelihood. GFM negative 0% HEFAS negative ?km web: no specific flood news found for this year
Uncle_Tobys_0,1,5.0,2022-01_2022-02_2022-03_2022-04_2022-08_2022-09_2022-11,1,35.0,2022-12,1,30.6,100.0,146.408707,-36.012608,,0.0,False,0.0,0.0,,Medium likelihood. GFM positive 5% HEFAS negative ?km web: NE Victoria/Wahgunyah floods May 2019 (DisasterAssist) https://www.disasterassist.gov.au/Pages/disasters/current-disasters/Victoria/victoria-storms-floods-08082019.aspx
Uncle_Tobys_1,1,5.0,2022-01_2022-02_2022-03_2022-04_2022-08_2022-09_2022-11,1,35.0,2022-12,1,30.6,100.0,146.408707,-36.012608,,0.0,False,0.0,0.0,,Medium likelihood. GFM positive 5% HEFAS negative ?km web: NE Victoria/Wahgunyah floods May 2019 (DisasterAssist) https://www.disasterassist.gov.au/Pages/disasters/current-disasters/Victoria/victoria-storms-floods-08082019.aspx
Uncle_Tobys_2,1,5.0,2022-01_2022-02_2022-03_2022-04_2022-08_2022-09_2022-11,1,35.0,2022-12,1,30.6,100.0,146.408707,-36.012608,,0.0,False,0.0,0.0,,Medium likelihood. GFM positive 5% HEFAS negative ?km web: NE Victoria/Wahgunyah floods May 2019 (DisasterAssist) https://www.disasterassist.gov.au/Pages/disasters/current-disasters/Victoria/victoria-storms-floods-08082019.aspx
Unilever_Deutschland_Produktions_GmbH_Co_OHG,0,0.0,,1,71.0,2022-12,1,14.2,49.0,8.511309,49.44108,,0.0,False,0.0,0.0,5.5,Low likelihood. GFM negative 0% HEFAS negative 6km web: no specific flood news found for this year
Unilever_Italia_Manufacturing_S.r.l.,1,12.0,2022-04_2022-05_2022-07,1,8.0,2022-12,1,32.6,100.0,11.154966,45.174641,,30.0,True,0.1129629629629629,4.0,38.3,High likelihood. GFM positive 12% HEFAS positive 38km web: Po Valley high water mid-Nov 2019 (Rovigo cleanup 2019-11-18) https://video.storyful.com/record/467
Urquhart,0,0.0,,1,82.0,2022-12,1,11.8,49.0,-81.911072,33.434995,,0.0,False,0.0,0.0,,Low likelihood. GFM negative 0% HEFAS negative ?km web: no specific flood news found for this year
Usine_Alma_0,1,1.0,2022-03_2022-04,1,79.0,2022-12,1,12.0,82.0,-71.688876,48.58375,,0.0,False,0.0,0.0,,Medium likelihood. GFM positive 1% HEFAS negative ?km web: no specific flood news found for this year
Usine_Alma_1,1,1.0,2022-03_2022-04,1,79.0,2022-12,1,12.0,82.0,-71.688876,48.58375,,0.0,False,0.0,0.0,,Medium likelihood. GFM positive 1% HEFAS negative ?km web: no specific flood news found for this year
Usine_Alma_2,1,1.0,2022-03_2022-04,1,79.0,2022-12,1,12.0,82.0,-71.688876,48.58375,,0.0,False,0.0,0.0,,Medium likelihood. GFM positive 1% HEFAS negative ?km web: no specific flood news found for this year
Usine_de_B_cancour,1,4.0,2022-03_2022-04_2022-06,1,63.0,2022-12,1,26.9,100.0,-72.373508,46.384094,,0.0,False,0.0,0.0,,Medium likelihood. GFM positive 4% HEFAS negative ?km web: no specific flood news found for this year
Usine_de_Beauharnois_0,1,3.0,2022-02,1,44.0,2022-12,1,15.6,100.0,-73.892197,45.308662,,0.0,False,0.0,0.0,,Medium likelihood. GFM positive 3% HEFAS negative ?km web: no specific flood news found for this year
Usine_de_Beauharnois_1,1,3.0,2022-02,1,44.0,2022-12,1,15.6,100.0,-73.892197,45.308662,,0.0,False,0.0,0.0,,Medium likelihood. GFM positive 3% HEFAS negative ?km web: no specific flood news found for this year
Usine_de_Beauharnois_2,1,3.0,2022-02,1,44.0,2022-12,1,15.6,100.0,-73.892197,45.308662,,0.0,False,0.0,0.0,,Medium likelihood. GFM positive 3% HEFAS negative ?km web: no specific flood news found for this year
Usine_de_Tracy,0,0.0,,1,64.0,2022-12,1,14.6,49.0,-73.134549,46.028757,,0.0,False,0.0,0.0,,Low likelihood. GFM negative 0% HEFAS negative ?km web: no specific flood news found for this year
VALERO_DONALDSONVILLE_ASPHALT_TERMINAL,0,0.0,,1,44.0,2022-12,1,21.0,49.0,-90.918167,30.100424,,0.0,False,0.0,0.0,,Low likelihood. GFM negative 0% HEFAS negative ?km web: no specific flood news found for this year
VALERO_ENERGY_PARTNERS_THREE_RIVERS,0,0.0,2022-07_2022-08,1,54.0,2022-12,1,22.7,83.0,-98.19029,28.456665,,0.0,False,0.0,0.0,,Low likelihood. GFM negative 0% HEFAS negative ?km web: no specific flood news found for this year
VALERO_LOUISVILLE_TERMINAL,0,0.0,2022-01,1,58.0,2022-12,1,16.0,87.0,-85.833724,38.223408,,0.0,False,0.0,0.0,,Low likelihood. GFM negative 0% HEFAS negative ?km web: no specific flood news found for this year
VALERO_PARTNERS_LA_LLC-_TERMINAL,0,0.0,,1,61.0,2022-12,1,18.0,49.0,-90.392814,29.98125,,0.0,False,0.0,0.0,,Low likelihood. GFM negative 0% HEFAS negative ?km web: no specific flood news found for this year
VALERO_REFINING_-_NEW_ORLEANS_LLC,0,0.0,,1,60.0,2022-12,1,17.7,49.0,-90.392771,29.985224,,0.0,False,0.0,0.0,,Low likelihood. GFM negative 0% HEFAS negative ?km web: no specific flood news found for this year
VALERO_REFINING_CO_-_TENNESSEE_L.L.C.,0,0.0,,1,71.0,2022-12,1,15.7,49.0,-90.083388,35.085883,,0.0,False,0.0,0.0,,Low likelihood. GFM negative 0% HEFAS negative ?km web: no specific flood news found for this year
VALERO_THREE_RIVERS_REFINERY,0,0.0,2022-07_2022-08,1,54.0,2022-12,1,22.7,83.0,-98.19029,28.456665,,0.0,False,0.0,0.0,,Low likelihood. GFM negative 0% HEFAS negative ?km web: no specific flood news found for this year
VALLOUREC_STAR_LP,1,2.0,2022-04_2022-05,1,31.0,2022-12,1,22.5,98.0,-95.302104,35.793024,,0.0,False,0.0,0.0,,Medium likelihood. GFM positive 2% HEFAS negative ?km web: no specific flood news found for this year
VALMONT_COATINGS_GATEWAY_GALVANIZING,1,1.0,2022-10,1,59.0,2022-12,1,14.4,96.0,-85.668291,38.327829,,0.0,False,0.0,0.0,,Medium likelihood. GFM positive 1% HEFAS negative ?km web: no specific flood news found for this year
VALMONT_COATINGS_INC_DBA_SIOUXLAND_GALVANIZING_CORP.,1,4.0,2022-01_2022-02_2022-03_2022-12,1,32.0,2022-12,1,22.3,95.0,-96.380744,42.431025,,0.0,False,0.0,0.0,,Medium likelihood. GFM positive 4% HEFAS negative ?km web: no specific flood news found for this year
VALMONT_NEWMARK,0,0.0,2022-02,1,67.0,2022-12,1,13.1,86.0,-85.644117,35.046481,,0.0,False,0.0,0.0,,Low likelihood. GFM negative 0% HEFAS negative ?km web: no specific flood news found for this year
VALMONT_NEWMARK_INC,1,12.0,2022-01_2022-02_2022-03_2022-08_2022-09_2022-10_2022-11_2022-12,1,19.0,2022-12,1,32.3,100.0,-97.291127,41.430387,,0.0,False,0.0,0.0,,Medium likelihood. GFM positive 12% HEFAS negative ?km web: no specific flood news found for this year
VALMONT_PITTSBURGH_GALVANIZING,0,0.0,,1,82.0,2022-12,1,6.3,49.0,-80.446485,40.632689,,0.0,False,0.0,0.0,,Low likelihood. GFM negative 0% HEFAS negative ?km web: no specific flood news found for this year
VANCOUVER_INTERNATIONAL_AIRPORT,0,0.0,2022-12,1,35.0,2022-12,1,22.3,100.0,-123.168938,49.184948,,0.0,False,0.0,0.0,,Low likelihood. GFM negative 0% HEFAS negative ?km web: no specific flood news found for this year
VANCOUVER_PAINT_SHOP,0,0.0,,1,34.0,2022-12,1,23.7,49.0,-123.166613,49.192862,,0.0,False,0.0,0.0,,Low likelihood. GFM negative 0% HEFAS negative ?km web: no specific flood news found for this year
VANCOUVER_SILVERTREE_DIVISION,0,0.0,,1,68.0,2022-12,1,12.6,49.0,-123.12221,49.204934,,0.0,False,0.0,0.0,,Low likelihood. GFM negative 0% HEFAS negative ?km web: no specific flood news found for this year
VEOLIA_BURNSIDE_PLANT,0,0.0,,1,47.0,2022-12,1,21.4,49.0,-90.912689,30.125327,,0.0,False,0.0,0.0,,Low likelihood. GFM negative 0% HEFAS negative ?km web: no specific flood news found for this year
VEOLIA_ES_TECHNICAL_SOLUTIONS_LLC,0,0.0,,1,69.0,2022-12,1,20.7,49.0,-90.185469,38.594494,,0.0,False,0.0,0.0,,Low likelihood. GFM negative 0% HEFAS negative ?km web: no specific flood news found for this year
VEOLIA_FORT_HILL_PLANT,0,0.0,2022-02,1,76.0,2022-12,1,11.2,100.0,-84.796104,39.115292,,0.0,False,0.0,0.0,,Low likelihood. GFM negative 0% HEFAS negative ?km web: no specific flood news found for this year
VEOLIA_JAMES_RIVER_PLANT,0,0.0,,1,79.0,2022-12,1,9.3,49.0,-77.408885,37.416945,,0.0,False,0.0,0.0,,Low likelihood. GFM negative 0% HEFAS negative ?km web: no specific flood news found for this year
VEOLIA_WURTLAND_PLANT,1,2.0,2022-05,1,7.0,2022-12,1,12.5,100.0,-82.789154,38.555551,,0.0,False,0.0,0.0,,Medium likelihood. GFM positive 2% HEFAS negative ?km web: no specific flood news found for this year
VERBUND_Thermal_Power_GmbH_Co_KG_0,1,3.0,2022-02_2022-03_2022-05,1,14.0,2022-12,1,36.4,98.0,15.923339,48.326097,,6.0,True,0.0183393070489844,2.0,28.9,High likelihood. GFM positive 3% HEFAS positive 29km web: no specific flood news found for this year
VERBUND_Thermal_Power_GmbH_Co_KG_1,0,0.0,,1,56.0,2022-12,1,15.2,49.0,15.488391,46.911683,,8.0,True,0.0313620071684587,4.0,1.1,Medium likelihood. GFM negative 0% HEFAS positive 1km web: no specific flood news found for this year
VERBUND_Thermal_Power_GmbH_Co_KG_2,0,0.0,,1,53.0,2022-12,1,19.7,49.0,16.339237,48.331378,,8.0,True,0.0240143369175627,4.0,0.6,Medium likelihood. GFM negative 0% HEFAS positive 1km web: no specific flood news found for this year
VERBUND_Thermal_Power_GmbH_Co_KG_in_Liqu._0,0,0.0,,1,48.0,2022-12,1,16.4,49.0,15.48358,46.908859,,8.0,True,0.0313620071684587,4.0,1.0,Medium likelihood. GFM negative 0% HEFAS positive 1km web: no specific flood news found for this year
VERBUND_Thermal_Power_GmbH_Co_KG_in_Liqu._1,1,3.0,2022-02_2022-03_2022-05,1,14.0,2022-12,1,36.4,98.0,15.923339,48.326097,,6.0,True,0.0183393070489844,2.0,28.9,High likelihood. GFM positive 3% HEFAS positive 29km web: no specific flood news found for this year
VERO_ROSEVEAR_03-19_06-18_-054-15W5,1,5.0,2022-03,1,56.0,2022-12,1,20.3,100.0,-116.203259,53.67421,,0.0,False,0.0,0.0,,Medium likelihood. GFM positive 5% HEFAS negative ?km web: no specific flood news found for this year
VERSAFLEX,0,0.0,,1,63.0,2022-12,1,13.9,49.0,-94.613832,39.08663,,0.0,False,0.0,0.0,,Low likelihood. GFM negative 0% HEFAS negative ?km web: no specific flood news found for this year
VERTEX_REFINING_LA_LLC,0,0.0,,1,49.0,2022-12,1,18.6,49.0,-90.102032,29.905314,,0.0,False,0.0,0.0,,Low likelihood. GFM negative 0% HEFAS negative ?km web: no specific flood news found for this year
VIRGINIA_CONCRETE-SOUTHWEST_DC_PLANT,0,0.0,,1,52.0,2022-12,1,8.6,49.0,-77.00914,38.868178,,0.0,False,0.0,0.0,,Low likelihood. GFM negative 0% HEFAS negative ?km web: no specific flood news found for this year
VULCAN_MATERIALS_CO_0,1,1.0,2022-02,1,52.0,2022-12,1,22.2,70.0,-111.857895,33.455663,,0.0,False,0.0,0.0,,Medium likelihood. GFM positive 1% HEFAS negative ?km web: no specific flood news found for this year
VULCAN_MATERIALS_CO_1,1,16.0,2022-01_2022-02_2022-03_2022-04_2022-05_2022-06_2022-07_2022-08_2022-09_2022-10_2022-11_2022-12,1,20.0,2022-12,1,34.7,100.0,-112.340525,33.398356,,0.0,False,0.0,0.0,,Medium likelihood. GFM positive 16% HEFAS negative ?km web: no specific flood news found for this year
V_sterbyholm._kolaskeupplag,0,0.0,,1,46.0,2022-12,1,21.3,49.0,16.198354,58.620647,,16.0,True,0.0035244922341696,5.0,18.9,Medium likelihood. GFM negative 0% HEFAS positive 19km web: no specific flood news found for this year
Vancouver_acetylene_plant,0,0.0,,1,70.0,2022-12,1,11.5,49.0,-123.10999,49.207648,,0.0,False,0.0,0.0,,Low likelihood. GFM negative 0% HEFAS negative ?km web: no specific flood news found for this year
Vectren_Energy_Delivery_of_Ohio,1,4.0,2022-01_2022-02_2022-03,1,43.0,2022-12,1,15.9,100.0,-87.57541,37.973396,,0.0,False,0.0,0.0,,Medium likelihood. GFM positive 4% HEFAS negative ?km web: no specific flood news found for this year
Venice,0,0.0,,1,52.0,2022-12,1,22.0,49.0,-90.176278,38.66427,,0.0,False,0.0,0.0,,Low likelihood. GFM negative 0% HEFAS negative ?km web: no specific flood news found for this year
Veolia_ES_Canada_Industrial_Services_Inc.,1,3.0,2022-05_2022-10,1,7.0,2022-12,1,30.3,94.0,-82.189557,42.341776,,0.0,False,0.0,0.0,,Medium likelihood. GFM positive 3% HEFAS negative ?km web: no specific flood news found for this year
Veolia_Environmental_Services_BE,0,0.0,,1,70.0,2022-12,1,19.1,49.0,4.395811,51.270403,,0.0,False,-1.6666666666666667,-1.0,25.9,Low likelihood. GFM negative 0% HEFAS negative 26km web: no specific flood news found for this year
Veolia_Keskkonnateenused_AS._T_he_108_j_tmejaam,1,4.0,2022-02_2022-04_2022-05,1,46.0,2022-12,1,23.8,100.0,26.732677,58.349959,,4.0,True,0.007168458781362,2.0,3.4,High likelihood. GFM positive 4% HEFAS positive 3km web: no specific flood news found for this year
Victor_Sweet_Gas_Plant_06-17-071-01W5,0,0.0,2022-05,1,53.0,2022-12,1,21.6,95.0,-114.118951,55.145653,,0.0,False,0.0,0.0,,Low likelihood. GFM negative 0% HEFAS negative ?km web: no specific flood news found for this year
Villeroy_Boch_Magyarorsz_g_Kft.,1,31.0,2022-02_2022-03_2022-04_2022-05_2022-06_2022-07,1,24.0,2022-12,1,41.2,100.0,20.366398,46.412339,,0.0,False,-0.3333333333333333,0.0,24.3,Medium likelihood. GFM positive 31% HEFAS negative 24km web: no specific flood news found for this year
Volvo_Lastvagnar_AB._Ume,1,9.0,2022-03_2022-04,1,47.0,2022-12,1,25.8,98.0,20.218649,63.823014,,3.0,True,-0.0254480286738351,2.0,33.5,High likelihood. GFM positive 9% HEFAS positive 34km web: no specific flood news found for this year
W.A._PARISH_ELECTRIC_GENERATING_STATION,0,0.0,,1,24.0,2022-12,1,13.8,49.0,-95.635735,29.478287,,0.0,False,0.0,0.0,,Low likelihood. GFM negative 0% HEFAS negative ?km web: no specific flood news found for this year
WABASH_NATIONAL,0,0.0,,1,45.0,2022-12,1,20.7,49.0,-94.368582,45.981358,,0.0,False,0.0,0.0,,Low likelihood. GFM negative 0% HEFAS negative ?km web: no specific flood news found for this year
WACKER_CHEMICAL_CORP_POLYMERS_DIV,0,0.0,2022-10,1,67.0,2022-12,1,18.6,81.0,-88.349241,37.044715,,0.0,False,0.0,0.0,,Low likelihood. GFM negative 0% HEFAS negative ?km web: no specific flood news found for this year
WACO_HOT_MIX_PLANT,1,3.0,2022-03_2022-04_2022-06_2022-07_2022-08,1,43.0,2022-12,1,26.0,83.0,-97.079362,31.530547,,0.0,False,0.0,0.0,,Medium likelihood. GFM positive 3% HEFAS negative ?km web: no specific flood news found for this year
WASTE_MANAGEMENT_OF_LA_LLC_RELIABLE_LANDFILL,1,1.0,2022-04,1,47.0,2022-12,1,25.1,88.0,-91.530605,30.576542,,0.0,False,0.0,0.0,,Medium likelihood. GFM positive 1% HEFAS negative ?km web: no specific flood news found for this year
WASTE_MANAGEMENT_OF_TUNICA_LANDFILL_INC,1,4.0,2022-01_2022-02_2022-11_2022-12,0,0.0,2022-12,1,30.6,98.0,-90.248237,34.787682,,0.0,False,0.0,0.0,,Medium likelihood. GFM positive 4% HEFAS negative ?km web: no specific flood news found for this year
WASTE_MGMT_OF_OK_EAST_OAK_LNDFLL,0,0.0,,1,50.0,2022-12,1,16.2,49.0,-97.418811,35.508525,,0.0,False,0.0,0.0,,Low likelihood. GFM negative 0% HEFAS negative ?km web: no specific flood news found for this year
WATERFORD_1-3_COMPLEX,0,0.0,,1,55.0,2022-12,1,18.0,49.0,-90.476874,30.00047,,0.0,False,0.0,0.0,,Low likelihood. GFM negative 0% HEFAS negative ?km web: no specific flood news found for this year
WENATCHEE_SAND_GRAVEL,0,0.0,,1,79.0,2022-12,1,10.0,49.0,-120.299692,47.406284,,0.0,False,0.0,0.0,,Low likelihood. GFM negative 0% HEFAS negative ?km web: no specific flood news found for this year
WESTLAKE_PVC_CORP,0,0.0,2022-10,1,67.0,2022-12,1,18.1,75.0,-88.350654,37.045845,,0.0,False,0.0,0.0,,Low likelihood. GFM negative 0% HEFAS negative ?km web: no specific flood news found for this year
WESTLAKE_VINYLS_CO,0,0.0,,1,57.0,2022-12,1,17.4,49.0,-91.011043,30.208598,,0.0,False,0.0,0.0,,Low likelihood. GFM negative 0% HEFAS negative ?km web: no specific flood news found for this year
WESTLAKE_VINYLS_INC_0,1,6.0,2022-01_2022-02_2022-03_2022-09_2022-10,1,62.0,2022-12,1,21.1,100.0,-88.334068,37.051047,,0.0,False,0.0,0.0,,Medium likelihood. GFM positive 6% HEFAS negative ?km web: no specific flood news found for this year
WESTLAKE_VINYLS_INC_1,1,8.0,2022-01_2022-02_2022-03_2022-09_2022-10,1,59.0,2022-12,1,22.4,100.0,-88.327065,37.046577,,0.0,False,0.0,0.0,,Medium likelihood. GFM positive 8% HEFAS negative ?km web: no specific flood news found for this year
WESTROCK_CHATTANOOGA_TN_MILL,0,0.0,,1,76.0,2022-12,1,9.9,49.0,-85.323294,35.061291,,0.0,False,0.0,0.0,,Low likelihood. GFM negative 0% HEFAS negative ?km web: no specific flood news found for this year
WESTROCK_CONVERTING_CO_LLC_STROUDSBURG_MILL,0,0.0,,1,92.0,2022-12,1,11.0,49.0,-75.146472,40.999317,,0.0,False,0.0,0.0,,Low likelihood. GFM negative 0% HEFAS negative ?km web: no specific flood news found for this year
WESTROCK_CP_LLC,1,17.0,2022-02,1,61.0,2022-12,1,24.0,100.0,-81.862996,40.279836,,0.0,False,0.0,0.0,,Medium likelihood. GFM positive 17% HEFAS negative ?km web: no specific flood news found for this year
WESTROCK_KRAFT_PAPER_LLC,0,0.0,,1,47.0,2022-12,1,12.5,49.0,-77.643155,36.47608,,0.0,False,0.0,0.0,,Low likelihood. GFM negative 0% HEFAS negative ?km web: no specific flood news found for this year
WESTROCK_LONGVIEW_LLC_0,1,1.0,2022-03_2022-04_2022-05_2022-06_2022-07_2022-08_2022-09_2022-10_2022-11,1,37.0,2022-12,1,19.2,100.0,-122.921787,46.10362,,0.0,False,0.0,0.0,,Medium likelihood. GFM positive 1% HEFAS negative ?km web: no specific flood news found for this year
WESTROCK_LONGVIEW_LLC_1,0,0.0,,1,37.0,2022-12,1,19.3,49.0,-122.92661,46.107507,,0.0,False,0.0,0.0,,Low likelihood. GFM negative 0% HEFAS negative ?km web: no specific flood news found for this year
WESTROCK_MILL_CO_LLC,0,0.0,,1,74.0,2022-12,1,10.3,49.0,-87.977089,32.453803,,0.0,False,0.0,0.0,,Low likelihood. GFM negative 0% HEFAS negative ?km web: no specific flood news found for this year
WESTROCK_SEVEN_HILLS_LLC,0,0.0,,1,95.0,2022-12,1,4.3,49.0,-79.127619,37.403322,,0.0,False,0.0,0.0,,Low likelihood. GFM negative 0% HEFAS negative ?km web: no specific flood news found for this year
WESTSIDE_GALVANIZING_SERVICES_INC,0,0.0,,1,28.0,2022-12,1,22.0,49.0,-91.226851,30.499256,,0.0,False,0.0,0.0,,Low likelihood. GFM negative 0% HEFAS negative ?km web: no specific flood news found for this year
WEYERHAEUSER_NR,0,0.0,,0,0.0,,0,0.0,0.0,-114.287486,48.23015,,0.0,False,0.0,0.0,,Low likelihood. GFM negative 0% HEFAS negative ?km web: no specific flood news found for this year
WEYERHAEUSER_NR_-_LONGVIEW_LUMBER,0,0.0,,1,48.0,2022-12,1,17.1,49.0,-122.970986,46.125796,,0.0,False,0.0,0.0,,Low likelihood. GFM negative 0% HEFAS negative ?km web: no specific flood news found for this year
WEYERHAEUSER_NR_CO_-_LUMBER_TECHNOLOGIES,0,0.0,,1,70.0,2022-12,1,13.1,49.0,-76.79055,35.85881,,0.0,False,0.0,0.0,,Low likelihood. GFM negative 0% HEFAS negative ?km web: no specific flood news found for this year
WHEATLAND_CONCRETE,1,1.0,2022-01_2022-05_2022-07,1,49.0,2022-12,1,25.3,100.0,-123.028824,45.093649,,0.0,False,0.0,0.0,,Medium likelihood. GFM positive 1% HEFAS negative ?km web: no specific flood news found for this year
WIENERBERGER_0,1,1.0,2022-01_2022-04_2022-05,1,32.0,2022-12,1,21.2,87.0,5.793835,51.10186,,0.0,False,-2.0,-2.0,6.4,Medium likelihood. GFM positive 1% HEFAS negative 6km web: no specific flood news found for this year
WIENERBERGER_1,1,2.0,2022-01,1,61.0,2022-12,1,21.2,98.0,4.411678,51.08123,,0.0,False,-1.3333333333333333,-1.0,13.8,Medium likelihood. GFM positive 2% HEFAS negative 14km web: no specific flood news found for this year
WIENERBERGER_2,1,1.0,2022-01_2022-04_2022-05,1,33.0,2022-12,1,20.9,87.0,5.7957,51.102347,,0.0,False,-2.0,-2.0,6.3,Medium likelihood. GFM positive 1% HEFAS negative 6km web: no specific flood news found for this year
WIENERBERGER_SAS_0,1,1.0,2022-04,1,38.0,2022-12,1,21.4,100.0,4.930432,44.01011,,0.0,False,-1.0,-1.0,33.3,Medium likelihood. GFM positive 1% HEFAS negative 33km web: no specific flood news found for this year
WIENERBERGER_SAS_1,0,0.0,,1,63.0,2022-12,1,21.1,49.0,-0.246994,47.671294,,0.0,False,-1.0,-1.0,0.2,Low likelihood. GFM negative 0% HEFAS negative 0km web: no specific flood news found for this year
WIENERBERGER_Zrt._0,1,1.0,2022-05,1,22.0,2022-12,1,23.9,97.0,17.239682,47.608094,,11.0,True,-0.0228195937873357,4.0,35.3,High likelihood. GFM positive 1% HEFAS positive 35km web: no specific flood news found for this year
WIENERBERGER_Zrt._1,1,40.0,2022-03_2022-04_2022-05_2022-06_2022-07,1,10.0,2022-12,1,45.9,100.0,21.387437,47.930812,,49.0,True,0.2459549411162314,4.0,25.0,High likelihood. GFM positive 40% HEFAS positive 25km web: no specific flood news found for this year
WOODENHOUSE_01-29-086-23W4,0,0.0,,1,44.0,2022-12,1,21.3,49.0,-113.591011,56.480924,,0.0,False,0.0,0.0,,Low likelihood. GFM negative 0% HEFAS negative ?km web: no specific flood news found for this year
WOODENHOUSE_04-29-086-23W4,0,0.0,,1,21.0,2022-12,1,22.7,49.0,-113.610487,56.480921,,0.0,False,0.0,0.0,,Low likelihood. GFM negative 0% HEFAS negative ?km web: no specific flood news found for this year
WOODENHOUSE_100_06-20-086-23W400,0,0.0,,1,36.0,2022-12,1,21.3,49.0,-113.604129,56.469891,,0.0,False,0.0,0.0,,Low likelihood. GFM negative 0% HEFAS negative ?km web: no specific flood news found for this year
WOODENHOUSE_102_06-29-086-23W4_00,0,0.0,,1,25.0,2022-12,1,22.5,49.0,-113.604019,56.4845,,0.0,False,0.0,0.0,,Low likelihood. GFM negative 0% HEFAS negative ?km web: no specific flood news found for this year
WOODENHOUSE_11-17-086-23W4,0,0.0,,1,47.0,2022-12,1,20.3,49.0,-113.604022,56.459073,,0.0,False,0.0,0.0,,Low likelihood. GFM negative 0% HEFAS negative ?km web: no specific flood news found for this year
WOODENHOUSE_13-29-86-23W4,0,0.0,,1,11.0,2022-12,1,22.9,49.0,-113.610597,56.491739,,0.0,False,0.0,0.0,,Low likelihood. GFM negative 0% HEFAS negative ?km web: no specific flood news found for this year
WOODENHOUSE_2-17-086-23W4,0,0.0,,1,55.0,2022-12,1,19.5,49.0,-113.597451,56.451833,,0.0,False,0.0,0.0,,Low likelihood. GFM negative 0% HEFAS negative ?km web: no specific flood news found for this year
WOODENHOUSE_2-5-87-23W4,0,0.0,,1,7.0,2022-12,1,22.7,49.0,-113.627935,56.507796,,0.0,False,0.0,0.0,,Low likelihood. GFM negative 0% HEFAS negative ?km web: no specific flood news found for this year
WOODENHOUSE_9-20-086-23W4,0,0.0,,1,47.0,2022-12,1,20.5,49.0,-113.591013,56.473489,,0.0,False,0.0,0.0,,Low likelihood. GFM negative 0% HEFAS negative ?km web: no specific flood news found for this year
WOODENHOUSE_P30_16-29-086-23W4,0,0.0,,1,35.0,2022-12,1,21.8,49.0,-113.591115,56.491742,,0.0,False,0.0,0.0,,Low likelihood. GFM negative 0% HEFAS negative ?km web: no specific flood news found for this year
WOODENHOUSE_P32_09-32-086-23W4,0,0.0,,1,36.0,2022-12,1,21.7,49.0,-113.591062,56.50258,,0.0,False,0.0,0.0,,Low likelihood. GFM negative 0% HEFAS negative ?km web: no specific flood news found for this year
WOODENHOUSE_PAD_17_12-29-86-23W4,0,0.0,,1,13.0,2022-12,1,23.0,49.0,-113.610573,56.488162,,0.0,False,0.0,0.0,,Low likelihood. GFM negative 0% HEFAS negative ?km web: no specific flood news found for this year
WORTHINGTON_CYLINDERS_KANSAS_LLC,1,12.0,2022-02_2022-04_2022-09_2022-10_2022-11,1,12.0,2022-12,1,34.7,100.0,-97.481372,37.783926,,0.0,False,0.0,0.0,,Medium likelihood. GFM positive 12% HEFAS negative ?km web: no specific flood news found for this year
WORTHINGTON_INDUSTRIES_PADUCAH,0,0.0,2022-01,1,70.0,2022-12,1,21.0,74.0,-88.568759,37.048317,,0.0,False,0.0,0.0,,Low likelihood. GFM negative 0% HEFAS negative ?km web: no specific flood news found for this year
W_A_Parish,0,0.0,,1,24.0,2022-12,1,13.8,49.0,-95.635735,29.478287,,0.0,False,0.0,0.0,,Low likelihood. GFM negative 0% HEFAS negative ?km web: no specific flood news found for this year
Wacker_Chemie_AG,0,0.0,,1,65.0,2022-12,1,18.9,49.0,6.951635,51.021397,,17.0,True,-0.0022700119474313,2.0,6.3,Medium likelihood. GFM negative 0% HEFAS positive 6km web: no specific flood news found for this year
Wapiti_Compressor_Station_06-10-069-10W6,0,0.0,,1,89.0,2022-12,1,8.5,49.0,-119.43878,54.958823,,0.0,False,0.0,0.0,,Low likelihood. GFM negative 0% HEFAS negative ?km web: no specific flood news found for this year
Waterford_1_2,0,0.0,,1,55.0,2022-12,1,17.9,49.0,-90.475843,29.999486,,0.0,False,0.0,0.0,,Low likelihood. GFM negative 0% HEFAS negative ?km web: no specific flood news found for this year
Weleetka_Power_Station,0,0.0,,1,75.0,2022-12,1,18.6,49.0,-96.13602,35.324601,,0.0,False,0.0,0.0,,Low likelihood. GFM negative 0% HEFAS negative ?km web: no specific flood news found for this year
West_Windsor_Power,0,0.0,,1,29.0,2022-12,1,12.9,49.0,-83.087642,42.280657,,0.0,False,0.0,0.0,,Low likelihood. GFM negative 0% HEFAS negative ?km web: no specific flood news found for this year
Whitecap_Grouard_02-13-075-15W5M,1,36.0,2022-03_2022-04_2022-05_2022-09_2022-11_2022-12,1,38.0,2022-12,1,46.6,100.0,-116.186433,55.491185,,0.0,False,0.0,0.0,,Medium likelihood. GFM positive 36% HEFAS negative ?km web: No clear local flood reports for this year; possible ice-jam/ponding.
Whitecap_Grouard_07-18-075-15W5M,1,67.0,2022-03_2022-06_2022-07_2022-10_2022-11_2022-12,1,11.0,2022-12,1,68.1,100.0,-116.320018,55.494684,,0.0,False,0.0,0.0,,Medium likelihood. GFM positive 67% HEFAS negative ?km web: No clear local flood reports for this year; possible ice-jam/ponding.
Whitehorse_International_Airport,0,0.0,2022-04_2022-10_2022-11,1,68.0,2022-12,1,13.5,100.0,-135.070454,60.712609,,0.0,False,0.0,0.0,,Low likelihood. GFM negative 0% HEFAS negative ?km web: no specific flood news found for this year
Wienerberger_Ltd,1,35.0,2022-04_2022-05_2022-06_2022-07_2022-08_2022-09,1,7.0,2022-12,1,50.0,100.0,-0.698808,53.736636,,0.0,False,-2.0,-2.0,5.2,Medium likelihood. GFM positive 35% HEFAS negative 5km web: no specific flood news found for this year
Wienerberger_T_glaipari_Zrt.,1,42.0,2022-01_2022-02_2022-03_2022-04_2022-05_2022-06_2022-07_2022-08_2022-09_2022-10_2022-11,1,1.0,2022-12,1,49.6,100.0,20.588292,47.01521,,9.0,True,-0.6505376344086021,2.0,11.6,High likelihood. GFM positive 42% HEFAS positive 12km web: no specific flood news found for this year
Wilga_Park_Power_Station,1,5.0,2022-05_2022-09_2022-10_2022-11,1,8.0,2022-12,1,26.8,100.0,149.403043,-30.213964,,0.0,False,0.0,0.0,,Medium likelihood. GFM positive 5% HEFAS negative ?km web: no specific flood news found for this year
Windmill_Oilfield,0,0.0,,1,52.0,2022-12,1,20.0,49.0,139.38164,-27.934761,,0.0,False,0.0,0.0,,Low likelihood. GFM negative 0% HEFAS negative ?km web: no specific flood news found for this year
Winnipeg_North,0,0.0,,0,0.0,,0,0.0,0.0,-97.198854,49.905723,,0.0,False,0.0,0.0,,Low likelihood. GFM negative 0% HEFAS negative ?km web: no specific flood news found for this year
Winnipeg_South,0,0.0,,0,0.0,,0,0.0,0.0,-97.174053,49.827975,,0.0,False,0.0,0.0,,Low likelihood. GFM negative 0% HEFAS negative ?km web: no specific flood news found for this year
Winnipeg_Terminal,0,0.0,,0,0.0,,0,0.0,0.0,-97.046433,49.981458,,0.0,False,0.0,0.0,,Low likelihood. GFM negative 0% HEFAS negative ?km web: no specific flood news found for this year
Wisconsin_Public_Service_Corporation,0,0.0,,1,77.0,2022-12,1,16.5,49.0,-88.011582,44.518415,,0.0,False,0.0,0.0,,Low likelihood. GFM negative 0% HEFAS negative ?km web: no specific flood news found for this year
Woodenhouse_11-29-86-23w4,0,0.0,,1,21.0,2022-12,1,22.7,49.0,-113.60408,56.488163,,0.0,False,0.0,0.0,,Low likelihood. GFM negative 0% HEFAS negative ?km web: no specific flood news found for this year
Woodenhouse_Bitumen_Battery_03-29-086-23W4,0,0.0,,1,28.0,2022-12,1,22.3,49.0,-113.604153,56.480903,,0.0,False,0.0,0.0,,Low likelihood. GFM negative 0% HEFAS negative ?km web: no specific flood news found for this year
Woodenhouse_Bitumen_Battery_11-20-086-23W4,0,0.0,,1,33.0,2022-12,1,21.6,49.0,-113.603995,56.473488,,0.0,False,0.0,0.0,,Low likelihood. GFM negative 0% HEFAS negative ?km web: no specific flood news found for this year
Wrigley_Station,1,9.0,2022-04_2022-05_2022-06,1,53.0,2022-12,1,18.6,100.0,-123.385863,63.193869,,0.0,False,0.0,0.0,,Medium likelihood. GFM positive 9% HEFAS negative ?km web: no specific flood news found for this year
XCEL_ENERGY_BLACK_DOG_GENERATING_PLANT,0,0.0,,1,52.0,2022-12,1,9.5,49.0,-93.250257,44.810701,,0.0,False,0.0,0.0,,Low likelihood. GFM negative 0% HEFAS negative ?km web: no specific flood news found for this year
XCEL_ENERGY_RIVERSIDE_GENERATING_PLANT,0,0.0,,1,58.0,2022-12,1,13.2,49.0,-93.274437,45.020135,,0.0,False,0.0,0.0,,Low likelihood. GFM negative 0% HEFAS negative ?km web: no specific flood news found for this year
YALE_SECURITY_INC._-_YALE_COMMERCIAL_FACILITY,0,0.0,2022-05,1,77.0,2022-12,1,11.8,100.0,-84.265671,35.787531,,0.0,False,0.0,0.0,,Low likelihood. GFM negative 0% HEFAS negative ?km web: no specific flood news found for this year
YARA_ITALIA_SPA_-_STABILIMENTO_DI_FERRARA_0,0,0.0,2022-04,1,44.0,2022-12,1,22.6,70.0,11.592112,44.856041,,13.0,True,0.0474910394265232,4.0,3.8,Medium likelihood. GFM negative 0% HEFAS positive 4km web: Po Valley high water mid-Nov 2019 (Rovigo cleanup 2019-11-18) https://video.storyful.com/record/467
YARA_ITALIA_SPA_-_STABILIMENTO_DI_FERRARA_1,0,0.0,2022-04,1,44.0,2022-12,1,22.6,70.0,11.592112,44.856041,,13.0,True,0.0474910394265232,4.0,3.8,Medium likelihood. GFM negative 0% HEFAS positive 4km web: Po Valley high water mid-Nov 2019 (Rovigo cleanup 2019-11-18) https://video.storyful.com/record/467
Yara_Vlaardingen_BV_0,0,0.0,,1,65.0,2022-12,1,22.6,49.0,4.325612,51.898786,,0.0,False,-2.0,-2.0,84.2,Low likelihood. GFM negative 0% HEFAS negative 84km web: no specific flood news found for this year
Yara_Vlaardingen_BV_1,0,0.0,,1,65.0,2022-12,1,22.6,49.0,4.325612,51.898786,,0.0,False,-2.0,-2.0,84.2,Low likelihood. GFM negative 0% HEFAS negative 84km web: no specific flood news found for this year
ZOETIS_LLC,0,0.0,,1,81.0,2022-12,1,6.9,49.0,-81.313378,39.353301,,0.0,False,0.0,0.0,,Low likelihood. GFM negative 0% HEFAS negative ?km web: no specific flood news found for this year
iLevel_by_Weyerhaeuser_Vancouver_Plant,0,0.0,,1,62.0,2022-12,1,14.4,49.0,-122.946368,49.163774,,0.0,False,0.0,0.0,,Low likelihood. GFM negative 0% HEFAS negative ?km web: no specific flood news found for this year
in_p_ship_with_Vacuum_Oil_Co._t_a_CSR_Emoleum_0,1,3.0,2022-09_2022-10_2022-11,1,41.0,2022-12,1,21.9,90.0,146.890109,-36.107008,,0.0,False,0.0,0.0,,Medium likelihood. GFM positive 3% HEFAS negative ?km web: no specific flood news found for this year
in_p_ship_with_Vacuum_Oil_Co._t_a_CSR_Emoleum_1,1,7.0,2022-01_2022-02_2022-03_2022-09,1,9.0,2022-12,1,31.5,100.0,145.307132,-36.356476,,0.0,False,0.0,0.0,,Medium likelihood. GFM positive 7% HEFAS negative ?km web: no specific flood news found for this year
,0,0.0,,1,63.0,2022-12,0,0.0,0.0,-105.547724,50.391298,,,False,,,,Low likelihood. GFM negative 0% HEFAS negative ?km web: no specific flood news found for this year
thyssenkrupp_Steel_Europe_AG_Werk_H_ttenheim,1,2.0,2022-04_2022-05,1,55.0,2022-12,1,20.7,87.0,6.713008,51.364117,,8.0,True,0.0001194743130226,2.0,9.6,High likelihood. GFM positive 2% HEFAS positive 10km web: no specific flood news found for this year
thyssenkrupp_Steel_Europe_AG_Werk_Kokerei_Schwelgern,0,0.0,2022-08,1,63.0,2022-12,1,19.1,73.0,6.72879,51.500999,,11.0,True,0.0472819593787335,3.0,5.1,Medium likelihood. GFM negative 0% HEFAS positive 5km web: no specific flood news found for this year
thyssenkrupp_Steel_Europe_AG_Werk_Ruhrort,1,1.0,2022-01_2022-02_2022-05_2022-09_2022-10_2022-12,1,64.0,2022-12,1,21.0,100.0,6.731026,51.460316,,10.0,True,0.0260454002389486,2.0,0.6,High likelihood. GFM positive 1% HEFAS positive 1km web: no specific flood news found for this year
voestalpine_Automotive_Components_Bunschoten_B.V.,1,1.0,2022-04,1,13.0,2022-12,1,33.5,99.0,5.372502,52.227953,,7.0,True,-0.6537037037037037,2.0,66.1,High likelihood. GFM positive 1% HEFAS positive 66km web: no specific flood news found for this year
voestalpine_Giesserei_Linz_GmbH,0,0.0,,1,70.0,2022-12,1,14.2,49.0,14.343467,48.275071,,9.0,True,0.0255077658303464,2.0,26.5,Medium likelihood. GFM negative 0% HEFAS positive 26km web: no specific flood news found for this year
voestalpine_Stahl_GmbH_0,0,0.0,,1,72.0,2022-12,1,13.6,49.0,14.343085,48.281917,,9.0,True,0.0255077658303464,2.0,27.2,Medium likelihood. GFM negative 0% HEFAS positive 27km web: no specific flood news found for this year
voestalpine_Stahl_GmbH_1,0,0.0,,1,71.0,2022-12,1,13.7,49.0,14.339966,48.283995,,9.0,True,0.0255077658303464,2.0,27.5,Medium likelihood. GFM negative 0% HEFAS positive 28km web: no specific flood news found for this year
voestalpine_Wire_Austria_GmbH,0,0.0,,1,89.0,2022-12,1,6.2,49.0,15.277795,47.410843,,5.0,True,0.0161887694145758,2.0,0.3,Medium likelihood. GFM negative 0% HEFAS positive 0km web: no specific flood news found for this year
